g,s,lat,lon
urn:gleaner.io:eco:earthchem:data:047e78a61137bd5cea4391dae7a5474cf04f7c02,https://gleaner.io/xid/genid/daj5t00jo11s73e2sepg,40.6648488,-77.9072458
urn:gleaner.io:eco:earthchem:data:047e78a61137bd5cea4391dae7a5474cf04f7c02,https://gleaner.io/xid/genid/daj5t00jo11s73e2ser0,40.664761,-77.9069969
urn:gleaner.io:eco:earthchem:data:0eda3067a38a466bbb9cae8871f3ac9a7c53d3ff,https://gleaner.io/xid/genid/daj5t18jo11s73e2ukn0,40.6647688,-77.904123
urn:gleaner.io:eco:earthchem:data:0eda3067a38a466bbb9cae8871f3ac9a7c53d3ff,https://gleaner.io/xid/genid/daj5t18jo11s73e2ukng,40.6648488,-77.9072458
urn:gleaner.io:eco:earthchem:data:0eda3067a38a466bbb9cae8871f3ac9a7c53d3ff,https://gleaner.io/xid/genid/daj5t18jo11s73e2ukmg,40.6647109,-77.9069217
urn:gleaner.io:eco:earthchem:data:0eda3067a38a466bbb9cae8871f3ac9a7c53d3ff,https://gleaner.io/xid/genid/daj5t18jo11s73e2ukhg,40.6647061,-77.9070646
urn:gleaner.io:eco:earthchem:data:0eda3067a38a466bbb9cae8871f3ac9a7c53d3ff,https://gleaner.io/xid/genid/daj5t18jo11s73e2uki0,40.664761,-77.9069969
urn:gleaner.io:eco:earthchem:data:0eda3067a38a466bbb9cae8871f3ac9a7c53d3ff,https://gleaner.io/xid/genid/daj5t18jo11s73e2ukh0,40.664476,-77.90517
urn:gleaner.io:eco:earthchem:data:11f982174b059ac0d9bfeb3336e9e61178ca05dc,https://gleaner.io/xid/genid/daj5t1gjo11s73e2uv5g,40.6638863,-77.9063721
urn:gleaner.io:eco:earthchem:data:11f982174b059ac0d9bfeb3336e9e61178ca05dc,https://gleaner.io/xid/genid/daj5t1gjo11s73e2uv60,40.6641887,-77.9063285
urn:gleaner.io:eco:earthchem:data:11f982174b059ac0d9bfeb3336e9e61178ca05dc,https://gleaner.io/xid/genid/daj5t1gjo11s73e2uv6g,40.6644664,-77.9062619
urn:gleaner.io:eco:earthchem:data:154bed8e07c2cbf4b163ccfb87dbab658368a055,https://gleaner.io/xid/genid/daj5t1ojo11s73e2vb10,40.6657515,-77.9040044
urn:gleaner.io:eco:earthchem:data:154bed8e07c2cbf4b163ccfb87dbab658368a055,https://gleaner.io/xid/genid/daj5t1ojo11s73e2vb1g,44.292914,-72.093556
urn:gleaner.io:eco:earthchem:data:1a1d3f0bc17c3d330c282532bde68790d9181e84,https://gleaner.io/xid/genid/daj5t20jo11s73e2vvjg,40.66391666666667,-77.9057833333333
urn:gleaner.io:eco:earthchem:data:1a1d3f0bc17c3d330c282532bde68790d9181e84,https://gleaner.io/xid/genid/daj5t20jo11s73e2vvk0,40.6641,-77.90631666666667
urn:gleaner.io:eco:earthchem:data:1a1d3f0bc17c3d330c282532bde68790d9181e84,https://gleaner.io/xid/genid/daj5t20jo11s73e2vvkg,40.66426666666666,-77.90628333333333
urn:gleaner.io:eco:earthchem:data:1a1d3f0bc17c3d330c282532bde68790d9181e84,https://gleaner.io/xid/genid/daj5t20jo11s73e2vvig,40.66373333333333,-77.9053833333333
urn:gleaner.io:eco:earthchem:data:1a1d3f0bc17c3d330c282532bde68790d9181e84,https://gleaner.io/xid/genid/daj5t20jo11s73e2vvfg,40.66433333333333,-77.9055833333333
urn:gleaner.io:eco:earthchem:data:1a1d3f0bc17c3d330c282532bde68790d9181e84,https://gleaner.io/xid/genid/daj5t20jo11s73e2vvj0,40.66386666666666,-77.90633333333334
urn:gleaner.io:eco:earthchem:data:26b2f0be3a7f5e33ba9cc674719707bab6614d52,https://gleaner.io/xid/genid/daj5t5ojo11s73e358hg,40.39737681,-80.03122639
urn:gleaner.io:eco:earthchem:data:26b2f0be3a7f5e33ba9cc674719707bab6614d52,https://gleaner.io/xid/genid/daj5t5ojo11s73e358b0,40.426748,-80.003039
urn:gleaner.io:eco:earthchem:data:26b2f0be3a7f5e33ba9cc674719707bab6614d52,https://gleaner.io/xid/genid/daj5t5ojo11s73e358h0,40.4625942,-79.92745282
urn:gleaner.io:eco:earthchem:data:26b2f0be3a7f5e33ba9cc674719707bab6614d52,https://gleaner.io/xid/genid/daj5t5ojo11s73e358gg,40.4314,-79.97329
urn:gleaner.io:eco:earthchem:data:26b2f0be3a7f5e33ba9cc674719707bab6614d52,https://gleaner.io/xid/genid/daj5t5ojo11s73e358g0,40.468889,-80.022222
urn:gleaner.io:eco:earthchem:data:26b2f0be3a7f5e33ba9cc674719707bab6614d52,https://gleaner.io/xid/genid/daj5t5ojo11s73e358fg,40.4624,-80.030277
urn:gleaner.io:eco:earthchem:data:26b2f0be3a7f5e33ba9cc674719707bab6614d52,https://gleaner.io/xid/genid/daj5t5ojo11s73e358f0,40.4404,-79.99339
urn:gleaner.io:eco:earthchem:data:26b2f0be3a7f5e33ba9cc674719707bab6614d52,https://gleaner.io/xid/genid/daj5t5ojo11s73e358eg,40.412222,-79.936389
urn:gleaner.io:eco:earthchem:data:26b2f0be3a7f5e33ba9cc674719707bab6614d52,https://gleaner.io/xid/genid/daj5t5ojo11s73e358e0,40.4778880909225,-79.955733969
urn:gleaner.io:eco:earthchem:data:26b2f0be3a7f5e33ba9cc674719707bab6614d52,https://gleaner.io/xid/genid/daj5t5ojo11s73e358dg,40.4609,-80.0419
urn:gleaner.io:eco:earthchem:data:26b2f0be3a7f5e33ba9cc674719707bab6614d52,https://gleaner.io/xid/genid/daj5t5ojo11s73e358d0,40.404444,-80.014444
urn:gleaner.io:eco:earthchem:data:26b2f0be3a7f5e33ba9cc674719707bab6614d52,https://gleaner.io/xid/genid/daj5t5ojo11s73e358c0,40.485,-79.966667
urn:gleaner.io:eco:earthchem:data:26b2f0be3a7f5e33ba9cc674719707bab6614d52,https://gleaner.io/xid/genid/daj5t5ojo11s73e358bg,40.4838875981381,-79.95546781
urn:gleaner.io:eco:earthchem:data:26b2f0be3a7f5e33ba9cc674719707bab6614d52,https://gleaner.io/xid/genid/daj5t5ojo11s73e358i0,40.418955896596,-79.99318517
urn:gleaner.io:eco:earthchem:data:26b2f0be3a7f5e33ba9cc674719707bab6614d52,https://gleaner.io/xid/genid/daj5t5ojo11s73e358o0,40.492222,-80.043611
urn:gleaner.io:eco:earthchem:data:26b2f0be3a7f5e33ba9cc674719707bab6614d52,https://gleaner.io/xid/genid/daj5t5ojo11s73e358j0,40.4319,-80.05249
urn:gleaner.io:eco:earthchem:data:26b2f0be3a7f5e33ba9cc674719707bab6614d52,https://gleaner.io/xid/genid/daj5t5ojo11s73e358jg,40.4492,-80.0481
urn:gleaner.io:eco:earthchem:data:26b2f0be3a7f5e33ba9cc674719707bab6614d52,https://gleaner.io/xid/genid/daj5t5ojo11s73e358k0,40.45534782,-79.955754709
urn:gleaner.io:eco:earthchem:data:26b2f0be3a7f5e33ba9cc674719707bab6614d52,https://gleaner.io/xid/genid/daj5t5ojo11s73e358kg,40.4555,-80.021109
urn:gleaner.io:eco:earthchem:data:26b2f0be3a7f5e33ba9cc674719707bab6614d52,https://gleaner.io/xid/genid/daj5t5ojo11s73e358l0,40.4559,-79.9932
urn:gleaner.io:eco:earthchem:data:26b2f0be3a7f5e33ba9cc674719707bab6614d52,https://gleaner.io/xid/genid/daj5t5ojo11s73e358lg,40.4625942,-79.936886779
urn:gleaner.io:eco:earthchem:data:26b2f0be3a7f5e33ba9cc674719707bab6614d52,https://gleaner.io/xid/genid/daj5t5ojo11s73e358m0,40.47,-79.9935
urn:gleaner.io:eco:earthchem:data:26b2f0be3a7f5e33ba9cc674719707bab6614d52,https://gleaner.io/xid/genid/daj5t5ojo11s73e358mg,40.470833,-80.01277
urn:gleaner.io:eco:earthchem:data:26b2f0be3a7f5e33ba9cc674719707bab6614d52,https://gleaner.io/xid/genid/daj5t5ojo11s73e358n0,40.47708695,-79.955754709
urn:gleaner.io:eco:earthchem:data:26b2f0be3a7f5e33ba9cc674719707bab6614d52,https://gleaner.io/xid/genid/daj5t5ojo11s73e358ng,40.4838,-80.0126
urn:gleaner.io:eco:earthchem:data:26b2f0be3a7f5e33ba9cc674719707bab6614d52,https://gleaner.io/xid/genid/daj5t5ojo11s73e358ig,40.4318,-80.018
urn:gleaner.io:eco:earthchem:data:26b2f0be3a7f5e33ba9cc674719707bab6614d52,https://gleaner.io/xid/genid/daj5t5ojo11s73e358a0,40.47708695,-79.92745282
urn:gleaner.io:eco:earthchem:data:26b2f0be3a7f5e33ba9cc674719707bab6614d52,https://gleaner.io/xid/genid/daj5t5ojo11s73e358ag,40.406389,-79.928889
urn:gleaner.io:eco:earthchem:data:26b2f0be3a7f5e33ba9cc674719707bab6614d52,https://gleaner.io/xid/genid/daj5t5ojo11s73e357p0,40.397222,-79.992778
urn:gleaner.io:eco:earthchem:data:26b2f0be3a7f5e33ba9cc674719707bab6614d52,https://gleaner.io/xid/genid/daj5t5ojo11s73e357pg,40.438333,-79.9347219
urn:gleaner.io:eco:earthchem:data:26b2f0be3a7f5e33ba9cc674719707bab6614d52,https://gleaner.io/xid/genid/daj5t5ojo11s73e357q0,40.4416,-80.0048
urn:gleaner.io:eco:earthchem:data:26b2f0be3a7f5e33ba9cc674719707bab6614d52,https://gleaner.io/xid/genid/daj5t5ojo11s73e357qg,40.411944,-79.976389
urn:gleaner.io:eco:earthchem:data:26b2f0be3a7f5e33ba9cc674719707bab6614d52,https://gleaner.io/xid/genid/daj5t5ojo11s73e357r0,40.46984058,-79.96518867
urn:gleaner.io:eco:earthchem:data:26b2f0be3a7f5e33ba9cc674719707bab6614d52,https://gleaner.io/xid/genid/daj5t5ojo11s73e357s0,40.403611,-79.993056
urn:gleaner.io:eco:earthchem:data:26b2f0be3a7f5e33ba9cc674719707bab6614d52,https://gleaner.io/xid/genid/daj5t5ojo11s73e357tg,40.40462318,-80.03122639
urn:gleaner.io:eco:earthchem:data:26b2f0be3a7f5e33ba9cc674719707bab6614d52,https://gleaner.io/xid/genid/daj5t5ojo11s73e357u0,40.456389,-80.024167
urn:gleaner.io:eco:earthchem:data:26b2f0be3a7f5e33ba9cc674719707bab6614d52,https://gleaner.io/xid/genid/daj5t5ojo11s73e3581g,40.43360869,-79.9558
urn:gleaner.io:eco:earthchem:data:26b2f0be3a7f5e33ba9cc674719707bab6614d52,https://gleaner.io/xid/genid/daj5t5ojo11s73e35820,40.4625,-79.983889
urn:gleaner.io:eco:earthchem:data:26b2f0be3a7f5e33ba9cc674719707bab6614d52,https://gleaner.io/xid/genid/daj5t5ojo11s73e3582g,40.5025,-79.994722
urn:gleaner.io:eco:earthchem:data:26b2f0be3a7f5e33ba9cc674719707bab6614d52,https://gleaner.io/xid/genid/daj5t5ojo11s73e35830,40.4219,-80.029929
urn:gleaner.io:eco:earthchem:data:26b2f0be3a7f5e33ba9cc674719707bab6614d52,https://gleaner.io/xid/genid/daj5t5ojo11s73e35840,40.455282,-79.973389
urn:gleaner.io:eco:earthchem:data:26b2f0be3a7f5e33ba9cc674719707bab6614d52,https://gleaner.io/xid/genid/daj5t5ojo11s73e3583g,40.4346,-80.03372
urn:gleaner.io:eco:earthchem:data:26b2f0be3a7f5e33ba9cc674719707bab6614d52,https://gleaner.io/xid/genid/daj5t5ojo11s73e3589g,40.47708695,-79.94632075
urn:gleaner.io:eco:earthchem:data:26b2f0be3a7f5e33ba9cc674719707bab6614d52,https://gleaner.io/xid/genid/daj5t5ojo11s73e35890,40.43360869,-79.96518867
urn:gleaner.io:eco:earthchem:data:26b2f0be3a7f5e33ba9cc674719707bab6614d52,https://gleaner.io/xid/genid/daj5t5ojo11s73e3588g,40.41424,-80.03994
urn:gleaner.io:eco:earthchem:data:26b2f0be3a7f5e33ba9cc674719707bab6614d52,https://gleaner.io/xid/genid/daj5t5ojo11s73e35880,40.401944,-79.944444
urn:gleaner.io:eco:earthchem:data:26b2f0be3a7f5e33ba9cc674719707bab6614d52,https://gleaner.io/xid/genid/daj5t5ojo11s73e35870,40.4125,-79.933333
urn:gleaner.io:eco:earthchem:data:26b2f0be3a7f5e33ba9cc674719707bab6614d52,https://gleaner.io/xid/genid/daj5t5ojo11s73e3586g,40.469722,-79.991389
urn:gleaner.io:eco:earthchem:data:26b2f0be3a7f5e33ba9cc674719707bab6614d52,https://gleaner.io/xid/genid/daj5t5ojo11s73e35860,40.4615,-80.00369
urn:gleaner.io:eco:earthchem:data:26b2f0be3a7f5e33ba9cc674719707bab6614d52,https://gleaner.io/xid/genid/daj5t5ojo11s73e3585g,40.4847,-80.0318
urn:gleaner.io:eco:earthchem:data:26b2f0be3a7f5e33ba9cc674719707bab6614d52,https://gleaner.io/xid/genid/daj5t5ojo11s73e35850,40.463,-79.9838
urn:gleaner.io:eco:earthchem:data:26b2f0be3a7f5e33ba9cc674719707bab6614d52,https://gleaner.io/xid/genid/daj5t5ojo11s73e3584g,40.433611,-79.946389
urn:gleaner.io:eco:earthchem:data:27f3de72de6389e27e3be06be3e33b1805d957d5,https://gleaner.io/xid/genid/daj5t60jo11s73e35esg,40.6658,-77.409017
urn:gleaner.io:eco:earthchem:data:2d183d86bfd83026b64c5473b96b72ed695724f5,https://gleaner.io/xid/genid/daj5t6gjo11s73e36280,40.63587,-77.94251
urn:gleaner.io:eco:earthchem:data:2d183d86bfd83026b64c5473b96b72ed695724f5,https://gleaner.io/xid/genid/daj5t6gjo11s73e3628g,40.63589,-77.94214
urn:gleaner.io:eco:earthchem:data:2d183d86bfd83026b64c5473b96b72ed695724f5,https://gleaner.io/xid/genid/daj5t6gjo11s73e36290,40.635912,-77.942201
urn:gleaner.io:eco:earthchem:data:2d183d86bfd83026b64c5473b96b72ed695724f5,https://gleaner.io/xid/genid/daj5t6gjo11s73e3629g,40.63623,-77.9424
urn:gleaner.io:eco:earthchem:data:2d183d86bfd83026b64c5473b96b72ed695724f5,https://gleaner.io/xid/genid/daj5t6gjo11s73e362a0,40.63641,-77.94223
urn:gleaner.io:eco:earthchem:data:2d183d86bfd83026b64c5473b96b72ed695724f5,https://gleaner.io/xid/genid/daj5t6gjo11s73e362ag,40.63642,-77.94222
urn:gleaner.io:eco:earthchem:data:2d183d86bfd83026b64c5473b96b72ed695724f5,https://gleaner.io/xid/genid/daj5t6gjo11s73e362b0,40.636857,-77.942741
urn:gleaner.io:eco:earthchem:data:2d183d86bfd83026b64c5473b96b72ed695724f5,https://gleaner.io/xid/genid/daj5t6gjo11s73e3626g,40.63551,-77.942023
urn:gleaner.io:eco:earthchem:data:2d183d86bfd83026b64c5473b96b72ed695724f5,https://gleaner.io/xid/genid/daj5t6gjo11s73e36270,40.635703,-77.942138
urn:gleaner.io:eco:earthchem:data:2d183d86bfd83026b64c5473b96b72ed695724f5,https://gleaner.io/xid/genid/daj5t6gjo11s73e3627g,40.635846,-77.942376
urn:gleaner.io:eco:earthchem:data:2d183d86bfd83026b64c5473b96b72ed695724f5,https://gleaner.io/xid/genid/daj5t6gjo11s73e36260,40.635019,-77.941936
urn:gleaner.io:eco:earthchem:data:2d183d86bfd83026b64c5473b96b72ed695724f5,https://gleaner.io/xid/genid/daj5t6gjo11s73e3625g,40.6349,-77.941192
urn:gleaner.io:eco:earthchem:data:2d183d86bfd83026b64c5473b96b72ed695724f5,https://gleaner.io/xid/genid/daj5t6gjo11s73e36250,40.633555,-77.94194
urn:gleaner.io:eco:earthchem:data:2d183d86bfd83026b64c5473b96b72ed695724f5,https://gleaner.io/xid/genid/daj5t6gjo11s73e36240,40.6362,-77.94234
urn:gleaner.io:eco:earthchem:data:2d183d86bfd83026b64c5473b96b72ed695724f5,https://gleaner.io/xid/genid/daj5t6gjo11s73e3623g,40.63617,-77.9424
urn:gleaner.io:eco:earthchem:data:38864d7d576b520919531e224177673496daa9f9,https://gleaner.io/xid/genid/daj5t9gjo11s73e3aesg,39.64703,-74.17377
urn:gleaner.io:eco:earthchem:data:38864d7d576b520919531e224177673496daa9f9,https://gleaner.io/xid/genid/daj5t9gjo11s73e3af00,39.94085,-74.06963
urn:gleaner.io:eco:earthchem:data:38864d7d576b520919531e224177673496daa9f9,https://gleaner.io/xid/genid/daj5t9gjo11s73e3aevg,39.94058,-74.0697
urn:gleaner.io:eco:earthchem:data:38864d7d576b520919531e224177673496daa9f9,https://gleaner.io/xid/genid/daj5t9gjo11s73e3aev0,39.94032,-74.06977
urn:gleaner.io:eco:earthchem:data:38864d7d576b520919531e224177673496daa9f9,https://gleaner.io/xid/genid/daj5t9gjo11s73e3aeug,39.9305,-74.07833
urn:gleaner.io:eco:earthchem:data:38864d7d576b520919531e224177673496daa9f9,https://gleaner.io/xid/genid/daj5t9gjo11s73e3aeu0,39.64765,-74.17328
urn:gleaner.io:eco:earthchem:data:38864d7d576b520919531e224177673496daa9f9,https://gleaner.io/xid/genid/daj5t9gjo11s73e3aetg,39.64745,-74.17343
urn:gleaner.io:eco:earthchem:data:38864d7d576b520919531e224177673496daa9f9,https://gleaner.io/xid/genid/daj5t9gjo11s73e3aet0,39.64723,-74.17358
urn:gleaner.io:eco:earthchem:data:38864d7d576b520919531e224177673496daa9f9,https://gleaner.io/xid/genid/daj5t9gjo11s73e3af10,39.94135,-74.06947
urn:gleaner.io:eco:earthchem:data:38864d7d576b520919531e224177673496daa9f9,https://gleaner.io/xid/genid/daj5t9gjo11s73e3aes0,39.64682,-74.17397
urn:gleaner.io:eco:earthchem:data:38864d7d576b520919531e224177673496daa9f9,https://gleaner.io/xid/genid/daj5t9gjo11s73e3aerg,39.3372,-74.47497
urn:gleaner.io:eco:earthchem:data:38864d7d576b520919531e224177673496daa9f9,https://gleaner.io/xid/genid/daj5t9gjo11s73e3aer0,39.337,-74.47525
urn:gleaner.io:eco:earthchem:data:38864d7d576b520919531e224177673496daa9f9,https://gleaner.io/xid/genid/daj5t9gjo11s73e3aeqg,39.3368,-74.47567
urn:gleaner.io:eco:earthchem:data:38864d7d576b520919531e224177673496daa9f9,https://gleaner.io/xid/genid/daj5t9gjo11s73e3aeq0,39.33667,-74.47595
urn:gleaner.io:eco:earthchem:data:38864d7d576b520919531e224177673496daa9f9,https://gleaner.io/xid/genid/daj5t9gjo11s73e3aepg,39.3365,-74.47625
urn:gleaner.io:eco:earthchem:data:38864d7d576b520919531e224177673496daa9f9,https://gleaner.io/xid/genid/daj5t9gjo11s73e3aep0,38.9143,-75.30472
urn:gleaner.io:eco:earthchem:data:38864d7d576b520919531e224177673496daa9f9,https://gleaner.io/xid/genid/daj5t9gjo11s73e3af0g,39.94117,-74.06955
urn:gleaner.io:eco:earthchem:data:38864d7d576b520919531e224177673496daa9f9,https://gleaner.io/xid/genid/daj5t9gjo11s73e3af1g,40.20905,-74.0031
urn:gleaner.io:eco:earthchem:data:38864d7d576b520919531e224177673496daa9f9,https://gleaner.io/xid/genid/daj5t9gjo11s73e3af20,40.20932,-74.0029
urn:gleaner.io:eco:earthchem:data:38864d7d576b520919531e224177673496daa9f9,https://gleaner.io/xid/genid/daj5t9gjo11s73e3af2g,40.20965,-74.00273
urn:gleaner.io:eco:earthchem:data:38864d7d576b520919531e224177673496daa9f9,https://gleaner.io/xid/genid/daj5t9gjo11s73e3af30,40.2099,-74.00262
urn:gleaner.io:eco:earthchem:data:38864d7d576b520919531e224177673496daa9f9,https://gleaner.io/xid/genid/daj5t9gjo11s73e3af3g,40.21015,-74.00253
urn:gleaner.io:eco:earthchem:data:38864d7d576b520919531e224177673496daa9f9,https://gleaner.io/xid/genid/daj5t9gjo11s73e3af40,40.24015,-73.99358
urn:gleaner.io:eco:earthchem:data:38864d7d576b520919531e224177673496daa9f9,https://gleaner.io/xid/genid/daj5t9gjo11s73e3af4g,40.2405,-73.99338
urn:gleaner.io:eco:earthchem:data:38864d7d576b520919531e224177673496daa9f9,https://gleaner.io/xid/genid/daj5t9gjo11s73e3af50,40.24075,-73.99335
urn:gleaner.io:eco:earthchem:data:38864d7d576b520919531e224177673496daa9f9,https://gleaner.io/xid/genid/daj5t9gjo11s73e3af5g,40.58277,-73.81463
urn:gleaner.io:eco:earthchem:data:38864d7d576b520919531e224177673496daa9f9,https://gleaner.io/xid/genid/daj5t9gjo11s73e3af60,40.58287,-73.81418
urn:gleaner.io:eco:earthchem:data:38864d7d576b520919531e224177673496daa9f9,https://gleaner.io/xid/genid/daj5t9gjo11s73e3af6g,40.58298,-73.81343
urn:gleaner.io:eco:earthchem:data:38864d7d576b520919531e224177673496daa9f9,https://gleaner.io/xid/genid/daj5t9gjo11s73e3af70,40.5832,-73.81255
urn:gleaner.io:eco:earthchem:data:38864d7d576b520919531e224177673496daa9f9,https://gleaner.io/xid/genid/daj5t9gjo11s73e3ae9g,36.8494,-75.9723
urn:gleaner.io:eco:earthchem:data:38864d7d576b520919531e224177673496daa9f9,https://gleaner.io/xid/genid/daj5t9gjo11s73e3af7g,40.63015,-73.34022
urn:gleaner.io:eco:earthchem:data:38864d7d576b520919531e224177673496daa9f9,https://gleaner.io/xid/genid/daj5t9gjo11s73e3aeh0,38.39562,-75.06022
urn:gleaner.io:eco:earthchem:data:38864d7d576b520919531e224177673496daa9f9,https://gleaner.io/xid/genid/daj5t9gjo11s73e3afo0,41.66452,-70.17735
urn:gleaner.io:eco:earthchem:data:38864d7d576b520919531e224177673496daa9f9,https://gleaner.io/xid/genid/daj5t9gjo11s73e3aea0,36.91959,-76.05424
urn:gleaner.io:eco:earthchem:data:38864d7d576b520919531e224177673496daa9f9,https://gleaner.io/xid/genid/daj5t9gjo11s73e3aeag,36.95551,-76.25128
urn:gleaner.io:eco:earthchem:data:38864d7d576b520919531e224177673496daa9f9,https://gleaner.io/xid/genid/daj5t9gjo11s73e3aeb0,37.16763,-75.98798
urn:gleaner.io:eco:earthchem:data:38864d7d576b520919531e224177673496daa9f9,https://gleaner.io/xid/genid/daj5t9gjo11s73e3aebg,37.16797,-75.98788
urn:gleaner.io:eco:earthchem:data:38864d7d576b520919531e224177673496daa9f9,https://gleaner.io/xid/genid/daj5t9gjo11s73e3aec0,37.16808,-75.98785
urn:gleaner.io:eco:earthchem:data:38864d7d576b520919531e224177673496daa9f9,https://gleaner.io/xid/genid/daj5t9gjo11s73e3aecg,37.1683,-75.98778
urn:gleaner.io:eco:earthchem:data:38864d7d576b520919531e224177673496daa9f9,https://gleaner.io/xid/genid/daj5t9gjo11s73e3aed0,37.16862,-75.9877
urn:gleaner.io:eco:earthchem:data:38864d7d576b520919531e224177673496daa9f9,https://gleaner.io/xid/genid/daj5t9gjo11s73e3aedg,37.88777,-75.34348
urn:gleaner.io:eco:earthchem:data:38864d7d576b520919531e224177673496daa9f9,https://gleaner.io/xid/genid/daj5t9gjo11s73e3aee0,37.88802,-75.34332
urn:gleaner.io:eco:earthchem:data:38864d7d576b520919531e224177673496daa9f9,https://gleaner.io/xid/genid/daj5t9gjo11s73e3aeeg,37.88818,-75.3432
urn:gleaner.io:eco:earthchem:data:38864d7d576b520919531e224177673496daa9f9,https://gleaner.io/xid/genid/daj5t9gjo11s73e3aef0,37.8884,-75.34308
urn:gleaner.io:eco:earthchem:data:38864d7d576b520919531e224177673496daa9f9,https://gleaner.io/xid/genid/daj5t9gjo11s73e3aefg,37.8886,-75.34297
urn:gleaner.io:eco:earthchem:data:38864d7d576b520919531e224177673496daa9f9,https://gleaner.io/xid/genid/daj5t9gjo11s73e3aeg0,37.935,-75.41988
urn:gleaner.io:eco:earthchem:data:38864d7d576b520919531e224177673496daa9f9,https://gleaner.io/xid/genid/daj5t9gjo11s73e3aegg,38.39523,-75.06035
urn:gleaner.io:eco:earthchem:data:38864d7d576b520919531e224177673496daa9f9,https://gleaner.io/xid/genid/daj5t9gjo11s73e3aeog,38.91413,-75.30455
urn:gleaner.io:eco:earthchem:data:38864d7d576b520919531e224177673496daa9f9,https://gleaner.io/xid/genid/daj5t9gjo11s73e3aehg,38.39613,-75.06008
urn:gleaner.io:eco:earthchem:data:38864d7d576b520919531e224177673496daa9f9,https://gleaner.io/xid/genid/daj5t9gjo11s73e3aei0,38.39637,-75.06
urn:gleaner.io:eco:earthchem:data:38864d7d576b520919531e224177673496daa9f9,https://gleaner.io/xid/genid/daj5t9gjo11s73e3aeig,38.54028,-75.05328
urn:gleaner.io:eco:earthchem:data:38864d7d576b520919531e224177673496daa9f9,https://gleaner.io/xid/genid/daj5t9gjo11s73e3aej0,38.54052,-75.05333
urn:gleaner.io:eco:earthchem:data:38864d7d576b520919531e224177673496daa9f9,https://gleaner.io/xid/genid/daj5t9gjo11s73e3aejg,38.54082,-75.05338
urn:gleaner.io:eco:earthchem:data:38864d7d576b520919531e224177673496daa9f9,https://gleaner.io/xid/genid/daj5t9gjo11s73e3aek0,38.54102,-75.0534
urn:gleaner.io:eco:earthchem:data:38864d7d576b520919531e224177673496daa9f9,https://gleaner.io/xid/genid/daj5t9gjo11s73e3aekg,38.54127,-75.05347
urn:gleaner.io:eco:earthchem:data:38864d7d576b520919531e224177673496daa9f9,https://gleaner.io/xid/genid/daj5t9gjo11s73e3ael0,38.54587,-75.06013
urn:gleaner.io:eco:earthchem:data:38864d7d576b520919531e224177673496daa9f9,https://gleaner.io/xid/genid/daj5t9gjo11s73e3aelg,38.67727,-75.0687
urn:gleaner.io:eco:earthchem:data:38864d7d576b520919531e224177673496daa9f9,https://gleaner.io/xid/genid/daj5t9gjo11s73e3aem0,38.67753,-75.06872
urn:gleaner.io:eco:earthchem:data:38864d7d576b520919531e224177673496daa9f9,https://gleaner.io/xid/genid/daj5t9gjo11s73e3aemg,38.67777,-75.06877
urn:gleaner.io:eco:earthchem:data:38864d7d576b520919531e224177673496daa9f9,https://gleaner.io/xid/genid/daj5t9gjo11s73e3aen0,38.67805,-75.06885
urn:gleaner.io:eco:earthchem:data:38864d7d576b520919531e224177673496daa9f9,https://gleaner.io/xid/genid/daj5t9gjo11s73e3aeng,38.67829,-75.0689
urn:gleaner.io:eco:earthchem:data:38864d7d576b520919531e224177673496daa9f9,https://gleaner.io/xid/genid/daj5t9gjo11s73e3aeo0,38.91388,-75.30437
urn:gleaner.io:eco:earthchem:data:38864d7d576b520919531e224177673496daa9f9,https://gleaner.io/xid/genid/daj5t9gjo11s73e3afvg,42.0536,-70.0806
urn:gleaner.io:eco:earthchem:data:38864d7d576b520919531e224177673496daa9f9,https://gleaner.io/xid/genid/daj5t9gjo11s73e3afng,41.65188,-70.13495
urn:gleaner.io:eco:earthchem:data:38864d7d576b520919531e224177673496daa9f9,https://gleaner.io/xid/genid/daj5t9gjo11s73e3afog,41.6678,-70.03795
urn:gleaner.io:eco:earthchem:data:38864d7d576b520919531e224177673496daa9f9,https://gleaner.io/xid/genid/daj5t9gjo11s73e3afp0,41.79967,-69.97173
urn:gleaner.io:eco:earthchem:data:38864d7d576b520919531e224177673496daa9f9,https://gleaner.io/xid/genid/daj5t9gjo11s73e3afpg,41.83507,-69.9735
urn:gleaner.io:eco:earthchem:data:38864d7d576b520919531e224177673496daa9f9,https://gleaner.io/xid/genid/daj5t9gjo11s73e3afq0,41.85552,-69.95028
urn:gleaner.io:eco:earthchem:data:38864d7d576b520919531e224177673496daa9f9,https://gleaner.io/xid/genid/daj5t9gjo11s73e3afqg,41.85585,-69.95042
urn:gleaner.io:eco:earthchem:data:38864d7d576b520919531e224177673496daa9f9,https://gleaner.io/xid/genid/daj5t9gjo11s73e3afr0,41.85623,-69.9505
urn:gleaner.io:eco:earthchem:data:38864d7d576b520919531e224177673496daa9f9,https://gleaner.io/xid/genid/daj5t9gjo11s73e3afrg,41.85653,-69.95062
urn:gleaner.io:eco:earthchem:data:38864d7d576b520919531e224177673496daa9f9,https://gleaner.io/xid/genid/daj5t9gjo11s73e3afs0,41.85688,-69.9507
urn:gleaner.io:eco:earthchem:data:38864d7d576b520919531e224177673496daa9f9,https://gleaner.io/xid/genid/daj5t9gjo11s73e3afsg,41.88943,-69.96172
urn:gleaner.io:eco:earthchem:data:38864d7d576b520919531e224177673496daa9f9,https://gleaner.io/xid/genid/daj5t9gjo11s73e3aft0,41.88978,-69.96187
urn:gleaner.io:eco:earthchem:data:38864d7d576b520919531e224177673496daa9f9,https://gleaner.io/xid/genid/daj5t9gjo11s73e3aftg,41.89013,-69.96195
urn:gleaner.io:eco:earthchem:data:38864d7d576b520919531e224177673496daa9f9,https://gleaner.io/xid/genid/daj5t9gjo11s73e3afu0,41.89052,-69.96205
urn:gleaner.io:eco:earthchem:data:38864d7d576b520919531e224177673496daa9f9,https://gleaner.io/xid/genid/daj5t9gjo11s73e3afug,41.89077,-69.96215
urn:gleaner.io:eco:earthchem:data:38864d7d576b520919531e224177673496daa9f9,https://gleaner.io/xid/genid/daj5t9gjo11s73e3afv0,42.05347,-70.0802
urn:gleaner.io:eco:earthchem:data:38864d7d576b520919531e224177673496daa9f9,https://gleaner.io/xid/genid/daj5t9gjo11s73e3afn0,41.64598,-70.277
urn:gleaner.io:eco:earthchem:data:38864d7d576b520919531e224177673496daa9f9,https://gleaner.io/xid/genid/daj5t9gjo11s73e3ag00,42.05377,-70.08103
urn:gleaner.io:eco:earthchem:data:38864d7d576b520919531e224177673496daa9f9,https://gleaner.io/xid/genid/daj5t9gjo11s73e3ag0g,42.0539,-70.0814
urn:gleaner.io:eco:earthchem:data:38864d7d576b520919531e224177673496daa9f9,https://gleaner.io/xid/genid/daj5t9gjo11s73e3ag10,42.05408,-70.08183
urn:gleaner.io:eco:earthchem:data:38864d7d576b520919531e224177673496daa9f9,https://gleaner.io/xid/genid/daj5t9gjo11s73e3ag1g,42.37693,-70.97028
urn:gleaner.io:eco:earthchem:data:38864d7d576b520919531e224177673496daa9f9,https://gleaner.io/xid/genid/daj5t9gjo11s73e3ag20,42.43512,-70.96968
urn:gleaner.io:eco:earthchem:data:38864d7d576b520919531e224177673496daa9f9,https://gleaner.io/xid/genid/daj5t9gjo11s73e3ag2g,42.4512,-70.93727
urn:gleaner.io:eco:earthchem:data:38864d7d576b520919531e224177673496daa9f9,https://gleaner.io/xid/genid/daj5t9gjo11s73e3ag30,42.46737,-70.92103
urn:gleaner.io:eco:earthchem:data:38864d7d576b520919531e224177673496daa9f9,https://gleaner.io/xid/genid/daj5t9gjo11s73e3ag3g,42.5202,-70.88703
urn:gleaner.io:eco:earthchem:data:38864d7d576b520919531e224177673496daa9f9,https://gleaner.io/xid/genid/daj5t9gjo11s73e3ag40,42.52023,-70.8871
urn:gleaner.io:eco:earthchem:data:38864d7d576b520919531e224177673496daa9f9,https://gleaner.io/xid/genid/daj5t9gjo11s73e3ag4g,42.54637,-70.92022
urn:gleaner.io:eco:earthchem:data:38864d7d576b520919531e224177673496daa9f9,https://gleaner.io/xid/genid/daj5t9gjo11s73e3ag50,43.707278,-69.853222
urn:gleaner.io:eco:earthchem:data:38864d7d576b520919531e224177673496daa9f9,https://gleaner.io/xid/genid/daj5t9gjo11s73e3ag5g,43.71825,-69.852056
urn:gleaner.io:eco:earthchem:data:38864d7d576b520919531e224177673496daa9f9,https://gleaner.io/xid/genid/daj5t9gjo11s73e3ag60,43.754361,-69.783639
urn:gleaner.io:eco:earthchem:data:38864d7d576b520919531e224177673496daa9f9,https://gleaner.io/xid/genid/daj5t9gjo11s73e3ag6g,43.851306,-69.626194
urn:gleaner.io:eco:earthchem:data:38864d7d576b520919531e224177673496daa9f9,https://gleaner.io/xid/genid/daj5t9gjo11s73e3affg,40.9867,-72.53622
urn:gleaner.io:eco:earthchem:data:38864d7d576b520919531e224177673496daa9f9,https://gleaner.io/xid/genid/daj5t9gjo11s73e3af8g,40.63068,-73.33905
urn:gleaner.io:eco:earthchem:data:38864d7d576b520919531e224177673496daa9f9,https://gleaner.io/xid/genid/daj5t9gjo11s73e3af90,40.63083,-73.33865
urn:gleaner.io:eco:earthchem:data:38864d7d576b520919531e224177673496daa9f9,https://gleaner.io/xid/genid/daj5t9gjo11s73e3af9g,40.63207,-73.34105
urn:gleaner.io:eco:earthchem:data:38864d7d576b520919531e224177673496daa9f9,https://gleaner.io/xid/genid/daj5t9gjo11s73e3afa0,40.637,-73.2591
urn:gleaner.io:eco:earthchem:data:38864d7d576b520919531e224177673496daa9f9,https://gleaner.io/xid/genid/daj5t9gjo11s73e3afag,40.63712,-73.25662
urn:gleaner.io:eco:earthchem:data:38864d7d576b520919531e224177673496daa9f9,https://gleaner.io/xid/genid/daj5t9gjo11s73e3afb0,40.6372,-73.25565
urn:gleaner.io:eco:earthchem:data:38864d7d576b520919531e224177673496daa9f9,https://gleaner.io/xid/genid/daj5t9gjo11s73e3afbg,40.798,-72.62728
urn:gleaner.io:eco:earthchem:data:38864d7d576b520919531e224177673496daa9f9,https://gleaner.io/xid/genid/daj5t9gjo11s73e3afc0,40.79812,-72.62688
urn:gleaner.io:eco:earthchem:data:38864d7d576b520919531e224177673496daa9f9,https://gleaner.io/xid/genid/daj5t9gjo11s73e3afcg,40.79812,-72.62652
urn:gleaner.io:eco:earthchem:data:38864d7d576b520919531e224177673496daa9f9,https://gleaner.io/xid/genid/daj5t9gjo11s73e3afd0,40.79833,-72.62598
urn:gleaner.io:eco:earthchem:data:38864d7d576b520919531e224177673496daa9f9,https://gleaner.io/xid/genid/daj5t9gjo11s73e3afdg,40.9259,-72.61823
urn:gleaner.io:eco:earthchem:data:38864d7d576b520919531e224177673496daa9f9,https://gleaner.io/xid/genid/daj5t9gjo11s73e3afe0,40.92595,-72.61692
urn:gleaner.io:eco:earthchem:data:38864d7d576b520919531e224177673496daa9f9,https://gleaner.io/xid/genid/daj5t9gjo11s73e3afeg,40.92617,-72.6177
urn:gleaner.io:eco:earthchem:data:38864d7d576b520919531e224177673496daa9f9,https://gleaner.io/xid/genid/daj5t9gjo11s73e3aff0,40.97795,-72.53077
urn:gleaner.io:eco:earthchem:data:38864d7d576b520919531e224177673496daa9f9,https://gleaner.io/xid/genid/daj5t9gjo11s73e3af80,40.63045,-73.33947
urn:gleaner.io:eco:earthchem:data:38864d7d576b520919531e224177673496daa9f9,https://gleaner.io/xid/genid/daj5t9gjo11s73e3afg0,41.08892,-72.41442
urn:gleaner.io:eco:earthchem:data:38864d7d576b520919531e224177673496daa9f9,https://gleaner.io/xid/genid/daj5t9gjo11s73e3afgg,41.12848,-72.26547
urn:gleaner.io:eco:earthchem:data:38864d7d576b520919531e224177673496daa9f9,https://gleaner.io/xid/genid/daj5t9gjo11s73e3afh0,41.1285,-72.26573
urn:gleaner.io:eco:earthchem:data:38864d7d576b520919531e224177673496daa9f9,https://gleaner.io/xid/genid/daj5t9gjo11s73e3afhg,41.12852,-72.26597
urn:gleaner.io:eco:earthchem:data:38864d7d576b520919531e224177673496daa9f9,https://gleaner.io/xid/genid/daj5t9gjo11s73e3afi0,41.13062,-72.26623
urn:gleaner.io:eco:earthchem:data:38864d7d576b520919531e224177673496daa9f9,https://gleaner.io/xid/genid/daj5t9gjo11s73e3afig,41.15472,-72.24007
urn:gleaner.io:eco:earthchem:data:38864d7d576b520919531e224177673496daa9f9,https://gleaner.io/xid/genid/daj5t9gjo11s73e3afj0,41.32655,-71.75485
urn:gleaner.io:eco:earthchem:data:38864d7d576b520919531e224177673496daa9f9,https://gleaner.io/xid/genid/daj5t9gjo11s73e3afjg,41.3546,-71.96893
urn:gleaner.io:eco:earthchem:data:38864d7d576b520919531e224177673496daa9f9,https://gleaner.io/xid/genid/daj5t9gjo11s73e3afk0,41.3579,-71.96468
urn:gleaner.io:eco:earthchem:data:38864d7d576b520919531e224177673496daa9f9,https://gleaner.io/xid/genid/daj5t9gjo11s73e3afkg,41.37757,-71.96145
urn:gleaner.io:eco:earthchem:data:38864d7d576b520919531e224177673496daa9f9,https://gleaner.io/xid/genid/daj5t9gjo11s73e3afl0,41.45452,-71.34347
urn:gleaner.io:eco:earthchem:data:38864d7d576b520919531e224177673496daa9f9,https://gleaner.io/xid/genid/daj5t9gjo11s73e3aflg,41.4671,-71.45042
urn:gleaner.io:eco:earthchem:data:38864d7d576b520919531e224177673496daa9f9,https://gleaner.io/xid/genid/daj5t9gjo11s73e3afm0,41.63787,-70.21888
urn:gleaner.io:eco:earthchem:data:38864d7d576b520919531e224177673496daa9f9,https://gleaner.io/xid/genid/daj5t9gjo11s73e3afmg,41.64458,-70.19795
urn:gleaner.io:eco:earthchem:data:38864d7d576b520919531e224177673496daa9f9,https://gleaner.io/xid/genid/daj5t9gjo11s73e3ad30,27.83882,-82.89396
urn:gleaner.io:eco:earthchem:data:38864d7d576b520919531e224177673496daa9f9,https://gleaner.io/xid/genid/daj5t9gjo11s73e3acrg,26.453409,-82.013904
urn:gleaner.io:eco:earthchem:data:38864d7d576b520919531e224177673496daa9f9,https://gleaner.io/xid/genid/daj5t9gjo11s73e3acs0,26.454344,-82.015108
urn:gleaner.io:eco:earthchem:data:38864d7d576b520919531e224177673496daa9f9,https://gleaner.io/xid/genid/daj5t9gjo11s73e3acsg,26.46806,-82.02908
urn:gleaner.io:eco:earthchem:data:38864d7d576b520919531e224177673496daa9f9,https://gleaner.io/xid/genid/daj5t9gjo11s73e3act0,26.468481,-82.030265
urn:gleaner.io:eco:earthchem:data:38864d7d576b520919531e224177673496daa9f9,https://gleaner.io/xid/genid/daj5t9gjo11s73e3actg,26.479486,-82.022682
urn:gleaner.io:eco:earthchem:data:38864d7d576b520919531e224177673496daa9f9,https://gleaner.io/xid/genid/daj5t9gjo11s73e3acu0,26.62713,-82.0696
urn:gleaner.io:eco:earthchem:data:38864d7d576b520919531e224177673496daa9f9,https://gleaner.io/xid/genid/daj5t9gjo11s73e3acug,26.70569,-82.15754
urn:gleaner.io:eco:earthchem:data:38864d7d576b520919531e224177673496daa9f9,https://gleaner.io/xid/genid/daj5t9gjo11s73e3acv0,27.06906,-82.44933
urn:gleaner.io:eco:earthchem:data:38864d7d576b520919531e224177673496daa9f9,https://gleaner.io/xid/genid/daj5t9gjo11s73e3acvg,27.074,-82.45
urn:gleaner.io:eco:earthchem:data:38864d7d576b520919531e224177673496daa9f9,https://gleaner.io/xid/genid/daj5t9gjo11s73e3ad00,27.1001,-82.4576
urn:gleaner.io:eco:earthchem:data:38864d7d576b520919531e224177673496daa9f9,https://gleaner.io/xid/genid/daj5t9gjo11s73e3ad0g,27.49685,-82.71287
urn:gleaner.io:eco:earthchem:data:38864d7d576b520919531e224177673496daa9f9,https://gleaner.io/xid/genid/daj5t9gjo11s73e3ad10,27.75028,-80.40083
urn:gleaner.io:eco:earthchem:data:38864d7d576b520919531e224177673496daa9f9,https://gleaner.io/xid/genid/daj5t9gjo11s73e3ad1g,27.75361,-80.42778
urn:gleaner.io:eco:earthchem:data:38864d7d576b520919531e224177673496daa9f9,https://gleaner.io/xid/genid/daj5t9gjo11s73e3ad20,27.76333,-80.39667
urn:gleaner.io:eco:earthchem:data:38864d7d576b520919531e224177673496daa9f9,https://gleaner.io/xid/genid/daj5t9gjo11s73e3ad2g,27.8225,-80.4275
urn:gleaner.io:eco:earthchem:data:38864d7d576b520919531e224177673496daa9f9,https://gleaner.io/xid/genid/daj5t9gjo11s73e3acr0,26.451563,-82.015118
urn:gleaner.io:eco:earthchem:data:38864d7d576b520919531e224177673496daa9f9,https://gleaner.io/xid/genid/daj5t9gjo11s73e3ad3g,27.85,-80.455
urn:gleaner.io:eco:earthchem:data:38864d7d576b520919531e224177673496daa9f9,https://gleaner.io/xid/genid/daj5t9gjo11s73e3ad40,27.85333,-80.44361
urn:gleaner.io:eco:earthchem:data:38864d7d576b520919531e224177673496daa9f9,https://gleaner.io/xid/genid/daj5t9gjo11s73e3ad4g,27.85889,-80.44861
urn:gleaner.io:eco:earthchem:data:38864d7d576b520919531e224177673496daa9f9,https://gleaner.io/xid/genid/daj5t9gjo11s73e3ad50,27.87389,-80.47139
urn:gleaner.io:eco:earthchem:data:38864d7d576b520919531e224177673496daa9f9,https://gleaner.io/xid/genid/daj5t9gjo11s73e3ad5g,27.8952,-82.85033
urn:gleaner.io:eco:earthchem:data:38864d7d576b520919531e224177673496daa9f9,https://gleaner.io/xid/genid/daj5t9gjo11s73e3ad60,27.90167,-80.47
urn:gleaner.io:eco:earthchem:data:38864d7d576b520919531e224177673496daa9f9,https://gleaner.io/xid/genid/daj5t9gjo11s73e3ad6g,28.04833,-80.5475
urn:gleaner.io:eco:earthchem:data:38864d7d576b520919531e224177673496daa9f9,https://gleaner.io/xid/genid/daj5t9gjo11s73e3ad70,29.06944,-80.91806
urn:gleaner.io:eco:earthchem:data:38864d7d576b520919531e224177673496daa9f9,https://gleaner.io/xid/genid/daj5t9gjo11s73e3ad7g,29.085,-80.92444
urn:gleaner.io:eco:earthchem:data:38864d7d576b520919531e224177673496daa9f9,https://gleaner.io/xid/genid/daj5t9gjo11s73e3ad80,29.16507,-83.07743
urn:gleaner.io:eco:earthchem:data:38864d7d576b520919531e224177673496daa9f9,https://gleaner.io/xid/genid/daj5t9gjo11s73e3ad8g,29.21194,-80.99944
urn:gleaner.io:eco:earthchem:data:38864d7d576b520919531e224177673496daa9f9,https://gleaner.io/xid/genid/daj5t9gjo11s73e3ad90,29.38389,-81.08278
urn:gleaner.io:eco:earthchem:data:38864d7d576b520919531e224177673496daa9f9,https://gleaner.io/xid/genid/daj5t9gjo11s73e3ad9g,29.865,-81.27
urn:gleaner.io:eco:earthchem:data:38864d7d576b520919531e224177673496daa9f9,https://gleaner.io/xid/genid/daj5t9gjo11s73e3ada0,30.2936,-81.38901
urn:gleaner.io:eco:earthchem:data:38864d7d576b520919531e224177673496daa9f9,https://gleaner.io/xid/genid/daj5t9gjo11s73e3acj0,41.63667,-70.34528
urn:gleaner.io:eco:earthchem:data:38864d7d576b520919531e224177673496daa9f9,https://gleaner.io/xid/genid/daj5t9gjo11s73e3ae90,36.81882,-75.96698
urn:gleaner.io:eco:earthchem:data:38864d7d576b520919531e224177673496daa9f9,https://gleaner.io/xid/genid/daj5t9gjo11s73e3acb0,31.01766,-81.42043
urn:gleaner.io:eco:earthchem:data:38864d7d576b520919531e224177673496daa9f9,https://gleaner.io/xid/genid/daj5t9gjo11s73e3acbg,41.66607,-70.18278
urn:gleaner.io:eco:earthchem:data:38864d7d576b520919531e224177673496daa9f9,https://gleaner.io/xid/genid/daj5t9gjo11s73e3acc0,27.78222,-80.40611
urn:gleaner.io:eco:earthchem:data:38864d7d576b520919531e224177673496daa9f9,https://gleaner.io/xid/genid/daj5t9gjo11s73e3accg,32.75821,-79.83194
urn:gleaner.io:eco:earthchem:data:38864d7d576b520919531e224177673496daa9f9,https://gleaner.io/xid/genid/daj5t9gjo11s73e3acd0,34.49135,-77.42142
urn:gleaner.io:eco:earthchem:data:38864d7d576b520919531e224177673496daa9f9,https://gleaner.io/xid/genid/daj5t9gjo11s73e3acdg,40.58307,-73.81297
urn:gleaner.io:eco:earthchem:data:38864d7d576b520919531e224177673496daa9f9,https://gleaner.io/xid/genid/daj5t9gjo11s73e3ace0,40.63032,-73.3398
urn:gleaner.io:eco:earthchem:data:38864d7d576b520919531e224177673496daa9f9,https://gleaner.io/xid/genid/daj5t9gjo11s73e3aceg,41.63618,-70.33437
urn:gleaner.io:eco:earthchem:data:38864d7d576b520919531e224177673496daa9f9,https://gleaner.io/xid/genid/daj5t9gjo11s73e3acf0,34.20845,-77.79283
urn:gleaner.io:eco:earthchem:data:38864d7d576b520919531e224177673496daa9f9,https://gleaner.io/xid/genid/daj5t9gjo11s73e3acfg,35.37658,-75.49259
urn:gleaner.io:eco:earthchem:data:38864d7d576b520919531e224177673496daa9f9,https://gleaner.io/xid/genid/daj5t9gjo11s73e3acg0,36.0928,-75.70547
urn:gleaner.io:eco:earthchem:data:38864d7d576b520919531e224177673496daa9f9,https://gleaner.io/xid/genid/daj5t9gjo11s73e3acgg,36.74608,-75.94277
urn:gleaner.io:eco:earthchem:data:38864d7d576b520919531e224177673496daa9f9,https://gleaner.io/xid/genid/daj5t9gjo11s73e3ach0,40.79787,-72.62768
urn:gleaner.io:eco:earthchem:data:38864d7d576b520919531e224177673496daa9f9,https://gleaner.io/xid/genid/daj5t9gjo11s73e3acig,35.83247,-75.55725
urn:gleaner.io:eco:earthchem:data:38864d7d576b520919531e224177673496daa9f9,https://gleaner.io/xid/genid/daj5t9gjo11s73e3ae8g,36.74667,-75.943
urn:gleaner.io:eco:earthchem:data:38864d7d576b520919531e224177673496daa9f9,https://gleaner.io/xid/genid/daj5t9gjo11s73e3acjg,41.64537,-70.1982
urn:gleaner.io:eco:earthchem:data:38864d7d576b520919531e224177673496daa9f9,https://gleaner.io/xid/genid/daj5t9gjo11s73e3ack0,35.49847,-75.47613
urn:gleaner.io:eco:earthchem:data:38864d7d576b520919531e224177673496daa9f9,https://gleaner.io/xid/genid/daj5t9gjo11s73e3acl0,24.654,-81.279
urn:gleaner.io:eco:earthchem:data:38864d7d576b520919531e224177673496daa9f9,https://gleaner.io/xid/genid/daj5t9gjo11s73e3aclg,24.655,-81.302
urn:gleaner.io:eco:earthchem:data:38864d7d576b520919531e224177673496daa9f9,https://gleaner.io/xid/genid/daj5t9gjo11s73e3acm0,24.655,-81.28
urn:gleaner.io:eco:earthchem:data:38864d7d576b520919531e224177673496daa9f9,https://gleaner.io/xid/genid/daj5t9gjo11s73e3acmg,24.812,-80.822
urn:gleaner.io:eco:earthchem:data:38864d7d576b520919531e224177673496daa9f9,https://gleaner.io/xid/genid/daj5t9gjo11s73e3acn0,24.914934,-80.633311
urn:gleaner.io:eco:earthchem:data:38864d7d576b520919531e224177673496daa9f9,https://gleaner.io/xid/genid/daj5t9gjo11s73e3acng,25.125,-80.405
urn:gleaner.io:eco:earthchem:data:38864d7d576b520919531e224177673496daa9f9,https://gleaner.io/xid/genid/daj5t9gjo11s73e3aco0,25.93015,-81.7291
urn:gleaner.io:eco:earthchem:data:38864d7d576b520919531e224177673496daa9f9,https://gleaner.io/xid/genid/daj5t9gjo11s73e3acog,25.96688,-81.70808
urn:gleaner.io:eco:earthchem:data:38864d7d576b520919531e224177673496daa9f9,https://gleaner.io/xid/genid/daj5t9gjo11s73e3acp0,26.002062,-80.115742
urn:gleaner.io:eco:earthchem:data:38864d7d576b520919531e224177673496daa9f9,https://gleaner.io/xid/genid/daj5t9gjo11s73e3acpg,26.16382,-81.81113
urn:gleaner.io:eco:earthchem:data:38864d7d576b520919531e224177673496daa9f9,https://gleaner.io/xid/genid/daj5t9gjo11s73e3acq0,26.27894,-81.82922
urn:gleaner.io:eco:earthchem:data:38864d7d576b520919531e224177673496daa9f9,https://gleaner.io/xid/genid/daj5t9gjo11s73e3acqg,26.424228,-82.094454
urn:gleaner.io:eco:earthchem:data:38864d7d576b520919531e224177673496daa9f9,https://gleaner.io/xid/genid/daj5t9gjo11s73e3ae10,35.5544,-75.4628
urn:gleaner.io:eco:earthchem:data:38864d7d576b520919531e224177673496daa9f9,https://gleaner.io/xid/genid/daj5t9gjo11s73e3adq0,35.3766,-75.49245
urn:gleaner.io:eco:earthchem:data:38864d7d576b520919531e224177673496daa9f9,https://gleaner.io/xid/genid/daj5t9gjo11s73e3adqg,35.37682,-75.49235
urn:gleaner.io:eco:earthchem:data:38864d7d576b520919531e224177673496daa9f9,https://gleaner.io/xid/genid/daj5t9gjo11s73e3adr0,35.37708,-75.49228
urn:gleaner.io:eco:earthchem:data:38864d7d576b520919531e224177673496daa9f9,https://gleaner.io/xid/genid/daj5t9gjo11s73e3adrg,35.37735,-75.49218
urn:gleaner.io:eco:earthchem:data:38864d7d576b520919531e224177673496daa9f9,https://gleaner.io/xid/genid/daj5t9gjo11s73e3ads0,35.37762,-75.4921
urn:gleaner.io:eco:earthchem:data:38864d7d576b520919531e224177673496daa9f9,https://gleaner.io/xid/genid/daj5t9gjo11s73e3adsg,35.41102,-75.4854
urn:gleaner.io:eco:earthchem:data:38864d7d576b520919531e224177673496daa9f9,https://gleaner.io/xid/genid/daj5t9gjo11s73e3adt0,35.46927,-75.48175
urn:gleaner.io:eco:earthchem:data:38864d7d576b520919531e224177673496daa9f9,https://gleaner.io/xid/genid/daj5t9gjo11s73e3adtg,35.46958,-75.48177
urn:gleaner.io:eco:earthchem:data:38864d7d576b520919531e224177673496daa9f9,https://gleaner.io/xid/genid/daj5t9gjo11s73e3adu0,35.46983,-75.48173
urn:gleaner.io:eco:earthchem:data:38864d7d576b520919531e224177673496daa9f9,https://gleaner.io/xid/genid/daj5t9gjo11s73e3adug,35.47002,-75.4817
urn:gleaner.io:eco:earthchem:data:38864d7d576b520919531e224177673496daa9f9,https://gleaner.io/xid/genid/daj5t9gjo11s73e3adv0,35.47027,-75.48167
urn:gleaner.io:eco:earthchem:data:38864d7d576b520919531e224177673496daa9f9,https://gleaner.io/xid/genid/daj5t9gjo11s73e3advg,35.55363,-75.46288
urn:gleaner.io:eco:earthchem:data:38864d7d576b520919531e224177673496daa9f9,https://gleaner.io/xid/genid/daj5t9gjo11s73e3ae00,35.55387,-75.46288
urn:gleaner.io:eco:earthchem:data:38864d7d576b520919531e224177673496daa9f9,https://gleaner.io/xid/genid/daj5t9gjo11s73e3ae0g,35.55415,-75.46283
urn:gleaner.io:eco:earthchem:data:38864d7d576b520919531e224177673496daa9f9,https://gleaner.io/xid/genid/daj5t9gjo11s73e3adb0,30.69781,-81.42723
urn:gleaner.io:eco:earthchem:data:38864d7d576b520919531e224177673496daa9f9,https://gleaner.io/xid/genid/daj5t9gjo11s73e3ae1g,35.55472,-75.46278
urn:gleaner.io:eco:earthchem:data:38864d7d576b520919531e224177673496daa9f9,https://gleaner.io/xid/genid/daj5t9gjo11s73e3ae20,35.55483,-75.4629
urn:gleaner.io:eco:earthchem:data:38864d7d576b520919531e224177673496daa9f9,https://gleaner.io/xid/genid/daj5t9gjo11s73e3ae2g,35.63588,-75.46999
urn:gleaner.io:eco:earthchem:data:38864d7d576b520919531e224177673496daa9f9,https://gleaner.io/xid/genid/daj5t9gjo11s73e3ae30,35.83273,-75.55725
urn:gleaner.io:eco:earthchem:data:38864d7d576b520919531e224177673496daa9f9,https://gleaner.io/xid/genid/daj5t9gjo11s73e3ae3g,35.83298,-75.55735
urn:gleaner.io:eco:earthchem:data:38864d7d576b520919531e224177673496daa9f9,https://gleaner.io/xid/genid/daj5t9gjo11s73e3ae40,35.83327,-75.55745
urn:gleaner.io:eco:earthchem:data:38864d7d576b520919531e224177673496daa9f9,https://gleaner.io/xid/genid/daj5t9gjo11s73e3ae4g,35.83358,-75.55757
urn:gleaner.io:eco:earthchem:data:38864d7d576b520919531e224177673496daa9f9,https://gleaner.io/xid/genid/daj5t9gjo11s73e3ae50,35.8989,-75.58971
urn:gleaner.io:eco:earthchem:data:38864d7d576b520919531e224177673496daa9f9,https://gleaner.io/xid/genid/daj5t9gjo11s73e3ae5g,36.04403,-75.67423
urn:gleaner.io:eco:earthchem:data:38864d7d576b520919531e224177673496daa9f9,https://gleaner.io/xid/genid/daj5t9gjo11s73e3ae60,36.09193,-75.70493
urn:gleaner.io:eco:earthchem:data:38864d7d576b520919531e224177673496daa9f9,https://gleaner.io/xid/genid/daj5t9gjo11s73e3ae6g,36.09213,-75.70503
urn:gleaner.io:eco:earthchem:data:38864d7d576b520919531e224177673496daa9f9,https://gleaner.io/xid/genid/daj5t9gjo11s73e3ae70,36.09235,-75.70517
urn:gleaner.io:eco:earthchem:data:38864d7d576b520919531e224177673496daa9f9,https://gleaner.io/xid/genid/daj5t9gjo11s73e3ae7g,36.09255,-75.7053
urn:gleaner.io:eco:earthchem:data:38864d7d576b520919531e224177673496daa9f9,https://gleaner.io/xid/genid/daj5t9gjo11s73e3ae80,36.7464,-75.94288
urn:gleaner.io:eco:earthchem:data:38864d7d576b520919531e224177673496daa9f9,https://gleaner.io/xid/genid/daj5t9gjo11s73e3adpg,35.32089,-75.50753
urn:gleaner.io:eco:earthchem:data:38864d7d576b520919531e224177673496daa9f9,https://gleaner.io/xid/genid/daj5t9gjo11s73e3adag,30.66739,-81.43037
urn:gleaner.io:eco:earthchem:data:38864d7d576b520919531e224177673496daa9f9,https://gleaner.io/xid/genid/daj5t9gjo11s73e3adbg,32.0207,-80.89922
urn:gleaner.io:eco:earthchem:data:38864d7d576b520919531e224177673496daa9f9,https://gleaner.io/xid/genid/daj5t9gjo11s73e3adc0,32.02195,-80.84171
urn:gleaner.io:eco:earthchem:data:38864d7d576b520919531e224177673496daa9f9,https://gleaner.io/xid/genid/daj5t9gjo11s73e3adcg,32.2005,-80.68836
urn:gleaner.io:eco:earthchem:data:38864d7d576b520919531e224177673496daa9f9,https://gleaner.io/xid/genid/daj5t9gjo11s73e3add0,32.79224,-79.77464
urn:gleaner.io:eco:earthchem:data:38864d7d576b520919531e224177673496daa9f9,https://gleaner.io/xid/genid/daj5t9gjo11s73e3addg,32.87492,-79.73907
urn:gleaner.io:eco:earthchem:data:38864d7d576b520919531e224177673496daa9f9,https://gleaner.io/xid/genid/daj5t9gjo11s73e3ade0,33.41219,-79.13247
urn:gleaner.io:eco:earthchem:data:38864d7d576b520919531e224177673496daa9f9,https://gleaner.io/xid/genid/daj5t9gjo11s73e3adeg,33.46572,-79.09827
urn:gleaner.io:eco:earthchem:data:38864d7d576b520919531e224177673496daa9f9,https://gleaner.io/xid/genid/daj5t9gjo11s73e3adf0,33.60525,-78.97121
urn:gleaner.io:eco:earthchem:data:38864d7d576b520919531e224177673496daa9f9,https://gleaner.io/xid/genid/daj5t9gjo11s73e3adfg,33.68409,-78.88595
urn:gleaner.io:eco:earthchem:data:38864d7d576b520919531e224177673496daa9f9,https://gleaner.io/xid/genid/daj5t9gjo11s73e3adg0,33.76056,-78.7864
urn:gleaner.io:eco:earthchem:data:38864d7d576b520919531e224177673496daa9f9,https://gleaner.io/xid/genid/daj5t9gjo11s73e3adgg,33.86612,-78.50617
urn:gleaner.io:eco:earthchem:data:38864d7d576b520919531e224177673496daa9f9,https://gleaner.io/xid/genid/daj5t9gjo11s73e3adh0,33.89614,-78.05438
urn:gleaner.io:eco:earthchem:data:38864d7d576b520919531e224177673496daa9f9,https://gleaner.io/xid/genid/daj5t9gjo11s73e3adhg,34.66512,-77.0126
urn:gleaner.io:eco:earthchem:data:38864d7d576b520919531e224177673496daa9f9,https://gleaner.io/xid/genid/daj5t9gjo11s73e3adi0,34.69702,-76.73875
urn:gleaner.io:eco:earthchem:data:38864d7d576b520919531e224177673496daa9f9,https://gleaner.io/xid/genid/daj5t9gjo11s73e3adj0,35.20515,-75.70314
urn:gleaner.io:eco:earthchem:data:38864d7d576b520919531e224177673496daa9f9,https://gleaner.io/xid/genid/daj5t9gjo11s73e3adig,35.14662,-75.87089
urn:gleaner.io:eco:earthchem:data:38864d7d576b520919531e224177673496daa9f9,https://gleaner.io/xid/genid/daj5t9gjo11s73e3adp0,35.23663,-75.5261
urn:gleaner.io:eco:earthchem:data:38864d7d576b520919531e224177673496daa9f9,https://gleaner.io/xid/genid/daj5t9gjo11s73e3adog,35.23643,-75.52613
urn:gleaner.io:eco:earthchem:data:38864d7d576b520919531e224177673496daa9f9,https://gleaner.io/xid/genid/daj5t9gjo11s73e3ado0,35.23623,-75.52617
urn:gleaner.io:eco:earthchem:data:38864d7d576b520919531e224177673496daa9f9,https://gleaner.io/xid/genid/daj5t9gjo11s73e3adng,35.23595,-75.52618
urn:gleaner.io:eco:earthchem:data:38864d7d576b520919531e224177673496daa9f9,https://gleaner.io/xid/genid/daj5t9gjo11s73e3adn0,35.23568,-75.52622
urn:gleaner.io:eco:earthchem:data:38864d7d576b520919531e224177673496daa9f9,https://gleaner.io/xid/genid/daj5t9gjo11s73e3admg,35.235,-75.52586
urn:gleaner.io:eco:earthchem:data:38864d7d576b520919531e224177673496daa9f9,https://gleaner.io/xid/genid/daj5t9gjo11s73e3adm0,35.22416,-75.64327
urn:gleaner.io:eco:earthchem:data:38864d7d576b520919531e224177673496daa9f9,https://gleaner.io/xid/genid/daj5t9gjo11s73e3adlg,35.22397,-75.64332
urn:gleaner.io:eco:earthchem:data:38864d7d576b520919531e224177673496daa9f9,https://gleaner.io/xid/genid/daj5t9gjo11s73e3adl0,35.22387,-75.64358
urn:gleaner.io:eco:earthchem:data:38864d7d576b520919531e224177673496daa9f9,https://gleaner.io/xid/genid/daj5t9gjo11s73e3adkg,35.2238,-75.64385
urn:gleaner.io:eco:earthchem:data:38864d7d576b520919531e224177673496daa9f9,https://gleaner.io/xid/genid/daj5t9gjo11s73e3adk0,35.22375,-75.64412
urn:gleaner.io:eco:earthchem:data:38864d7d576b520919531e224177673496daa9f9,https://gleaner.io/xid/genid/daj5t9gjo11s73e3adjg,35.22368,-75.6444
urn:gleaner.io:eco:earthchem:data:4156f323a3d37572614a35aaa11548e044efb742,https://gleaner.io/xid/genid/daj5tagjo11s73e3clpg,40.6647643,-77.9040381
urn:gleaner.io:eco:earthchem:data:4156f323a3d37572614a35aaa11548e044efb742,https://gleaner.io/xid/genid/daj5tagjo11s73e3clr0,40.6644474,-77.9056298
urn:gleaner.io:eco:earthchem:data:4156f323a3d37572614a35aaa11548e044efb742,https://gleaner.io/xid/genid/daj5tagjo11s73e3cltg,40.6648488,-77.9072458
urn:gleaner.io:eco:earthchem:data:4156f323a3d37572614a35aaa11548e044efb742,https://gleaner.io/xid/genid/daj5tagjo11s73e3cm2g,40.664841,-77.9072532
urn:gleaner.io:eco:earthchem:data:4338224a37efeaf9a7c7ee4ae1dfce4d3f3bd734,https://gleaner.io/xid/genid/daj5tagjo11s73e3cqs0,40.6655776,-77.9047052
urn:gleaner.io:eco:earthchem:data:4338224a37efeaf9a7c7ee4ae1dfce4d3f3bd734,https://gleaner.io/xid/genid/daj5tagjo11s73e3cqsg,40.6656859,-77.9042552
urn:gleaner.io:eco:earthchem:data:4338224a37efeaf9a7c7ee4ae1dfce4d3f3bd734,https://gleaner.io/xid/genid/daj5tagjo11s73e3cqrg,40.6653323,-77.9044012
urn:gleaner.io:eco:earthchem:data:4338224a37efeaf9a7c7ee4ae1dfce4d3f3bd734,https://gleaner.io/xid/genid/daj5tagjo11s73e3cqr0,40.6653246,-77.9047653
urn:gleaner.io:eco:earthchem:data:4338224a37efeaf9a7c7ee4ae1dfce4d3f3bd734,https://gleaner.io/xid/genid/daj5tagjo11s73e3cqqg,40.6648406,-77.9047045
urn:gleaner.io:eco:earthchem:data:4338224a37efeaf9a7c7ee4ae1dfce4d3f3bd734,https://gleaner.io/xid/genid/daj5tagjo11s73e3cqq0,40.6648238,-77.904242
urn:gleaner.io:eco:earthchem:data:4338224a37efeaf9a7c7ee4ae1dfce4d3f3bd734,https://gleaner.io/xid/genid/daj5tagjo11s73e3cqp0,40.6643896,-77.9056832
urn:gleaner.io:eco:earthchem:data:4338224a37efeaf9a7c7ee4ae1dfce4d3f3bd734,https://gleaner.io/xid/genid/daj5tagjo11s73e3cqog,40.6641887,-77.9063285
urn:gleaner.io:eco:earthchem:data:4338224a37efeaf9a7c7ee4ae1dfce4d3f3bd734,https://gleaner.io/xid/genid/daj5tagjo11s73e3cqo0,40.6640168,-77.9056064
urn:gleaner.io:eco:earthchem:data:4338224a37efeaf9a7c7ee4ae1dfce4d3f3bd734,https://gleaner.io/xid/genid/daj5tagjo11s73e3cqng,40.6638863,-77.9063721
urn:gleaner.io:eco:earthchem:data:4338224a37efeaf9a7c7ee4ae1dfce4d3f3bd734,https://gleaner.io/xid/genid/daj5tagjo11s73e3cqn0,40.6637476,-77.9052877
urn:gleaner.io:eco:earthchem:data:4338224a37efeaf9a7c7ee4ae1dfce4d3f3bd734,https://gleaner.io/xid/genid/daj5tagjo11s73e3cqpg,40.6644664,-77.9062619
urn:gleaner.io:eco:earthchem:data:61eab5d7bb65535421bd376e9b08ef3be40d0762,https://gleaner.io/xid/genid/daj5td8jo11s73e3hv5g,40.540893,-79.834799
urn:gleaner.io:eco:earthchem:data:6f0d939900f3a0ab3259294c4324718ccc0fac47,https://gleaner.io/xid/genid/daj5tegjo11s73e3jpeg,40.6648488,-77.9072458
urn:gleaner.io:eco:earthchem:data:6f0d939900f3a0ab3259294c4324718ccc0fac47,https://gleaner.io/xid/genid/daj5tegjo11s73e3jpe0,40.664841,-77.9072532
urn:gleaner.io:eco:earthchem:data:6f0d939900f3a0ab3259294c4324718ccc0fac47,https://gleaner.io/xid/genid/daj5tegjo11s73e3jpd0,40.6644474,-77.9056298
urn:gleaner.io:eco:earthchem:data:6f0d939900f3a0ab3259294c4324718ccc0fac47,https://gleaner.io/xid/genid/daj5tegjo11s73e3jpdg,40.6647643,-77.9040381
urn:gleaner.io:eco:earthchem:data:78354a4d2880168e1bde28ddc88af6ae09bb09c8,https://gleaner.io/xid/genid/daj5tf0jo11s73e3kvsg,-31.47943,122.14637
urn:gleaner.io:eco:earthchem:data:78354a4d2880168e1bde28ddc88af6ae09bb09c8,https://gleaner.io/xid/genid/daj5tf0jo11s73e3kvt0,-31.43624,141.61099
urn:gleaner.io:eco:earthchem:data:78354a4d2880168e1bde28ddc88af6ae09bb09c8,https://gleaner.io/xid/genid/daj5tf0jo11s73e3kvtg,-31.27828,121.43042
urn:gleaner.io:eco:earthchem:data:78354a4d2880168e1bde28ddc88af6ae09bb09c8,https://gleaner.io/xid/genid/daj5tf0jo11s73e3kvu0,-30.72774,30.44842
urn:gleaner.io:eco:earthchem:data:78354a4d2880168e1bde28ddc88af6ae09bb09c8,https://gleaner.io/xid/genid/daj5tf0jo11s73e3kvug,-30.24139,139.17639
urn:gleaner.io:eco:earthchem:data:78354a4d2880168e1bde28ddc88af6ae09bb09c8,https://gleaner.io/xid/genid/daj5tf0jo11s73e3kvv0,-29.54765,21.7062
urn:gleaner.io:eco:earthchem:data:78354a4d2880168e1bde28ddc88af6ae09bb09c8,https://gleaner.io/xid/genid/daj5tf0jo11s73e3kvvg,-29.08028,-67.0925
urn:gleaner.io:eco:earthchem:data:78354a4d2880168e1bde28ddc88af6ae09bb09c8,https://gleaner.io/xid/genid/daj5tf0jo11s73e3l000,-28.99306,17.57583
urn:gleaner.io:eco:earthchem:data:78354a4d2880168e1bde28ddc88af6ae09bb09c8,https://gleaner.io/xid/genid/daj5tf0jo11s73e3kvn0,-7.2775,27.45083
urn:gleaner.io:eco:earthchem:data:78354a4d2880168e1bde28ddc88af6ae09bb09c8,https://gleaner.io/xid/genid/daj5tf0jo11s73e3l00g,-28.98583,17.57806
urn:gleaner.io:eco:earthchem:data:78354a4d2880168e1bde28ddc88af6ae09bb09c8,https://gleaner.io/xid/genid/daj5tf0jo11s73e3kvs0,-31.51321,122.1511
urn:gleaner.io:eco:earthchem:data:78354a4d2880168e1bde28ddc88af6ae09bb09c8,https://gleaner.io/xid/genid/daj5tf0jo11s73e3kvrg,-32.58111,-65.41417
urn:gleaner.io:eco:earthchem:data:78354a4d2880168e1bde28ddc88af6ae09bb09c8,https://gleaner.io/xid/genid/daj5tf0jo11s73e3kvr0,-32.90417,-65.92917
urn:gleaner.io:eco:earthchem:data:78354a4d2880168e1bde28ddc88af6ae09bb09c8,https://gleaner.io/xid/genid/daj5tf0jo11s73e3kvqg,-33.91667,19.13333
urn:gleaner.io:eco:earthchem:data:78354a4d2880168e1bde28ddc88af6ae09bb09c8,https://gleaner.io/xid/genid/daj5tf0jo11s73e3kvq0,-36.8424,147.5248
urn:gleaner.io:eco:earthchem:data:78354a4d2880168e1bde28ddc88af6ae09bb09c8,https://gleaner.io/xid/genid/daj5tf0jo11s73e3kvpg,-36.84597,147.52369
urn:gleaner.io:eco:earthchem:data:78354a4d2880168e1bde28ddc88af6ae09bb09c8,https://gleaner.io/xid/genid/daj5tf0jo11s73e3kvp0,-36.85,145.75
urn:gleaner.io:eco:earthchem:data:78354a4d2880168e1bde28ddc88af6ae09bb09c8,https://gleaner.io/xid/genid/daj5tf0jo11s73e3kvog,-37.08589,144.22289
urn:gleaner.io:eco:earthchem:data:78354a4d2880168e1bde28ddc88af6ae09bb09c8,https://gleaner.io/xid/genid/daj5tf0jo11s73e3kvo0,-37.60491,-69.33181
urn:gleaner.io:eco:earthchem:data:78354a4d2880168e1bde28ddc88af6ae09bb09c8,https://gleaner.io/xid/genid/daj5tf0jo11s73e3kvng,-47.612,-72.556
urn:gleaner.io:eco:earthchem:data:78354a4d2880168e1bde28ddc88af6ae09bb09c8,https://gleaner.io/xid/genid/daj5tf0jo11s73e3l060,-27.71138,117.21781
urn:gleaner.io:eco:earthchem:data:78354a4d2880168e1bde28ddc88af6ae09bb09c8,https://gleaner.io/xid/genid/daj5tf0jo11s73e3l0ag,-24.4538,116.1747
urn:gleaner.io:eco:earthchem:data:78354a4d2880168e1bde28ddc88af6ae09bb09c8,https://gleaner.io/xid/genid/daj5tf0jo11s73e3kv20,-18.42286,-66.59247
urn:gleaner.io:eco:earthchem:data:78354a4d2880168e1bde28ddc88af6ae09bb09c8,https://gleaner.io/xid/genid/daj5tf0jo11s73e3l0a0,-24.52834,116.18447
urn:gleaner.io:eco:earthchem:data:78354a4d2880168e1bde28ddc88af6ae09bb09c8,https://gleaner.io/xid/genid/daj5tf0jo11s73e3l09g,-24.74472,-66.34194
urn:gleaner.io:eco:earthchem:data:78354a4d2880168e1bde28ddc88af6ae09bb09c8,https://gleaner.io/xid/genid/daj5tf0jo11s73e3l090,-24.76167,-66.35556
urn:gleaner.io:eco:earthchem:data:78354a4d2880168e1bde28ddc88af6ae09bb09c8,https://gleaner.io/xid/genid/daj5tf0jo11s73e3l08g,-25.65306,31.0675
urn:gleaner.io:eco:earthchem:data:78354a4d2880168e1bde28ddc88af6ae09bb09c8,https://gleaner.io/xid/genid/daj5tf0jo11s73e3l080,-27.01639,-66.86667
urn:gleaner.io:eco:earthchem:data:78354a4d2880168e1bde28ddc88af6ae09bb09c8,https://gleaner.io/xid/genid/daj5tf0jo11s73e3l07g,-27.13611,22.86472
urn:gleaner.io:eco:earthchem:data:78354a4d2880168e1bde28ddc88af6ae09bb09c8,https://gleaner.io/xid/genid/daj5tf0jo11s73e3l070,-27.3807,22.98811
urn:gleaner.io:eco:earthchem:data:78354a4d2880168e1bde28ddc88af6ae09bb09c8,https://gleaner.io/xid/genid/daj5tf0jo11s73e3l06g,-27.48106,120.56057
urn:gleaner.io:eco:earthchem:data:78354a4d2880168e1bde28ddc88af6ae09bb09c8,https://gleaner.io/xid/genid/daj5tf0jo11s73e3l010,-28.97417,17.72639
urn:gleaner.io:eco:earthchem:data:78354a4d2880168e1bde28ddc88af6ae09bb09c8,https://gleaner.io/xid/genid/daj5tf0jo11s73e3l05g,-27.81748,23.00973
urn:gleaner.io:eco:earthchem:data:78354a4d2880168e1bde28ddc88af6ae09bb09c8,https://gleaner.io/xid/genid/daj5tf0jo11s73e3l050,-27.99805,23.03492
urn:gleaner.io:eco:earthchem:data:78354a4d2880168e1bde28ddc88af6ae09bb09c8,https://gleaner.io/xid/genid/daj5tf0jo11s73e3l04g,-28.18364,23.02838
urn:gleaner.io:eco:earthchem:data:78354a4d2880168e1bde28ddc88af6ae09bb09c8,https://gleaner.io/xid/genid/daj5tf0jo11s73e3l040,-28.2922,23.00039
urn:gleaner.io:eco:earthchem:data:78354a4d2880168e1bde28ddc88af6ae09bb09c8,https://gleaner.io/xid/genid/daj5tf0jo11s73e3l03g,-28.47,-65.63555
urn:gleaner.io:eco:earthchem:data:78354a4d2880168e1bde28ddc88af6ae09bb09c8,https://gleaner.io/xid/genid/daj5tf0jo11s73e3l030,-28.83666,18.90422
urn:gleaner.io:eco:earthchem:data:78354a4d2880168e1bde28ddc88af6ae09bb09c8,https://gleaner.io/xid/genid/daj5tf0jo11s73e3l02g,-28.89528,17.68306
urn:gleaner.io:eco:earthchem:data:78354a4d2880168e1bde28ddc88af6ae09bb09c8,https://gleaner.io/xid/genid/daj5tf0jo11s73e3l020,-28.91325,18.21327
urn:gleaner.io:eco:earthchem:data:78354a4d2880168e1bde28ddc88af6ae09bb09c8,https://gleaner.io/xid/genid/daj5tf0jo11s73e3l01g,-28.94278,17.97333
urn:gleaner.io:eco:earthchem:data:78354a4d2880168e1bde28ddc88af6ae09bb09c8,https://gleaner.io/xid/genid/daj5tf0jo11s73e3kv70,-16.70167,29.76917
urn:gleaner.io:eco:earthchem:data:78354a4d2880168e1bde28ddc88af6ae09bb09c8,https://gleaner.io/xid/genid/daj5tf0jo11s73e3kvc0,49.54028,83.00667
urn:gleaner.io:eco:earthchem:data:78354a4d2880168e1bde28ddc88af6ae09bb09c8,https://gleaner.io/xid/genid/daj5tf0jo11s73e3kvbg,-2.93,29.4075
urn:gleaner.io:eco:earthchem:data:78354a4d2880168e1bde28ddc88af6ae09bb09c8,https://gleaner.io/xid/genid/daj5tf0jo11s73e3kvb0,-21.3738900434,133.96461855
urn:gleaner.io:eco:earthchem:data:78354a4d2880168e1bde28ddc88af6ae09bb09c8,https://gleaner.io/xid/genid/daj5tf0jo11s73e3kvag,-26.06555,128.96837
urn:gleaner.io:eco:earthchem:data:78354a4d2880168e1bde28ddc88af6ae09bb09c8,https://gleaner.io/xid/genid/daj5tf0jo11s73e3kva0,47.66917,16.09611
urn:gleaner.io:eco:earthchem:data:78354a4d2880168e1bde28ddc88af6ae09bb09c8,https://gleaner.io/xid/genid/daj5tf0jo11s73e3kv9g,47.26971,-1.62722
urn:gleaner.io:eco:earthchem:data:78354a4d2880168e1bde28ddc88af6ae09bb09c8,https://gleaner.io/xid/genid/daj5tf0jo11s73e3kv90,47.24194,15.28472
urn:gleaner.io:eco:earthchem:data:78354a4d2880168e1bde28ddc88af6ae09bb09c8,https://gleaner.io/xid/genid/daj5tf0jo11s73e3kv8g,41.76208,-118.10909
urn:gleaner.io:eco:earthchem:data:78354a4d2880168e1bde28ddc88af6ae09bb09c8,https://gleaner.io/xid/genid/daj5tf0jo11s73e3kv80,35.5,74.58333
urn:gleaner.io:eco:earthchem:data:78354a4d2880168e1bde28ddc88af6ae09bb09c8,https://gleaner.io/xid/genid/daj5tf0jo11s73e3kv7g,35.28555679321289,-84.25250244140625
urn:gleaner.io:eco:earthchem:data:78354a4d2880168e1bde28ddc88af6ae09bb09c8,https://gleaner.io/xid/genid/daj5tf0jo11s73e3kvcg,50.4398,-95.38229
urn:gleaner.io:eco:earthchem:data:78354a4d2880168e1bde28ddc88af6ae09bb09c8,https://gleaner.io/xid/genid/daj5tf0jo11s73e3kv6g,-22.04729,16.02435
urn:gleaner.io:eco:earthchem:data:78354a4d2880168e1bde28ddc88af6ae09bb09c8,https://gleaner.io/xid/genid/daj5tf0jo11s73e3kv60,27.85172,-105.49719
urn:gleaner.io:eco:earthchem:data:78354a4d2880168e1bde28ddc88af6ae09bb09c8,https://gleaner.io/xid/genid/daj5tf0jo11s73e3kv5g,-31.24976,121.47721
urn:gleaner.io:eco:earthchem:data:78354a4d2880168e1bde28ddc88af6ae09bb09c8,https://gleaner.io/xid/genid/daj5tf0jo11s73e3kv50,59.15755,10.01503
urn:gleaner.io:eco:earthchem:data:78354a4d2880168e1bde28ddc88af6ae09bb09c8,https://gleaner.io/xid/genid/daj5tf0jo11s73e3kv4g,42.43833,-71.56611
urn:gleaner.io:eco:earthchem:data:78354a4d2880168e1bde28ddc88af6ae09bb09c8,https://gleaner.io/xid/genid/daj5tf0jo11s73e3kv40,42.18556,-7.01389
urn:gleaner.io:eco:earthchem:data:78354a4d2880168e1bde28ddc88af6ae09bb09c8,https://gleaner.io/xid/genid/daj5tf0jo11s73e3kv3g,35.38111,71.05167
urn:gleaner.io:eco:earthchem:data:78354a4d2880168e1bde28ddc88af6ae09bb09c8,https://gleaner.io/xid/genid/daj5tf0jo11s73e3kv30,18.75454,81.93354
urn:gleaner.io:eco:earthchem:data:78354a4d2880168e1bde28ddc88af6ae09bb09c8,https://gleaner.io/xid/genid/daj5tf0jo11s73e3kv2g,18.60809,81.94174
urn:gleaner.io:eco:earthchem:data:78354a4d2880168e1bde28ddc88af6ae09bb09c8,https://gleaner.io/xid/genid/daj5tf0jo11s73e3kvhg,67.61667,33.88333
urn:gleaner.io:eco:earthchem:data:78354a4d2880168e1bde28ddc88af6ae09bb09c8,https://gleaner.io/xid/genid/daj5tf0jo11s73e3kvm0,47.08306,17.63306
urn:gleaner.io:eco:earthchem:data:78354a4d2880168e1bde28ddc88af6ae09bb09c8,https://gleaner.io/xid/genid/daj5tf0jo11s73e3kvlg,18.70317,81.90567
urn:gleaner.io:eco:earthchem:data:78354a4d2880168e1bde28ddc88af6ae09bb09c8,https://gleaner.io/xid/genid/daj5tf0jo11s73e3kvl0,-31.0974,121.0768
urn:gleaner.io:eco:earthchem:data:78354a4d2880168e1bde28ddc88af6ae09bb09c8,https://gleaner.io/xid/genid/daj5tf0jo11s73e3kvkg,66.72757,13.43776
urn:gleaner.io:eco:earthchem:data:78354a4d2880168e1bde28ddc88af6ae09bb09c8,https://gleaner.io/xid/genid/daj5tf0jo11s73e3kvk0,58.98012,10.0139
urn:gleaner.io:eco:earthchem:data:78354a4d2880168e1bde28ddc88af6ae09bb09c8,https://gleaner.io/xid/genid/daj5tf0jo11s73e3kvjg,54.84224,-99.7254
urn:gleaner.io:eco:earthchem:data:78354a4d2880168e1bde28ddc88af6ae09bb09c8,https://gleaner.io/xid/genid/daj5tf0jo11s73e3kvj0,50.6241,-95.60232
urn:gleaner.io:eco:earthchem:data:78354a4d2880168e1bde28ddc88af6ae09bb09c8,https://gleaner.io/xid/genid/daj5tf0jo11s73e3kvig,47.84016,7.97941
urn:gleaner.io:eco:earthchem:data:78354a4d2880168e1bde28ddc88af6ae09bb09c8,https://gleaner.io/xid/genid/daj5tf0jo11s73e3kvi0,33.385,-117.06222
urn:gleaner.io:eco:earthchem:data:78354a4d2880168e1bde28ddc88af6ae09bb09c8,https://gleaner.io/xid/genid/daj5tf0jo11s73e3kvmg,-21.7434,16.16827
urn:gleaner.io:eco:earthchem:data:78354a4d2880168e1bde28ddc88af6ae09bb09c8,https://gleaner.io/xid/genid/daj5tf0jo11s73e3kvh0,61.55,31.5
urn:gleaner.io:eco:earthchem:data:78354a4d2880168e1bde28ddc88af6ae09bb09c8,https://gleaner.io/xid/genid/daj5tf0jo11s73e3kvgg,50.40273,-95.69013
urn:gleaner.io:eco:earthchem:data:78354a4d2880168e1bde28ddc88af6ae09bb09c8,https://gleaner.io/xid/genid/daj5tf0jo11s73e3kvg0,45.66722,-73.34333
urn:gleaner.io:eco:earthchem:data:78354a4d2880168e1bde28ddc88af6ae09bb09c8,https://gleaner.io/xid/genid/daj5tf0jo11s73e3kvfg,43.87694,-103.42361
urn:gleaner.io:eco:earthchem:data:78354a4d2880168e1bde28ddc88af6ae09bb09c8,https://gleaner.io/xid/genid/daj5tf0jo11s73e3kvf0,-19.02306,-41.46
urn:gleaner.io:eco:earthchem:data:78354a4d2880168e1bde28ddc88af6ae09bb09c8,https://gleaner.io/xid/genid/daj5tf0jo11s73e3kveg,-19.64325,-42.71739
urn:gleaner.io:eco:earthchem:data:78354a4d2880168e1bde28ddc88af6ae09bb09c8,https://gleaner.io/xid/genid/daj5tf0jo11s73e3kve0,60.96584,17.09559
urn:gleaner.io:eco:earthchem:data:78354a4d2880168e1bde28ddc88af6ae09bb09c8,https://gleaner.io/xid/genid/daj5tf0jo11s73e3kvdg,50.87132,12.71159
urn:gleaner.io:eco:earthchem:data:78354a4d2880168e1bde28ddc88af6ae09bb09c8,https://gleaner.io/xid/genid/daj5tf0jo11s73e3kvd0,50.70327,16.73677
urn:gleaner.io:eco:earthchem:data:78354a4d2880168e1bde28ddc88af6ae09bb09c8,https://gleaner.io/xid/genid/daj5tf0jo11s73e3l14g,-15.92917,37.87917
urn:gleaner.io:eco:earthchem:data:78354a4d2880168e1bde28ddc88af6ae09bb09c8,https://gleaner.io/xid/genid/daj5tf0jo11s73e3l19g,-6.83322,-36.51801
urn:gleaner.io:eco:earthchem:data:78354a4d2880168e1bde28ddc88af6ae09bb09c8,https://gleaner.io/xid/genid/daj5tf0jo11s73e3l190,-6.96377,-36.74665
urn:gleaner.io:eco:earthchem:data:78354a4d2880168e1bde28ddc88af6ae09bb09c8,https://gleaner.io/xid/genid/daj5tf0jo11s73e3l18g,-13.06667,-48.61667
urn:gleaner.io:eco:earthchem:data:78354a4d2880168e1bde28ddc88af6ae09bb09c8,https://gleaner.io/xid/genid/daj5tf0jo11s73e3l180,-14.15722,-41.69861
urn:gleaner.io:eco:earthchem:data:78354a4d2880168e1bde28ddc88af6ae09bb09c8,https://gleaner.io/xid/genid/daj5tf0jo11s73e3l17g,-15.72743,38.22821
urn:gleaner.io:eco:earthchem:data:78354a4d2880168e1bde28ddc88af6ae09bb09c8,https://gleaner.io/xid/genid/daj5tf0jo11s73e3l170,-15.72833,38.22639
urn:gleaner.io:eco:earthchem:data:78354a4d2880168e1bde28ddc88af6ae09bb09c8,https://gleaner.io/xid/genid/daj5tf0jo11s73e3l16g,-15.7375,38.25278
urn:gleaner.io:eco:earthchem:data:78354a4d2880168e1bde28ddc88af6ae09bb09c8,https://gleaner.io/xid/genid/daj5tf0jo11s73e3l160,-15.77842,38.46705
urn:gleaner.io:eco:earthchem:data:78354a4d2880168e1bde28ddc88af6ae09bb09c8,https://gleaner.io/xid/genid/daj5tf0jo11s73e3l15g,-15.91833,37.95889
urn:gleaner.io:eco:earthchem:data:78354a4d2880168e1bde28ddc88af6ae09bb09c8,https://gleaner.io/xid/genid/daj5tf0jo11s73e3l150,-15.925,37.90833
urn:gleaner.io:eco:earthchem:data:78354a4d2880168e1bde28ddc88af6ae09bb09c8,https://gleaner.io/xid/genid/daj5tf0jo11s73e3l1a0,-6.76667,-36.33333
urn:gleaner.io:eco:earthchem:data:78354a4d2880168e1bde28ddc88af6ae09bb09c8,https://gleaner.io/xid/genid/daj5tf0jo11s73e3l140,-16.32492,-68.15111
urn:gleaner.io:eco:earthchem:data:78354a4d2880168e1bde28ddc88af6ae09bb09c8,https://gleaner.io/xid/genid/daj5tf0jo11s73e3l13g,-16.5075,-41.965
urn:gleaner.io:eco:earthchem:data:78354a4d2880168e1bde28ddc88af6ae09bb09c8,https://gleaner.io/xid/genid/daj5tf0jo11s73e3l130,-16.7,-41.8
urn:gleaner.io:eco:earthchem:data:78354a4d2880168e1bde28ddc88af6ae09bb09c8,https://gleaner.io/xid/genid/daj5tf0jo11s73e3l12g,-16.71778,-41.83694
urn:gleaner.io:eco:earthchem:data:78354a4d2880168e1bde28ddc88af6ae09bb09c8,https://gleaner.io/xid/genid/daj5tf0jo11s73e3l120,-16.74528,-41.90361
urn:gleaner.io:eco:earthchem:data:78354a4d2880168e1bde28ddc88af6ae09bb09c8,https://gleaner.io/xid/genid/daj5tf0jo11s73e3l11g,-16.77861,-41.91056
urn:gleaner.io:eco:earthchem:data:78354a4d2880168e1bde28ddc88af6ae09bb09c8,https://gleaner.io/xid/genid/daj5tf0jo11s73e3l110,-17.39175,-67.12538
urn:gleaner.io:eco:earthchem:data:78354a4d2880168e1bde28ddc88af6ae09bb09c8,https://gleaner.io/xid/genid/daj5tf0jo11s73e3l10g,-17.75833,31.2
urn:gleaner.io:eco:earthchem:data:78354a4d2880168e1bde28ddc88af6ae09bb09c8,https://gleaner.io/xid/genid/daj5tf0jo11s73e3l100,-18.22644,-42.18813
urn:gleaner.io:eco:earthchem:data:78354a4d2880168e1bde28ddc88af6ae09bb09c8,https://gleaner.io/xid/genid/daj5tf0jo11s73e3l1f0,13.16667,10.16667
urn:gleaner.io:eco:earthchem:data:78354a4d2880168e1bde28ddc88af6ae09bb09c8,https://gleaner.io/xid/genid/daj5tf0jo11s73e3l1j0,19.95694,4.86194
urn:gleaner.io:eco:earthchem:data:78354a4d2880168e1bde28ddc88af6ae09bb09c8,https://gleaner.io/xid/genid/daj5tf0jo11s73e3ksfg,43.96517,-115.01408
urn:gleaner.io:eco:earthchem:data:78354a4d2880168e1bde28ddc88af6ae09bb09c8,https://gleaner.io/xid/genid/daj5tf0jo11s73e3l1ig,19.21667,83.21667
urn:gleaner.io:eco:earthchem:data:78354a4d2880168e1bde28ddc88af6ae09bb09c8,https://gleaner.io/xid/genid/daj5tf0jo11s73e3l1i0,18.75417,81.93333
urn:gleaner.io:eco:earthchem:data:78354a4d2880168e1bde28ddc88af6ae09bb09c8,https://gleaner.io/xid/genid/daj5tf0jo11s73e3l1hg,18.74285,81.89249
urn:gleaner.io:eco:earthchem:data:78354a4d2880168e1bde28ddc88af6ae09bb09c8,https://gleaner.io/xid/genid/daj5tf0jo11s73e3l1h0,18.69524,81.91287
urn:gleaner.io:eco:earthchem:data:78354a4d2880168e1bde28ddc88af6ae09bb09c8,https://gleaner.io/xid/genid/daj5tf0jo11s73e3l1gg,18.68654,81.92399
urn:gleaner.io:eco:earthchem:data:78354a4d2880168e1bde28ddc88af6ae09bb09c8,https://gleaner.io/xid/genid/daj5tf0jo11s73e3l1g0,18.60862,81.93895
urn:gleaner.io:eco:earthchem:data:78354a4d2880168e1bde28ddc88af6ae09bb09c8,https://gleaner.io/xid/genid/daj5tf0jo11s73e3l1fg,14.21528,0.84028
urn:gleaner.io:eco:earthchem:data:78354a4d2880168e1bde28ddc88af6ae09bb09c8,https://gleaner.io/xid/genid/daj5tf0jo11s73e3l0vg,-18.31806,27.05056
urn:gleaner.io:eco:earthchem:data:78354a4d2880168e1bde28ddc88af6ae09bb09c8,https://gleaner.io/xid/genid/daj5tf0jo11s73e3l1eg,13.05,121.16667
urn:gleaner.io:eco:earthchem:data:78354a4d2880168e1bde28ddc88af6ae09bb09c8,https://gleaner.io/xid/genid/daj5tf0jo11s73e3l1e0,10.57003,104.826
urn:gleaner.io:eco:earthchem:data:78354a4d2880168e1bde28ddc88af6ae09bb09c8,https://gleaner.io/xid/genid/daj5tf0jo11s73e3l1dg,6.41355,81.33257
urn:gleaner.io:eco:earthchem:data:78354a4d2880168e1bde28ddc88af6ae09bb09c8,https://gleaner.io/xid/genid/daj5tf0jo11s73e3l1d0,5.567,39.033
urn:gleaner.io:eco:earthchem:data:78354a4d2880168e1bde28ddc88af6ae09bb09c8,https://gleaner.io/xid/genid/daj5tf0jo11s73e3l1cg,5.42846,-58.76115
urn:gleaner.io:eco:earthchem:data:78354a4d2880168e1bde28ddc88af6ae09bb09c8,https://gleaner.io/xid/genid/daj5tf0jo11s73e3l1c0,-1.99194,29.61694
urn:gleaner.io:eco:earthchem:data:78354a4d2880168e1bde28ddc88af6ae09bb09c8,https://gleaner.io/xid/genid/daj5tf0jo11s73e3l1bg,-2.08333,29.63333
urn:gleaner.io:eco:earthchem:data:78354a4d2880168e1bde28ddc88af6ae09bb09c8,https://gleaner.io/xid/genid/daj5tf0jo11s73e3l1b0,-6.0325,-50.56639
urn:gleaner.io:eco:earthchem:data:78354a4d2880168e1bde28ddc88af6ae09bb09c8,https://gleaner.io/xid/genid/daj5tf0jo11s73e3l1ag,-6.68278,-36.63194
urn:gleaner.io:eco:earthchem:data:78354a4d2880168e1bde28ddc88af6ae09bb09c8,https://gleaner.io/xid/genid/daj5tf0jo11s73e3l0g0,-21.77469,15.9542
urn:gleaner.io:eco:earthchem:data:78354a4d2880168e1bde28ddc88af6ae09bb09c8,https://gleaner.io/xid/genid/daj5tf0jo11s73e3l0l0,-20.74667,46.075
urn:gleaner.io:eco:earthchem:data:78354a4d2880168e1bde28ddc88af6ae09bb09c8,https://gleaner.io/xid/genid/daj5tf0jo11s73e3l0kg,-20.94354,14.51873
urn:gleaner.io:eco:earthchem:data:78354a4d2880168e1bde28ddc88af6ae09bb09c8,https://gleaner.io/xid/genid/daj5tf0jo11s73e3l0k0,-21.07093,118.90086
urn:gleaner.io:eco:earthchem:data:78354a4d2880168e1bde28ddc88af6ae09bb09c8,https://gleaner.io/xid/genid/daj5tf0jo11s73e3l0jg,-21.15302,118.65654
urn:gleaner.io:eco:earthchem:data:78354a4d2880168e1bde28ddc88af6ae09bb09c8,https://gleaner.io/xid/genid/daj5tf0jo11s73e3l0j0,-21.17571,118.67712
urn:gleaner.io:eco:earthchem:data:78354a4d2880168e1bde28ddc88af6ae09bb09c8,https://gleaner.io/xid/genid/daj5tf0jo11s73e3l0ig,-21.21504,120.73718
urn:gleaner.io:eco:earthchem:data:78354a4d2880168e1bde28ddc88af6ae09bb09c8,https://gleaner.io/xid/genid/daj5tf0jo11s73e3l0i0,-21.26211,15.42771
urn:gleaner.io:eco:earthchem:data:78354a4d2880168e1bde28ddc88af6ae09bb09c8,https://gleaner.io/xid/genid/daj5tf0jo11s73e3l0hg,-21.3561850482,133.970455034
urn:gleaner.io:eco:earthchem:data:78354a4d2880168e1bde28ddc88af6ae09bb09c8,https://gleaner.io/xid/genid/daj5tf0jo11s73e3l0h0,-21.65197,121.2295
urn:gleaner.io:eco:earthchem:data:78354a4d2880168e1bde28ddc88af6ae09bb09c8,https://gleaner.io/xid/genid/daj5tf0jo11s73e3l0gg,-21.67833,133.09667
urn:gleaner.io:eco:earthchem:data:78354a4d2880168e1bde28ddc88af6ae09bb09c8,https://gleaner.io/xid/genid/daj5tf0jo11s73e3l0lg,-20.53503,119.01203
urn:gleaner.io:eco:earthchem:data:78354a4d2880168e1bde28ddc88af6ae09bb09c8,https://gleaner.io/xid/genid/daj5tf0jo11s73e3l0fg,-21.77685,15.54139
urn:gleaner.io:eco:earthchem:data:78354a4d2880168e1bde28ddc88af6ae09bb09c8,https://gleaner.io/xid/genid/daj5tf0jo11s73e3l0f0,-21.87831,15.34515
urn:gleaner.io:eco:earthchem:data:78354a4d2880168e1bde28ddc88af6ae09bb09c8,https://gleaner.io/xid/genid/daj5tf0jo11s73e3l0eg,-22.00334,16.01616
urn:gleaner.io:eco:earthchem:data:78354a4d2880168e1bde28ddc88af6ae09bb09c8,https://gleaner.io/xid/genid/daj5tf0jo11s73e3l0e0,-22.00747,15.6153
urn:gleaner.io:eco:earthchem:data:78354a4d2880168e1bde28ddc88af6ae09bb09c8,https://gleaner.io/xid/genid/daj5tf0jo11s73e3l0dg,-22.09304,15.90786
urn:gleaner.io:eco:earthchem:data:78354a4d2880168e1bde28ddc88af6ae09bb09c8,https://gleaner.io/xid/genid/daj5tf0jo11s73e3l0d0,-22.12994,16.11149
urn:gleaner.io:eco:earthchem:data:78354a4d2880168e1bde28ddc88af6ae09bb09c8,https://gleaner.io/xid/genid/daj5tf0jo11s73e3l0cg,-22.3531,16.12624
urn:gleaner.io:eco:earthchem:data:78354a4d2880168e1bde28ddc88af6ae09bb09c8,https://gleaner.io/xid/genid/daj5tf0jo11s73e3l0c0,-22.54432,15.44907
urn:gleaner.io:eco:earthchem:data:78354a4d2880168e1bde28ddc88af6ae09bb09c8,https://gleaner.io/xid/genid/daj5tf0jo11s73e3l0bg,-23.29944,30.53111
urn:gleaner.io:eco:earthchem:data:78354a4d2880168e1bde28ddc88af6ae09bb09c8,https://gleaner.io/xid/genid/daj5tf0jo11s73e3l0qg,-19.92106,46.52836
urn:gleaner.io:eco:earthchem:data:78354a4d2880168e1bde28ddc88af6ae09bb09c8,https://gleaner.io/xid/genid/daj5tf0jo11s73e3l0v0,-18.69917,-42.07139
urn:gleaner.io:eco:earthchem:data:78354a4d2880168e1bde28ddc88af6ae09bb09c8,https://gleaner.io/xid/genid/daj5tf0jo11s73e3l0ug,-18.82289,127.2933
urn:gleaner.io:eco:earthchem:data:78354a4d2880168e1bde28ddc88af6ae09bb09c8,https://gleaner.io/xid/genid/daj5tf0jo11s73e3l0u0,-18.9154,127.2434
urn:gleaner.io:eco:earthchem:data:78354a4d2880168e1bde28ddc88af6ae09bb09c8,https://gleaner.io/xid/genid/daj5tf0jo11s73e3l0tg,-18.9166,127.2411
urn:gleaner.io:eco:earthchem:data:78354a4d2880168e1bde28ddc88af6ae09bb09c8,https://gleaner.io/xid/genid/daj5tf0jo11s73e3l0t0,-19.06902,-41.52991
urn:gleaner.io:eco:earthchem:data:78354a4d2880168e1bde28ddc88af6ae09bb09c8,https://gleaner.io/xid/genid/daj5tf0jo11s73e3l0sg,-19.08139,-41.50944
urn:gleaner.io:eco:earthchem:data:78354a4d2880168e1bde28ddc88af6ae09bb09c8,https://gleaner.io/xid/genid/daj5tf0jo11s73e3l0s0,-19.21667,31.95
urn:gleaner.io:eco:earthchem:data:78354a4d2880168e1bde28ddc88af6ae09bb09c8,https://gleaner.io/xid/genid/daj5tf0jo11s73e3l0rg,-19.23556,-41.44083
urn:gleaner.io:eco:earthchem:data:78354a4d2880168e1bde28ddc88af6ae09bb09c8,https://gleaner.io/xid/genid/daj5tf0jo11s73e3l0r0,-19.9,31.41667
urn:gleaner.io:eco:earthchem:data:78354a4d2880168e1bde28ddc88af6ae09bb09c8,https://gleaner.io/xid/genid/daj5tf0jo11s73e3l0b0,-23.708,29.52499
urn:gleaner.io:eco:earthchem:data:78354a4d2880168e1bde28ddc88af6ae09bb09c8,https://gleaner.io/xid/genid/daj5tf0jo11s73e3l0q0,-19.95043,31.43946
urn:gleaner.io:eco:earthchem:data:78354a4d2880168e1bde28ddc88af6ae09bb09c8,https://gleaner.io/xid/genid/daj5tf0jo11s73e3l0pg,-19.96318,31.42776
urn:gleaner.io:eco:earthchem:data:78354a4d2880168e1bde28ddc88af6ae09bb09c8,https://gleaner.io/xid/genid/daj5tf0jo11s73e3l0p0,-19.98472,46.95222
urn:gleaner.io:eco:earthchem:data:78354a4d2880168e1bde28ddc88af6ae09bb09c8,https://gleaner.io/xid/genid/daj5tf0jo11s73e3l0og,-20.04944,46.97611
urn:gleaner.io:eco:earthchem:data:78354a4d2880168e1bde28ddc88af6ae09bb09c8,https://gleaner.io/xid/genid/daj5tf0jo11s73e3l0o0,-20.05,46.95694
urn:gleaner.io:eco:earthchem:data:78354a4d2880168e1bde28ddc88af6ae09bb09c8,https://gleaner.io/xid/genid/daj5tf0jo11s73e3l0ng,-20.05889,46.94111
urn:gleaner.io:eco:earthchem:data:78354a4d2880168e1bde28ddc88af6ae09bb09c8,https://gleaner.io/xid/genid/daj5tf0jo11s73e3l0n0,-20.09207,46.95968
urn:gleaner.io:eco:earthchem:data:78354a4d2880168e1bde28ddc88af6ae09bb09c8,https://gleaner.io/xid/genid/daj5tf0jo11s73e3l0mg,-20.23127,164.02699
urn:gleaner.io:eco:earthchem:data:78354a4d2880168e1bde28ddc88af6ae09bb09c8,https://gleaner.io/xid/genid/daj5tf0jo11s73e3l0m0,-20.24028,47.02194
urn:gleaner.io:eco:earthchem:data:78354a4d2880168e1bde28ddc88af6ae09bb09c8,https://gleaner.io/xid/genid/daj5tf0jo11s73e3kt90,34.00278,-112.50278
urn:gleaner.io:eco:earthchem:data:78354a4d2880168e1bde28ddc88af6ae09bb09c8,https://gleaner.io/xid/genid/daj5tf0jo11s73e3kte0,-22.4666666667,134.75
urn:gleaner.io:eco:earthchem:data:78354a4d2880168e1bde28ddc88af6ae09bb09c8,https://gleaner.io/xid/genid/daj5tf0jo11s73e3ktdg,-31.50964,121.57364
urn:gleaner.io:eco:earthchem:data:78354a4d2880168e1bde28ddc88af6ae09bb09c8,https://gleaner.io/xid/genid/daj5tf0jo11s73e3ktd0,47.9375,88.83333
urn:gleaner.io:eco:earthchem:data:78354a4d2880168e1bde28ddc88af6ae09bb09c8,https://gleaner.io/xid/genid/daj5tf0jo11s73e3ktcg,44.24778,-70.95167
urn:gleaner.io:eco:earthchem:data:78354a4d2880168e1bde28ddc88af6ae09bb09c8,https://gleaner.io/xid/genid/daj5tf0jo11s73e3ktc0,20.7939,-15.5706
urn:gleaner.io:eco:earthchem:data:78354a4d2880168e1bde28ddc88af6ae09bb09c8,https://gleaner.io/xid/genid/daj5tf0jo11s73e3ktbg,-18.93167,-41.28194
urn:gleaner.io:eco:earthchem:data:78354a4d2880168e1bde28ddc88af6ae09bb09c8,https://gleaner.io/xid/genid/daj5tf0jo11s73e3ktb0,-19.08333,32.1
urn:gleaner.io:eco:earthchem:data:78354a4d2880168e1bde28ddc88af6ae09bb09c8,https://gleaner.io/xid/genid/daj5tf0jo11s73e3ktag,-21.77745,-46.63296
urn:gleaner.io:eco:earthchem:data:78354a4d2880168e1bde28ddc88af6ae09bb09c8,https://gleaner.io/xid/genid/daj5tf0jo11s73e3kta0,-27.13447,22.84614
urn:gleaner.io:eco:earthchem:data:78354a4d2880168e1bde28ddc88af6ae09bb09c8,https://gleaner.io/xid/genid/daj5tf0jo11s73e3kt9g,-28.20915,23.05993
urn:gleaner.io:eco:earthchem:data:78354a4d2880168e1bde28ddc88af6ae09bb09c8,https://gleaner.io/xid/genid/daj5tf0jo11s73e3kteg,33.37722,-117.04222
urn:gleaner.io:eco:earthchem:data:78354a4d2880168e1bde28ddc88af6ae09bb09c8,https://gleaner.io/xid/genid/daj5tf0jo11s73e3kt8g,-32.18741,119.79489
urn:gleaner.io:eco:earthchem:data:78354a4d2880168e1bde28ddc88af6ae09bb09c8,https://gleaner.io/xid/genid/daj5tf0jo11s73e3kt80,45.45556,120.475
urn:gleaner.io:eco:earthchem:data:78354a4d2880168e1bde28ddc88af6ae09bb09c8,https://gleaner.io/xid/genid/daj5tf0jo11s73e3kt7g,32.0625,-116.12333
urn:gleaner.io:eco:earthchem:data:78354a4d2880168e1bde28ddc88af6ae09bb09c8,https://gleaner.io/xid/genid/daj5tf0jo11s73e3kt70,-20.06556,46.96889
urn:gleaner.io:eco:earthchem:data:78354a4d2880168e1bde28ddc88af6ae09bb09c8,https://gleaner.io/xid/genid/daj5tf0jo11s73e3kt6g,-33.85329,116.06147
urn:gleaner.io:eco:earthchem:data:78354a4d2880168e1bde28ddc88af6ae09bb09c8,https://gleaner.io/xid/genid/daj5tf0jo11s73e3kt60,62.1825,-112.2172
urn:gleaner.io:eco:earthchem:data:78354a4d2880168e1bde28ddc88af6ae09bb09c8,https://gleaner.io/xid/genid/daj5tf0jo11s73e3kt5g,60.74167,-113.1125
urn:gleaner.io:eco:earthchem:data:78354a4d2880168e1bde28ddc88af6ae09bb09c8,https://gleaner.io/xid/genid/daj5tf0jo11s73e3kt50,50.65111,16.83222
urn:gleaner.io:eco:earthchem:data:78354a4d2880168e1bde28ddc88af6ae09bb09c8,https://gleaner.io/xid/genid/daj5tf0jo11s73e3kt4g,35.20778,70.34944
urn:gleaner.io:eco:earthchem:data:78354a4d2880168e1bde28ddc88af6ae09bb09c8,https://gleaner.io/xid/genid/daj5tf0jo11s73e3ktjg,67.66667,33.55
urn:gleaner.io:eco:earthchem:data:78354a4d2880168e1bde28ddc88af6ae09bb09c8,https://gleaner.io/xid/genid/daj5tf0jo11s73e3kto0,35.065,74.74222
urn:gleaner.io:eco:earthchem:data:78354a4d2880168e1bde28ddc88af6ae09bb09c8,https://gleaner.io/xid/genid/daj5tf0jo11s73e3ktng,-30.83333,151.25
urn:gleaner.io:eco:earthchem:data:78354a4d2880168e1bde28ddc88af6ae09bb09c8,https://gleaner.io/xid/genid/daj5tf0jo11s73e3ktn0,50.42167,11.81111
urn:gleaner.io:eco:earthchem:data:78354a4d2880168e1bde28ddc88af6ae09bb09c8,https://gleaner.io/xid/genid/daj5tf0jo11s73e3ktmg,42.35111,10.92111
urn:gleaner.io:eco:earthchem:data:78354a4d2880168e1bde28ddc88af6ae09bb09c8,https://gleaner.io/xid/genid/daj5tf0jo11s73e3ktm0,40.54639,-105.37333
urn:gleaner.io:eco:earthchem:data:78354a4d2880168e1bde28ddc88af6ae09bb09c8,https://gleaner.io/xid/genid/daj5tf0jo11s73e3ktlg,38.54167,-106.62556
urn:gleaner.io:eco:earthchem:data:78354a4d2880168e1bde28ddc88af6ae09bb09c8,https://gleaner.io/xid/genid/daj5tf0jo11s73e3ktl0,33.37778,-117.06167
urn:gleaner.io:eco:earthchem:data:78354a4d2880168e1bde28ddc88af6ae09bb09c8,https://gleaner.io/xid/genid/daj5tf0jo11s73e3ktkg,-19.42754,18.53499
urn:gleaner.io:eco:earthchem:data:78354a4d2880168e1bde28ddc88af6ae09bb09c8,https://gleaner.io/xid/genid/daj5tf0jo11s73e3ktk0,-26.46667,16.01667
urn:gleaner.io:eco:earthchem:data:78354a4d2880168e1bde28ddc88af6ae09bb09c8,https://gleaner.io/xid/genid/daj5tf0jo11s73e3kt40,25.46667,112.56667
urn:gleaner.io:eco:earthchem:data:78354a4d2880168e1bde28ddc88af6ae09bb09c8,https://gleaner.io/xid/genid/daj5tf0jo11s73e3ktj0,36.83333,79.25
urn:gleaner.io:eco:earthchem:data:78354a4d2880168e1bde28ddc88af6ae09bb09c8,https://gleaner.io/xid/genid/daj5tf0jo11s73e3ktig,-15.7,37.78194
urn:gleaner.io:eco:earthchem:data:78354a4d2880168e1bde28ddc88af6ae09bb09c8,https://gleaner.io/xid/genid/daj5tf0jo11s73e3kti0,-20.63333,46.61667
urn:gleaner.io:eco:earthchem:data:78354a4d2880168e1bde28ddc88af6ae09bb09c8,https://gleaner.io/xid/genid/daj5tf0jo11s73e3kthg,-33.65235,119.88147
urn:gleaner.io:eco:earthchem:data:78354a4d2880168e1bde28ddc88af6ae09bb09c8,https://gleaner.io/xid/genid/daj5tf0jo11s73e3kth0,57.71722,61.01528
urn:gleaner.io:eco:earthchem:data:78354a4d2880168e1bde28ddc88af6ae09bb09c8,https://gleaner.io/xid/genid/daj5tf0jo11s73e3ktgg,45.44222,-66.82
urn:gleaner.io:eco:earthchem:data:78354a4d2880168e1bde28ddc88af6ae09bb09c8,https://gleaner.io/xid/genid/daj5tf0jo11s73e3ktg0,43.77472,-69.76722
urn:gleaner.io:eco:earthchem:data:78354a4d2880168e1bde28ddc88af6ae09bb09c8,https://gleaner.io/xid/genid/daj5tf0jo11s73e3ktfg,41.4925,-72.51083
urn:gleaner.io:eco:earthchem:data:78354a4d2880168e1bde28ddc88af6ae09bb09c8,https://gleaner.io/xid/genid/daj5tf0jo11s73e3ktf0,34.4534,-92.98018
urn:gleaner.io:eco:earthchem:data:78354a4d2880168e1bde28ddc88af6ae09bb09c8,https://gleaner.io/xid/genid/daj5tf0jo11s73e3kskg,44.545,-70.72222
urn:gleaner.io:eco:earthchem:data:78354a4d2880168e1bde28ddc88af6ae09bb09c8,https://gleaner.io/xid/genid/daj5tf0jo11s73e3kspg,-16.61167,-42.18139
urn:gleaner.io:eco:earthchem:data:78354a4d2880168e1bde28ddc88af6ae09bb09c8,https://gleaner.io/xid/genid/daj5tf0jo11s73e3ksp0,57.78333,61.05
urn:gleaner.io:eco:earthchem:data:78354a4d2880168e1bde28ddc88af6ae09bb09c8,https://gleaner.io/xid/genid/daj5tf0jo11s73e3ksog,49.47996,16.24205
urn:gleaner.io:eco:earthchem:data:78354a4d2880168e1bde28ddc88af6ae09bb09c8,https://gleaner.io/xid/genid/daj5tf0jo11s73e3kso0,43.59778,-103.50417
urn:gleaner.io:eco:earthchem:data:78354a4d2880168e1bde28ddc88af6ae09bb09c8,https://gleaner.io/xid/genid/daj5tf0jo11s73e3ksng,35.33889,-81.3125
urn:gleaner.io:eco:earthchem:data:78354a4d2880168e1bde28ddc88af6ae09bb09c8,https://gleaner.io/xid/genid/daj5tf0jo11s73e3ksn0,34.75,-116.43333
urn:gleaner.io:eco:earthchem:data:78354a4d2880168e1bde28ddc88af6ae09bb09c8,https://gleaner.io/xid/genid/daj5tf0jo11s73e3ksmg,34.66111,70.54167
urn:gleaner.io:eco:earthchem:data:78354a4d2880168e1bde28ddc88af6ae09bb09c8,https://gleaner.io/xid/genid/daj5tf0jo11s73e3ksm0,32.61,-4.52833
urn:gleaner.io:eco:earthchem:data:78354a4d2880168e1bde28ddc88af6ae09bb09c8,https://gleaner.io/xid/genid/daj5tf0jo11s73e3kslg,49.54944,14.25333
urn:gleaner.io:eco:earthchem:data:78354a4d2880168e1bde28ddc88af6ae09bb09c8,https://gleaner.io/xid/genid/daj5tf0jo11s73e3ksl0,48.39528,15.36278
urn:gleaner.io:eco:earthchem:data:78354a4d2880168e1bde28ddc88af6ae09bb09c8,https://gleaner.io/xid/genid/daj5tf0jo11s73e3ksq0,-1.92833,29.60556
urn:gleaner.io:eco:earthchem:data:78354a4d2880168e1bde28ddc88af6ae09bb09c8,https://gleaner.io/xid/genid/daj5tf0jo11s73e3ksk0,-16.80444,-41.89056
urn:gleaner.io:eco:earthchem:data:78354a4d2880168e1bde28ddc88af6ae09bb09c8,https://gleaner.io/xid/genid/daj5tf0jo11s73e3ksjg,-18.27099,-42.18279
urn:gleaner.io:eco:earthchem:data:78354a4d2880168e1bde28ddc88af6ae09bb09c8,https://gleaner.io/xid/genid/daj5tf0jo11s73e3ksj0,-19.35639,-41.23528
urn:gleaner.io:eco:earthchem:data:78354a4d2880168e1bde28ddc88af6ae09bb09c8,https://gleaner.io/xid/genid/daj5tf0jo11s73e3ksig,-20.61667,46.53333
urn:gleaner.io:eco:earthchem:data:78354a4d2880168e1bde28ddc88af6ae09bb09c8,https://gleaner.io/xid/genid/daj5tf0jo11s73e3ksi0,47.19641,13.00219
urn:gleaner.io:eco:earthchem:data:78354a4d2880168e1bde28ddc88af6ae09bb09c8,https://gleaner.io/xid/genid/daj5tf0jo11s73e3kshg,45.71778,-75.75639
urn:gleaner.io:eco:earthchem:data:78354a4d2880168e1bde28ddc88af6ae09bb09c8,https://gleaner.io/xid/genid/daj5tf0jo11s73e3ksh0,41.65351,-72.51354
urn:gleaner.io:eco:earthchem:data:78354a4d2880168e1bde28ddc88af6ae09bb09c8,https://gleaner.io/xid/genid/daj5tf0jo11s73e3ksgg,35.97861,79.18173
urn:gleaner.io:eco:earthchem:data:78354a4d2880168e1bde28ddc88af6ae09bb09c8,https://gleaner.io/xid/genid/daj5tf0jo11s73e3ksg0,-19.97861,46.95111
urn:gleaner.io:eco:earthchem:data:78354a4d2880168e1bde28ddc88af6ae09bb09c8,https://gleaner.io/xid/genid/daj5tf0jo11s73e3ksv0,43.35778,-72.25222
urn:gleaner.io:eco:earthchem:data:78354a4d2880168e1bde28ddc88af6ae09bb09c8,https://gleaner.io/xid/genid/daj5tf0jo11s73e3kt3g,47.29583,90.3
urn:gleaner.io:eco:earthchem:data:78354a4d2880168e1bde28ddc88af6ae09bb09c8,https://gleaner.io/xid/genid/daj5tf0jo11s73e3kt30,33.43444,-116.67583
urn:gleaner.io:eco:earthchem:data:78354a4d2880168e1bde28ddc88af6ae09bb09c8,https://gleaner.io/xid/genid/daj5tf0jo11s73e3kt2g,-23.12005,134.60119
urn:gleaner.io:eco:earthchem:data:78354a4d2880168e1bde28ddc88af6ae09bb09c8,https://gleaner.io/xid/genid/daj5tf0jo11s73e3kt20,-20.82054,117.1989
urn:gleaner.io:eco:earthchem:data:78354a4d2880168e1bde28ddc88af6ae09bb09c8,https://gleaner.io/xid/genid/daj5tf0jo11s73e3kt1g,49.53806,83.00639
urn:gleaner.io:eco:earthchem:data:78354a4d2880168e1bde28ddc88af6ae09bb09c8,https://gleaner.io/xid/genid/daj5tf0jo11s73e3kt10,46.08333,135.75
urn:gleaner.io:eco:earthchem:data:78354a4d2880168e1bde28ddc88af6ae09bb09c8,https://gleaner.io/xid/genid/daj5tf0jo11s73e3kt0g,-19.19833,-41.44361
urn:gleaner.io:eco:earthchem:data:78354a4d2880168e1bde28ddc88af6ae09bb09c8,https://gleaner.io/xid/genid/daj5tf0jo11s73e3kt00,-33.85427,116.06098
urn:gleaner.io:eco:earthchem:data:78354a4d2880168e1bde28ddc88af6ae09bb09c8,https://gleaner.io/xid/genid/daj5tf0jo11s73e3ksvg,61.13444,26.16778
urn:gleaner.io:eco:earthchem:data:78354a4d2880168e1bde28ddc88af6ae09bb09c8,https://gleaner.io/xid/genid/daj5tf0jo11s73e3ktog,36.63333,71.75
urn:gleaner.io:eco:earthchem:data:78354a4d2880168e1bde28ddc88af6ae09bb09c8,https://gleaner.io/xid/genid/daj5tf0jo11s73e3ksug,35.39833,70.93056
urn:gleaner.io:eco:earthchem:data:78354a4d2880168e1bde28ddc88af6ae09bb09c8,https://gleaner.io/xid/genid/daj5tf0jo11s73e3ksu0,-5.98333,-50.51667
urn:gleaner.io:eco:earthchem:data:78354a4d2880168e1bde28ddc88af6ae09bb09c8,https://gleaner.io/xid/genid/daj5tf0jo11s73e3kstg,-26.91667,16.88333
urn:gleaner.io:eco:earthchem:data:78354a4d2880168e1bde28ddc88af6ae09bb09c8,https://gleaner.io/xid/genid/daj5tf0jo11s73e3kst0,-29.89333,139.53778
urn:gleaner.io:eco:earthchem:data:78354a4d2880168e1bde28ddc88af6ae09bb09c8,https://gleaner.io/xid/genid/daj5tf0jo11s73e3kssg,41.14833,21.95361
urn:gleaner.io:eco:earthchem:data:78354a4d2880168e1bde28ddc88af6ae09bb09c8,https://gleaner.io/xid/genid/daj5tf0jo11s73e3kss0,38.66667,-109.63333
urn:gleaner.io:eco:earthchem:data:78354a4d2880168e1bde28ddc88af6ae09bb09c8,https://gleaner.io/xid/genid/daj5tf0jo11s73e3ksrg,35.36278,-81.30527
urn:gleaner.io:eco:earthchem:data:78354a4d2880168e1bde28ddc88af6ae09bb09c8,https://gleaner.io/xid/genid/daj5tf0jo11s73e3ksr0,34.29806,73.89722
urn:gleaner.io:eco:earthchem:data:78354a4d2880168e1bde28ddc88af6ae09bb09c8,https://gleaner.io/xid/genid/daj5tf0jo11s73e3ksqg,17.3,-96.9
urn:gleaner.io:eco:earthchem:data:78354a4d2880168e1bde28ddc88af6ae09bb09c8,https://gleaner.io/xid/genid/daj5tf0jo11s73e3kui0,59.04386,9.82822
urn:gleaner.io:eco:earthchem:data:78354a4d2880168e1bde28ddc88af6ae09bb09c8,https://gleaner.io/xid/genid/daj5tf0jo11s73e3kun0,43.71278,-103.69694
urn:gleaner.io:eco:earthchem:data:78354a4d2880168e1bde28ddc88af6ae09bb09c8,https://gleaner.io/xid/genid/daj5tf0jo11s73e3kumg,36.3311,-114.57499
urn:gleaner.io:eco:earthchem:data:78354a4d2880168e1bde28ddc88af6ae09bb09c8,https://gleaner.io/xid/genid/daj5tf0jo11s73e3kum0,33.37889,-117.03833
urn:gleaner.io:eco:earthchem:data:78354a4d2880168e1bde28ddc88af6ae09bb09c8,https://gleaner.io/xid/genid/daj5tf0jo11s73e3kulg,-21.91667,-46.53333
urn:gleaner.io:eco:earthchem:data:78354a4d2880168e1bde28ddc88af6ae09bb09c8,https://gleaner.io/xid/genid/daj5tf0jo11s73e3kul0,50.40185,-95.68738
urn:gleaner.io:eco:earthchem:data:78354a4d2880168e1bde28ddc88af6ae09bb09c8,https://gleaner.io/xid/genid/daj5tf0jo11s73e3kukg,48.1,81.45
urn:gleaner.io:eco:earthchem:data:78354a4d2880168e1bde28ddc88af6ae09bb09c8,https://gleaner.io/xid/genid/daj5tf0jo11s73e3kuk0,43.8577,-70.7872
urn:gleaner.io:eco:earthchem:data:78354a4d2880168e1bde28ddc88af6ae09bb09c8,https://gleaner.io/xid/genid/daj5tf0jo11s73e3kujg,31.4625,-116.12639
urn:gleaner.io:eco:earthchem:data:78354a4d2880168e1bde28ddc88af6ae09bb09c8,https://gleaner.io/xid/genid/daj5tf0jo11s73e3kuj0,-41.88944,145.43083
urn:gleaner.io:eco:earthchem:data:78354a4d2880168e1bde28ddc88af6ae09bb09c8,https://gleaner.io/xid/genid/daj5tf0jo11s73e3kuig,62.67944,23.49056
urn:gleaner.io:eco:earthchem:data:78354a4d2880168e1bde28ddc88af6ae09bb09c8,https://gleaner.io/xid/genid/daj5tf0jo11s73e3kung,44.27028,-70.62333
urn:gleaner.io:eco:earthchem:data:78354a4d2880168e1bde28ddc88af6ae09bb09c8,https://gleaner.io/xid/genid/daj5tf0jo11s73e3kuhg,46.17894,2.95387
urn:gleaner.io:eco:earthchem:data:78354a4d2880168e1bde28ddc88af6ae09bb09c8,https://gleaner.io/xid/genid/daj5tf0jo11s73e3kuh0,44.58667,7.32667
urn:gleaner.io:eco:earthchem:data:78354a4d2880168e1bde28ddc88af6ae09bb09c8,https://gleaner.io/xid/genid/daj5tf0jo11s73e3kugg,42.74278,10.20639
urn:gleaner.io:eco:earthchem:data:78354a4d2880168e1bde28ddc88af6ae09bb09c8,https://gleaner.io/xid/genid/daj5tf0jo11s73e3kug0,-20.07,29.42889
urn:gleaner.io:eco:earthchem:data:78354a4d2880168e1bde28ddc88af6ae09bb09c8,https://gleaner.io/xid/genid/daj5tf0jo11s73e3kufg,-24.88556,-66.29972
urn:gleaner.io:eco:earthchem:data:78354a4d2880168e1bde28ddc88af6ae09bb09c8,https://gleaner.io/xid/genid/daj5tf0jo11s73e3kuf0,50.9025,16.88333
urn:gleaner.io:eco:earthchem:data:78354a4d2880168e1bde28ddc88af6ae09bb09c8,https://gleaner.io/xid/genid/daj5tf0jo11s73e3kueg,35.48611,70.98611
urn:gleaner.io:eco:earthchem:data:78354a4d2880168e1bde28ddc88af6ae09bb09c8,https://gleaner.io/xid/genid/daj5tf0jo11s73e3kue0,35.23944,-81.34194
urn:gleaner.io:eco:earthchem:data:78354a4d2880168e1bde28ddc88af6ae09bb09c8,https://gleaner.io/xid/genid/daj5tf0jo11s73e3kudg,-0.97111,30.15667
urn:gleaner.io:eco:earthchem:data:78354a4d2880168e1bde28ddc88af6ae09bb09c8,https://gleaner.io/xid/genid/daj5tf0jo11s73e3kusg,40.57476,-111.60561
urn:gleaner.io:eco:earthchem:data:78354a4d2880168e1bde28ddc88af6ae09bb09c8,https://gleaner.io/xid/genid/daj5tf0jo11s73e3kv10,35.285,-84.24667
urn:gleaner.io:eco:earthchem:data:78354a4d2880168e1bde28ddc88af6ae09bb09c8,https://gleaner.io/xid/genid/daj5tf0jo11s73e3kv0g,34.45763,-92.8434
urn:gleaner.io:eco:earthchem:data:78354a4d2880168e1bde28ddc88af6ae09bb09c8,https://gleaner.io/xid/genid/daj5tf0jo11s73e3kv00,-20.09281,46.95774
urn:gleaner.io:eco:earthchem:data:78354a4d2880168e1bde28ddc88af6ae09bb09c8,https://gleaner.io/xid/genid/daj5tf0jo11s73e3kuvg,-31.11046,121.07213
urn:gleaner.io:eco:earthchem:data:78354a4d2880168e1bde28ddc88af6ae09bb09c8,https://gleaner.io/xid/genid/daj5tf0jo11s73e3kuv0,43.87111,-103.425
urn:gleaner.io:eco:earthchem:data:78354a4d2880168e1bde28ddc88af6ae09bb09c8,https://gleaner.io/xid/genid/daj5tf0jo11s73e3kuug,35.29222106933594,-84.24805450439453
urn:gleaner.io:eco:earthchem:data:78354a4d2880168e1bde28ddc88af6ae09bb09c8,https://gleaner.io/xid/genid/daj5tf0jo11s73e3kuu0,-19.96109,31.4324
urn:gleaner.io:eco:earthchem:data:78354a4d2880168e1bde28ddc88af6ae09bb09c8,https://gleaner.io/xid/genid/daj5tf0jo11s73e3kutg,59.14087,9.69271
urn:gleaner.io:eco:earthchem:data:78354a4d2880168e1bde28ddc88af6ae09bb09c8,https://gleaner.io/xid/genid/daj5tf0jo11s73e3kut0,58.995639,9.817342
urn:gleaner.io:eco:earthchem:data:78354a4d2880168e1bde28ddc88af6ae09bb09c8,https://gleaner.io/xid/genid/daj5tf0jo11s73e3kud0,42.58833,2.38833
urn:gleaner.io:eco:earthchem:data:78354a4d2880168e1bde28ddc88af6ae09bb09c8,https://gleaner.io/xid/genid/daj5tf0jo11s73e3kus0,36.36667,-120.70278
urn:gleaner.io:eco:earthchem:data:78354a4d2880168e1bde28ddc88af6ae09bb09c8,https://gleaner.io/xid/genid/daj5tf0jo11s73e3kurg,35.27583,-81.33305
urn:gleaner.io:eco:earthchem:data:78354a4d2880168e1bde28ddc88af6ae09bb09c8,https://gleaner.io/xid/genid/daj5tf0jo11s73e3kur0,44.26417,-70.40194
urn:gleaner.io:eco:earthchem:data:78354a4d2880168e1bde28ddc88af6ae09bb09c8,https://gleaner.io/xid/genid/daj5tf0jo11s73e3kuqg,44.22389,-70.95306
urn:gleaner.io:eco:earthchem:data:78354a4d2880168e1bde28ddc88af6ae09bb09c8,https://gleaner.io/xid/genid/daj5tf0jo11s73e3kuq0,35.06778,70.30583
urn:gleaner.io:eco:earthchem:data:78354a4d2880168e1bde28ddc88af6ae09bb09c8,https://gleaner.io/xid/genid/daj5tf0jo11s73e3kupg,-20.91667,29.93333
urn:gleaner.io:eco:earthchem:data:78354a4d2880168e1bde28ddc88af6ae09bb09c8,https://gleaner.io/xid/genid/daj5tf0jo11s73e3kup0,-27.39225,22.98852
urn:gleaner.io:eco:earthchem:data:78354a4d2880168e1bde28ddc88af6ae09bb09c8,https://gleaner.io/xid/genid/daj5tf0jo11s73e3kuog,67.43333,32.3
urn:gleaner.io:eco:earthchem:data:78354a4d2880168e1bde28ddc88af6ae09bb09c8,https://gleaner.io/xid/genid/daj5tf0jo11s73e3kuo0,50.6449,16.82828
urn:gleaner.io:eco:earthchem:data:78354a4d2880168e1bde28ddc88af6ae09bb09c8,https://gleaner.io/xid/genid/daj5tf0jo11s73e3kttg,43.837,-103.53838
urn:gleaner.io:eco:earthchem:data:78354a4d2880168e1bde28ddc88af6ae09bb09c8,https://gleaner.io/xid/genid/daj5tf0jo11s73e3ku2g,25.45861,112.56722
urn:gleaner.io:eco:earthchem:data:78354a4d2880168e1bde28ddc88af6ae09bb09c8,https://gleaner.io/xid/genid/daj5tf0jo11s73e3ku20,22.96194,96.54583
urn:gleaner.io:eco:earthchem:data:78354a4d2880168e1bde28ddc88af6ae09bb09c8,https://gleaner.io/xid/genid/daj5tf0jo11s73e3ku1g,14.78917,0.06306
urn:gleaner.io:eco:earthchem:data:78354a4d2880168e1bde28ddc88af6ae09bb09c8,https://gleaner.io/xid/genid/daj5tf0jo11s73e3ku10,35.2680549621582,-84.30805206298828
urn:gleaner.io:eco:earthchem:data:78354a4d2880168e1bde28ddc88af6ae09bb09c8,https://gleaner.io/xid/genid/daj5tf0jo11s73e3ku0g,-31.05639,121.43974
urn:gleaner.io:eco:earthchem:data:78354a4d2880168e1bde28ddc88af6ae09bb09c8,https://gleaner.io/xid/genid/daj5tf0jo11s73e3ku00,51.63861,-88.25417
urn:gleaner.io:eco:earthchem:data:78354a4d2880168e1bde28ddc88af6ae09bb09c8,https://gleaner.io/xid/genid/daj5tf0jo11s73e3ktvg,44.19476,131.81242
urn:gleaner.io:eco:earthchem:data:78354a4d2880168e1bde28ddc88af6ae09bb09c8,https://gleaner.io/xid/genid/daj5tf0jo11s73e3ktv0,-12.48267,141.85721
urn:gleaner.io:eco:earthchem:data:78354a4d2880168e1bde28ddc88af6ae09bb09c8,https://gleaner.io/xid/genid/daj5tf0jo11s73e3ktug,50.3791,-4.85133
urn:gleaner.io:eco:earthchem:data:78354a4d2880168e1bde28ddc88af6ae09bb09c8,https://gleaner.io/xid/genid/daj5tf0jo11s73e3ktu0,44.53333,19.3
urn:gleaner.io:eco:earthchem:data:78354a4d2880168e1bde28ddc88af6ae09bb09c8,https://gleaner.io/xid/genid/daj5tf0jo11s73e3ku30,34.45339,-92.84631
urn:gleaner.io:eco:earthchem:data:78354a4d2880168e1bde28ddc88af6ae09bb09c8,https://gleaner.io/xid/genid/daj5tf0jo11s73e3ktt0,33.3747222222,-117.033055556
urn:gleaner.io:eco:earthchem:data:78354a4d2880168e1bde28ddc88af6ae09bb09c8,https://gleaner.io/xid/genid/daj5tf0jo11s73e3ktsg,22.9425,96.52444
urn:gleaner.io:eco:earthchem:data:78354a4d2880168e1bde28ddc88af6ae09bb09c8,https://gleaner.io/xid/genid/daj5tf0jo11s73e3kts0,11.06,49.03
urn:gleaner.io:eco:earthchem:data:78354a4d2880168e1bde28ddc88af6ae09bb09c8,https://gleaner.io/xid/genid/daj5tf0jo11s73e3ktrg,-41.48585,146.08243
urn:gleaner.io:eco:earthchem:data:78354a4d2880168e1bde28ddc88af6ae09bb09c8,https://gleaner.io/xid/genid/daj5tf0jo11s73e3ktr0,49.44778,16.27472
urn:gleaner.io:eco:earthchem:data:78354a4d2880168e1bde28ddc88af6ae09bb09c8,https://gleaner.io/xid/genid/daj5tf0jo11s73e3ktqg,43.85667,-103.40472
urn:gleaner.io:eco:earthchem:data:78354a4d2880168e1bde28ddc88af6ae09bb09c8,https://gleaner.io/xid/genid/daj5tf0jo11s73e3ktq0,34.91667,111.53333
urn:gleaner.io:eco:earthchem:data:78354a4d2880168e1bde28ddc88af6ae09bb09c8,https://gleaner.io/xid/genid/daj5tf0jo11s73e3ktpg,33.38639,-117.06083
urn:gleaner.io:eco:earthchem:data:78354a4d2880168e1bde28ddc88af6ae09bb09c8,https://gleaner.io/xid/genid/daj5tf0jo11s73e3ktp0,-43.99086,169.33671
urn:gleaner.io:eco:earthchem:data:78354a4d2880168e1bde28ddc88af6ae09bb09c8,https://gleaner.io/xid/genid/daj5tf0jo11s73e3ku80,60.92222,-45.83639
urn:gleaner.io:eco:earthchem:data:78354a4d2880168e1bde28ddc88af6ae09bb09c8,https://gleaner.io/xid/genid/daj5tf0jo11s73e3kucg,42.50639,-71.78222
urn:gleaner.io:eco:earthchem:data:78354a4d2880168e1bde28ddc88af6ae09bb09c8,https://gleaner.io/xid/genid/daj5tf0jo11s73e3kuc0,38.49148,-105.33781
urn:gleaner.io:eco:earthchem:data:78354a4d2880168e1bde28ddc88af6ae09bb09c8,https://gleaner.io/xid/genid/daj5tf0jo11s73e3kubg,37.75169,27.02408
urn:gleaner.io:eco:earthchem:data:78354a4d2880168e1bde28ddc88af6ae09bb09c8,https://gleaner.io/xid/genid/daj5tf0jo11s73e3kub0,33.9625,-112.564
urn:gleaner.io:eco:earthchem:data:78354a4d2880168e1bde28ddc88af6ae09bb09c8,https://gleaner.io/xid/genid/daj5tf0jo11s73e3kuag,67.77201,34.6672
urn:gleaner.io:eco:earthchem:data:78354a4d2880168e1bde28ddc88af6ae09bb09c8,https://gleaner.io/xid/genid/daj5tf0jo11s73e3kua0,59.88,92.91
urn:gleaner.io:eco:earthchem:data:78354a4d2880168e1bde28ddc88af6ae09bb09c8,https://gleaner.io/xid/genid/daj5tf0jo11s73e3ku9g,50.35177,-95.34622
urn:gleaner.io:eco:earthchem:data:78354a4d2880168e1bde28ddc88af6ae09bb09c8,https://gleaner.io/xid/genid/daj5tf0jo11s73e3ku90,35.29667,-84.24084
urn:gleaner.io:eco:earthchem:data:78354a4d2880168e1bde28ddc88af6ae09bb09c8,https://gleaner.io/xid/genid/daj5tf0jo11s73e3ku8g,-1.93333,29.65
urn:gleaner.io:eco:earthchem:data:78354a4d2880168e1bde28ddc88af6ae09bb09c8,https://gleaner.io/xid/genid/daj5tf0jo11s73e3kv1g,44.73778,21.7025
urn:gleaner.io:eco:earthchem:data:78354a4d2880168e1bde28ddc88af6ae09bb09c8,https://gleaner.io/xid/genid/daj5tf0jo11s73e3ku7g,48.43972,15.40917
urn:gleaner.io:eco:earthchem:data:78354a4d2880168e1bde28ddc88af6ae09bb09c8,https://gleaner.io/xid/genid/daj5tf0jo11s73e3ku70,26.2,110.83333
urn:gleaner.io:eco:earthchem:data:78354a4d2880168e1bde28ddc88af6ae09bb09c8,https://gleaner.io/xid/genid/daj5tf0jo11s73e3ku6g,-19.26861,31.8693
urn:gleaner.io:eco:earthchem:data:78354a4d2880168e1bde28ddc88af6ae09bb09c8,https://gleaner.io/xid/genid/daj5tf0jo11s73e3ku60,49.05387,13.04473
urn:gleaner.io:eco:earthchem:data:78354a4d2880168e1bde28ddc88af6ae09bb09c8,https://gleaner.io/xid/genid/daj5tf0jo11s73e3ku5g,35.96889,70.38778
urn:gleaner.io:eco:earthchem:data:78354a4d2880168e1bde28ddc88af6ae09bb09c8,https://gleaner.io/xid/genid/daj5tf0jo11s73e3ku50,33.38111,-117.05167
urn:gleaner.io:eco:earthchem:data:78354a4d2880168e1bde28ddc88af6ae09bb09c8,https://gleaner.io/xid/genid/daj5tf0jo11s73e3ku4g,-17.01667,32.26667
urn:gleaner.io:eco:earthchem:data:78354a4d2880168e1bde28ddc88af6ae09bb09c8,https://gleaner.io/xid/genid/daj5tf0jo11s73e3ku40,44.35083,-70.78222
urn:gleaner.io:eco:earthchem:data:78354a4d2880168e1bde28ddc88af6ae09bb09c8,https://gleaner.io/xid/genid/daj5tf0jo11s73e3ku3g,39.82611,-6.97944
urn:gleaner.io:eco:earthchem:data:78354a4d2880168e1bde28ddc88af6ae09bb09c8,https://gleaner.io/xid/genid/daj5tf0jo11s73e3l4v0,47.83889,8.045
urn:gleaner.io:eco:earthchem:data:78354a4d2880168e1bde28ddc88af6ae09bb09c8,https://gleaner.io/xid/genid/daj5tf0jo11s73e3l540,48.44202,30.99927
urn:gleaner.io:eco:earthchem:data:78354a4d2880168e1bde28ddc88af6ae09bb09c8,https://gleaner.io/xid/genid/daj5tf0jo11s73e3l53g,48.41083,-77.80917
urn:gleaner.io:eco:earthchem:data:78354a4d2880168e1bde28ddc88af6ae09bb09c8,https://gleaner.io/xid/genid/daj5tf0jo11s73e3l530,48.40861,91.95083
urn:gleaner.io:eco:earthchem:data:78354a4d2880168e1bde28ddc88af6ae09bb09c8,https://gleaner.io/xid/genid/daj5tf0jo11s73e3l52g,48.39583,15.39306
urn:gleaner.io:eco:earthchem:data:78354a4d2880168e1bde28ddc88af6ae09bb09c8,https://gleaner.io/xid/genid/daj5tf0jo11s73e3l520,48.38833,-77.92194
urn:gleaner.io:eco:earthchem:data:78354a4d2880168e1bde28ddc88af6ae09bb09c8,https://gleaner.io/xid/genid/daj5tf0jo11s73e3l51g,48.38722,15.40194
urn:gleaner.io:eco:earthchem:data:78354a4d2880168e1bde28ddc88af6ae09bb09c8,https://gleaner.io/xid/genid/daj5tf0jo11s73e3l510,48.36028,-78.19972
urn:gleaner.io:eco:earthchem:data:78354a4d2880168e1bde28ddc88af6ae09bb09c8,https://gleaner.io/xid/genid/daj5tf0jo11s73e3l50g,48.2166666667,87.6166666667
urn:gleaner.io:eco:earthchem:data:78354a4d2880168e1bde28ddc88af6ae09bb09c8,https://gleaner.io/xid/genid/daj5tf0jo11s73e3l500,47.925,88.825
urn:gleaner.io:eco:earthchem:data:78354a4d2880168e1bde28ddc88af6ae09bb09c8,https://gleaner.io/xid/genid/daj5tf0jo11s73e3l4vg,47.92222,88.83333
urn:gleaner.io:eco:earthchem:data:78354a4d2880168e1bde28ddc88af6ae09bb09c8,https://gleaner.io/xid/genid/daj5tf0jo11s73e3l54g,48.745,13.36556
urn:gleaner.io:eco:earthchem:data:78354a4d2880168e1bde28ddc88af6ae09bb09c8,https://gleaner.io/xid/genid/daj5tf0jo11s73e3l4ug,47.53318,37.53068
urn:gleaner.io:eco:earthchem:data:78354a4d2880168e1bde28ddc88af6ae09bb09c8,https://gleaner.io/xid/genid/daj5tf0jo11s73e3l4u0,47.46108,25.31639
urn:gleaner.io:eco:earthchem:data:78354a4d2880168e1bde28ddc88af6ae09bb09c8,https://gleaner.io/xid/genid/daj5tf0jo11s73e3l4tg,47.41167,15.64306
urn:gleaner.io:eco:earthchem:data:78354a4d2880168e1bde28ddc88af6ae09bb09c8,https://gleaner.io/xid/genid/daj5tf0jo11s73e3l4t0,47.3729,18.37932
urn:gleaner.io:eco:earthchem:data:78354a4d2880168e1bde28ddc88af6ae09bb09c8,https://gleaner.io/xid/genid/daj5tf0jo11s73e3l4sg,47.20668,89.81641
urn:gleaner.io:eco:earthchem:data:78354a4d2880168e1bde28ddc88af6ae09bb09c8,https://gleaner.io/xid/genid/daj5tf0jo11s73e3l4s0,47.19514,17.91694
urn:gleaner.io:eco:earthchem:data:78354a4d2880168e1bde28ddc88af6ae09bb09c8,https://gleaner.io/xid/genid/daj5tf0jo11s73e3l4rg,46.98907,11.37561
urn:gleaner.io:eco:earthchem:data:78354a4d2880168e1bde28ddc88af6ae09bb09c8,https://gleaner.io/xid/genid/daj5tf0jo11s73e3l4r0,46.88028,-116.58167
urn:gleaner.io:eco:earthchem:data:78354a4d2880168e1bde28ddc88af6ae09bb09c8,https://gleaner.io/xid/genid/daj5tf0jo11s73e3l4qg,46.85139,15.15861
urn:gleaner.io:eco:earthchem:data:78354a4d2880168e1bde28ddc88af6ae09bb09c8,https://gleaner.io/xid/genid/daj5tf0jo11s73e3l59g,49.54612,18.27524
urn:gleaner.io:eco:earthchem:data:78354a4d2880168e1bde28ddc88af6ae09bb09c8,https://gleaner.io/xid/genid/daj5tf0jo11s73e3l5e0,50.19479,8.33596
urn:gleaner.io:eco:earthchem:data:78354a4d2880168e1bde28ddc88af6ae09bb09c8,https://gleaner.io/xid/genid/daj5tf0jo11s73e3l5dg,50.09252,-5.3727
urn:gleaner.io:eco:earthchem:data:78354a4d2880168e1bde28ddc88af6ae09bb09c8,https://gleaner.io/xid/genid/daj5tf0jo11s73e3l5d0,49.87972,97.23972
urn:gleaner.io:eco:earthchem:data:78354a4d2880168e1bde28ddc88af6ae09bb09c8,https://gleaner.io/xid/genid/daj5tf0jo11s73e3l5cg,49.815,-92.65722
urn:gleaner.io:eco:earthchem:data:78354a4d2880168e1bde28ddc88af6ae09bb09c8,https://gleaner.io/xid/genid/daj5tf0jo11s73e3l5c0,49.77142,13.81409
urn:gleaner.io:eco:earthchem:data:78354a4d2880168e1bde28ddc88af6ae09bb09c8,https://gleaner.io/xid/genid/daj5tf0jo11s73e3l5bg,49.75953,13.8351
urn:gleaner.io:eco:earthchem:data:78354a4d2880168e1bde28ddc88af6ae09bb09c8,https://gleaner.io/xid/genid/daj5tf0jo11s73e3l5b0,49.68306,83.00139
urn:gleaner.io:eco:earthchem:data:78354a4d2880168e1bde28ddc88af6ae09bb09c8,https://gleaner.io/xid/genid/daj5tf0jo11s73e3l5ag,49.65528,12.46167
urn:gleaner.io:eco:earthchem:data:78354a4d2880168e1bde28ddc88af6ae09bb09c8,https://gleaner.io/xid/genid/daj5tf0jo11s73e3l5a0,49.65028,12.45972
urn:gleaner.io:eco:earthchem:data:78354a4d2880168e1bde28ddc88af6ae09bb09c8,https://gleaner.io/xid/genid/daj5tf0jo11s73e3l4q0,46.7871,13.54011
urn:gleaner.io:eco:earthchem:data:78354a4d2880168e1bde28ddc88af6ae09bb09c8,https://gleaner.io/xid/genid/daj5tf0jo11s73e3l590,49.5121,11.7268
urn:gleaner.io:eco:earthchem:data:78354a4d2880168e1bde28ddc88af6ae09bb09c8,https://gleaner.io/xid/genid/daj5tf0jo11s73e3l58g,49.48028,16.24167
urn:gleaner.io:eco:earthchem:data:78354a4d2880168e1bde28ddc88af6ae09bb09c8,https://gleaner.io/xid/genid/daj5tf0jo11s73e3l580,49.45,87.07
urn:gleaner.io:eco:earthchem:data:78354a4d2880168e1bde28ddc88af6ae09bb09c8,https://gleaner.io/xid/genid/daj5tf0jo11s73e3l57g,49.44611,-88.03917
urn:gleaner.io:eco:earthchem:data:78354a4d2880168e1bde28ddc88af6ae09bb09c8,https://gleaner.io/xid/genid/daj5tf0jo11s73e3l570,49.35035,15.67919
urn:gleaner.io:eco:earthchem:data:78354a4d2880168e1bde28ddc88af6ae09bb09c8,https://gleaner.io/xid/genid/daj5tf0jo11s73e3l56g,49.31948,14.18862
urn:gleaner.io:eco:earthchem:data:78354a4d2880168e1bde28ddc88af6ae09bb09c8,https://gleaner.io/xid/genid/daj5tf0jo11s73e3l560,49.10306,15.63194
urn:gleaner.io:eco:earthchem:data:78354a4d2880168e1bde28ddc88af6ae09bb09c8,https://gleaner.io/xid/genid/daj5tf0jo11s73e3l55g,49.04503,16.0232
urn:gleaner.io:eco:earthchem:data:78354a4d2880168e1bde28ddc88af6ae09bb09c8,https://gleaner.io/xid/genid/daj5tf0jo11s73e3l550,48.85898,14.42421
urn:gleaner.io:eco:earthchem:data:78354a4d2880168e1bde28ddc88af6ae09bb09c8,https://gleaner.io/xid/genid/daj5tf0jo11s73e3l4ag,44.08556,-70.29417
urn:gleaner.io:eco:earthchem:data:78354a4d2880168e1bde28ddc88af6ae09bb09c8,https://gleaner.io/xid/genid/daj5tf0jo11s73e3l4fg,44.28583,-70.55889
urn:gleaner.io:eco:earthchem:data:78354a4d2880168e1bde28ddc88af6ae09bb09c8,https://gleaner.io/xid/genid/daj5tf0jo11s73e3l4f0,44.2725,-70.39556
urn:gleaner.io:eco:earthchem:data:78354a4d2880168e1bde28ddc88af6ae09bb09c8,https://gleaner.io/xid/genid/daj5tf0jo11s73e3l4eg,44.22167,-70.42417
urn:gleaner.io:eco:earthchem:data:78354a4d2880168e1bde28ddc88af6ae09bb09c8,https://gleaner.io/xid/genid/daj5tf0jo11s73e3l4e0,44.21417,-70.38556
urn:gleaner.io:eco:earthchem:data:78354a4d2880168e1bde28ddc88af6ae09bb09c8,https://gleaner.io/xid/genid/daj5tf0jo11s73e3l4dg,44.1396,7.822
urn:gleaner.io:eco:earthchem:data:78354a4d2880168e1bde28ddc88af6ae09bb09c8,https://gleaner.io/xid/genid/daj5tf0jo11s73e3l4d0,44.11028,10.26111
urn:gleaner.io:eco:earthchem:data:78354a4d2880168e1bde28ddc88af6ae09bb09c8,https://gleaner.io/xid/genid/daj5tf0jo11s73e3l4cg,44.0899,-70.3049
urn:gleaner.io:eco:earthchem:data:78354a4d2880168e1bde28ddc88af6ae09bb09c8,https://gleaner.io/xid/genid/daj5tf0jo11s73e3l4c0,44.0893,-70.3018
urn:gleaner.io:eco:earthchem:data:78354a4d2880168e1bde28ddc88af6ae09bb09c8,https://gleaner.io/xid/genid/daj5tf0jo11s73e3l4bg,44.08889,-70.29
urn:gleaner.io:eco:earthchem:data:78354a4d2880168e1bde28ddc88af6ae09bb09c8,https://gleaner.io/xid/genid/daj5tf0jo11s73e3l4b0,44.08778,-70.29139
urn:gleaner.io:eco:earthchem:data:78354a4d2880168e1bde28ddc88af6ae09bb09c8,https://gleaner.io/xid/genid/daj5tf0jo11s73e3l4g0,44.29306,-70.42639
urn:gleaner.io:eco:earthchem:data:78354a4d2880168e1bde28ddc88af6ae09bb09c8,https://gleaner.io/xid/genid/daj5tf0jo11s73e3l4a0,44.08472,-70.295
urn:gleaner.io:eco:earthchem:data:78354a4d2880168e1bde28ddc88af6ae09bb09c8,https://gleaner.io/xid/genid/daj5tf0jo11s73e3l49g,43.95987,-69.94891
urn:gleaner.io:eco:earthchem:data:78354a4d2880168e1bde28ddc88af6ae09bb09c8,https://gleaner.io/xid/genid/daj5tf0jo11s73e3l490,43.94583,-114.98639
urn:gleaner.io:eco:earthchem:data:78354a4d2880168e1bde28ddc88af6ae09bb09c8,https://gleaner.io/xid/genid/daj5tf0jo11s73e3l48g,43.88389,-103.405
urn:gleaner.io:eco:earthchem:data:78354a4d2880168e1bde28ddc88af6ae09bb09c8,https://gleaner.io/xid/genid/daj5tf0jo11s73e3l480,43.88056,-103.41889
urn:gleaner.io:eco:earthchem:data:78354a4d2880168e1bde28ddc88af6ae09bb09c8,https://gleaner.io/xid/genid/daj5tf0jo11s73e3l47g,43.87638854980469,-103.34833526611328
urn:gleaner.io:eco:earthchem:data:78354a4d2880168e1bde28ddc88af6ae09bb09c8,https://gleaner.io/xid/genid/daj5tf0jo11s73e3l470,43.87404,-103.36232
urn:gleaner.io:eco:earthchem:data:78354a4d2880168e1bde28ddc88af6ae09bb09c8,https://gleaner.io/xid/genid/daj5tf0jo11s73e3l46g,43.86666,-103.38333
urn:gleaner.io:eco:earthchem:data:78354a4d2880168e1bde28ddc88af6ae09bb09c8,https://gleaner.io/xid/genid/daj5tf0jo11s73e3l460,43.865,-103.38194
urn:gleaner.io:eco:earthchem:data:78354a4d2880168e1bde28ddc88af6ae09bb09c8,https://gleaner.io/xid/genid/daj5tf0jo11s73e3l4l0,45.979,1.386
urn:gleaner.io:eco:earthchem:data:78354a4d2880168e1bde28ddc88af6ae09bb09c8,https://gleaner.io/xid/genid/daj5tf0jo11s73e3l4pg,46.78263,13.58173
urn:gleaner.io:eco:earthchem:data:78354a4d2880168e1bde28ddc88af6ae09bb09c8,https://gleaner.io/xid/genid/daj5tf0jo11s73e3l4p0,46.77869,13.5632
urn:gleaner.io:eco:earthchem:data:78354a4d2880168e1bde28ddc88af6ae09bb09c8,https://gleaner.io/xid/genid/daj5tf0jo11s73e3l4og,46.71389,90.54389
urn:gleaner.io:eco:earthchem:data:78354a4d2880168e1bde28ddc88af6ae09bb09c8,https://gleaner.io/xid/genid/daj5tf0jo11s73e3l4o0,46.54639,9.46222
urn:gleaner.io:eco:earthchem:data:78354a4d2880168e1bde28ddc88af6ae09bb09c8,https://gleaner.io/xid/genid/daj5tf0jo11s73e3l4ng,46.29542,9.57832
urn:gleaner.io:eco:earthchem:data:78354a4d2880168e1bde28ddc88af6ae09bb09c8,https://gleaner.io/xid/genid/daj5tf0jo11s73e3l4n0,46.18984,2.94737
urn:gleaner.io:eco:earthchem:data:78354a4d2880168e1bde28ddc88af6ae09bb09c8,https://gleaner.io/xid/genid/daj5tf0jo11s73e3l4mg,46.16568,18.32404
urn:gleaner.io:eco:earthchem:data:78354a4d2880168e1bde28ddc88af6ae09bb09c8,https://gleaner.io/xid/genid/daj5tf0jo11s73e3l4m0,46.12139,9.32333
urn:gleaner.io:eco:earthchem:data:78354a4d2880168e1bde28ddc88af6ae09bb09c8,https://gleaner.io/xid/genid/daj5tf0jo11s73e3l4lg,46.02294,1.30006
urn:gleaner.io:eco:earthchem:data:78354a4d2880168e1bde28ddc88af6ae09bb09c8,https://gleaner.io/xid/genid/daj5tf0jo11s73e3l5eg,50.26548,5.90614
urn:gleaner.io:eco:earthchem:data:78354a4d2880168e1bde28ddc88af6ae09bb09c8,https://gleaner.io/xid/genid/daj5tf0jo11s73e3l4kg,45.56278,-73.14167
urn:gleaner.io:eco:earthchem:data:78354a4d2880168e1bde28ddc88af6ae09bb09c8,https://gleaner.io/xid/genid/daj5tf0jo11s73e3l4k0,45.30917,-116.555
urn:gleaner.io:eco:earthchem:data:78354a4d2880168e1bde28ddc88af6ae09bb09c8,https://gleaner.io/xid/genid/daj5tf0jo11s73e3l4jg,44.73028,-64.51861
urn:gleaner.io:eco:earthchem:data:78354a4d2880168e1bde28ddc88af6ae09bb09c8,https://gleaner.io/xid/genid/daj5tf0jo11s73e3l4j0,44.54639,-70.72111
urn:gleaner.io:eco:earthchem:data:78354a4d2880168e1bde28ddc88af6ae09bb09c8,https://gleaner.io/xid/genid/daj5tf0jo11s73e3l4ig,44.54528,-70.74333
urn:gleaner.io:eco:earthchem:data:78354a4d2880168e1bde28ddc88af6ae09bb09c8,https://gleaner.io/xid/genid/daj5tf0jo11s73e3l4i0,44.54444,-70.72111
urn:gleaner.io:eco:earthchem:data:78354a4d2880168e1bde28ddc88af6ae09bb09c8,https://gleaner.io/xid/genid/daj5tf0jo11s73e3l4hg,44.41194,6.61694
urn:gleaner.io:eco:earthchem:data:78354a4d2880168e1bde28ddc88af6ae09bb09c8,https://gleaner.io/xid/genid/daj5tf0jo11s73e3l4h0,44.32333,-70.69472
urn:gleaner.io:eco:earthchem:data:78354a4d2880168e1bde28ddc88af6ae09bb09c8,https://gleaner.io/xid/genid/daj5tf0jo11s73e3l4gg,44.29556,-70.46694
urn:gleaner.io:eco:earthchem:data:78354a4d2880168e1bde28ddc88af6ae09bb09c8,https://gleaner.io/xid/genid/daj5tf0jo11s73e3l680,59.45,99.87972
urn:gleaner.io:eco:earthchem:data:78354a4d2880168e1bde28ddc88af6ae09bb09c8,https://gleaner.io/xid/genid/daj5tf0jo11s73e3l6d0,62.2014,-112.35
urn:gleaner.io:eco:earthchem:data:78354a4d2880168e1bde28ddc88af6ae09bb09c8,https://gleaner.io/xid/genid/daj5tf0jo11s73e3l6cg,61.20611,-48.17556
urn:gleaner.io:eco:earthchem:data:78354a4d2880168e1bde28ddc88af6ae09bb09c8,https://gleaner.io/xid/genid/daj5tf0jo11s73e3l6c0,60.98222,-45.91611
urn:gleaner.io:eco:earthchem:data:78354a4d2880168e1bde28ddc88af6ae09bb09c8,https://gleaner.io/xid/genid/daj5tf0jo11s73e3l6bg,60.96183,-45.96194
urn:gleaner.io:eco:earthchem:data:78354a4d2880168e1bde28ddc88af6ae09bb09c8,https://gleaner.io/xid/genid/daj5tf0jo11s73e3l6b0,60.93306,-45.90417
urn:gleaner.io:eco:earthchem:data:78354a4d2880168e1bde28ddc88af6ae09bb09c8,https://gleaner.io/xid/genid/daj5tf0jo11s73e3l6ag,60.7272,23.5176
urn:gleaner.io:eco:earthchem:data:78354a4d2880168e1bde28ddc88af6ae09bb09c8,https://gleaner.io/xid/genid/daj5tf0jo11s73e3l6a0,60.25306,23.47352
urn:gleaner.io:eco:earthchem:data:78354a4d2880168e1bde28ddc88af6ae09bb09c8,https://gleaner.io/xid/genid/daj5tf0jo11s73e3l69g,59.922,5.44431
urn:gleaner.io:eco:earthchem:data:78354a4d2880168e1bde28ddc88af6ae09bb09c8,https://gleaner.io/xid/genid/daj5tf0jo11s73e3l690,59.6303,17.95358
urn:gleaner.io:eco:earthchem:data:78354a4d2880168e1bde28ddc88af6ae09bb09c8,https://gleaner.io/xid/genid/daj5tf0jo11s73e3l68g,59.50702,8.57299
urn:gleaner.io:eco:earthchem:data:78354a4d2880168e1bde28ddc88af6ae09bb09c8,https://gleaner.io/xid/genid/daj5tf0jo11s73e3l6dg,62.24303,35.08301
urn:gleaner.io:eco:earthchem:data:78354a4d2880168e1bde28ddc88af6ae09bb09c8,https://gleaner.io/xid/genid/daj5tf0jo11s73e3l67g,59.1831,8.75961
urn:gleaner.io:eco:earthchem:data:78354a4d2880168e1bde28ddc88af6ae09bb09c8,https://gleaner.io/xid/genid/daj5tf0jo11s73e3l670,59.15667,10.01722
urn:gleaner.io:eco:earthchem:data:78354a4d2880168e1bde28ddc88af6ae09bb09c8,https://gleaner.io/xid/genid/daj5tf0jo11s73e3l66g,59.125203,10.210358
urn:gleaner.io:eco:earthchem:data:78354a4d2880168e1bde28ddc88af6ae09bb09c8,https://gleaner.io/xid/genid/daj5tf0jo11s73e3l660,59.0802,10.10819
urn:gleaner.io:eco:earthchem:data:78354a4d2880168e1bde28ddc88af6ae09bb09c8,https://gleaner.io/xid/genid/daj5tf0jo11s73e3l65g,59.07034,10.26204
urn:gleaner.io:eco:earthchem:data:78354a4d2880168e1bde28ddc88af6ae09bb09c8,https://gleaner.io/xid/genid/daj5tf0jo11s73e3l650,59.04417,9.83167
urn:gleaner.io:eco:earthchem:data:78354a4d2880168e1bde28ddc88af6ae09bb09c8,https://gleaner.io/xid/genid/daj5tf0jo11s73e3l64g,59.02917,9.84861
urn:gleaner.io:eco:earthchem:data:78354a4d2880168e1bde28ddc88af6ae09bb09c8,https://gleaner.io/xid/genid/daj5tf0jo11s73e3l640,58.96658,18.32687
urn:gleaner.io:eco:earthchem:data:78354a4d2880168e1bde28ddc88af6ae09bb09c8,https://gleaner.io/xid/genid/daj5tf0jo11s73e3l63g,58.96611,18.32972
urn:gleaner.io:eco:earthchem:data:78354a4d2880168e1bde28ddc88af6ae09bb09c8,https://gleaner.io/xid/genid/daj5tf0jo11s73e3l6ig,66.95,30.3
urn:gleaner.io:eco:earthchem:data:78354a4d2880168e1bde28ddc88af6ae09bb09c8,https://gleaner.io/xid/genid/daj5tf0jo11s73e3kqdg,-28.74639,116.94194
urn:gleaner.io:eco:earthchem:data:78354a4d2880168e1bde28ddc88af6ae09bb09c8,https://gleaner.io/xid/genid/daj5tf0jo11s73e3l6mg,68.38361,35.86361
urn:gleaner.io:eco:earthchem:data:78354a4d2880168e1bde28ddc88af6ae09bb09c8,https://gleaner.io/xid/genid/daj5tf0jo11s73e3l6m0,67.98725,36.9086
urn:gleaner.io:eco:earthchem:data:78354a4d2880168e1bde28ddc88af6ae09bb09c8,https://gleaner.io/xid/genid/daj5tf0jo11s73e3l6lg,67.88086,34.4422
urn:gleaner.io:eco:earthchem:data:78354a4d2880168e1bde28ddc88af6ae09bb09c8,https://gleaner.io/xid/genid/daj5tf0jo11s73e3l6l0,67.788,29.298
urn:gleaner.io:eco:earthchem:data:78354a4d2880168e1bde28ddc88af6ae09bb09c8,https://gleaner.io/xid/genid/daj5tf0jo11s73e3l6kg,67.7855,34.51079
urn:gleaner.io:eco:earthchem:data:78354a4d2880168e1bde28ddc88af6ae09bb09c8,https://gleaner.io/xid/genid/daj5tf0jo11s73e3l6k0,67.77972,33.67
urn:gleaner.io:eco:earthchem:data:78354a4d2880168e1bde28ddc88af6ae09bb09c8,https://gleaner.io/xid/genid/daj5tf0jo11s73e3l6jg,67.71898,34.65583
urn:gleaner.io:eco:earthchem:data:78354a4d2880168e1bde28ddc88af6ae09bb09c8,https://gleaner.io/xid/genid/daj5tf0jo11s73e3l6j0,67.61667,34
urn:gleaner.io:eco:earthchem:data:78354a4d2880168e1bde28ddc88af6ae09bb09c8,https://gleaner.io/xid/genid/daj5tf0jo11s73e3l630,58.90865,18.16011
urn:gleaner.io:eco:earthchem:data:78354a4d2880168e1bde28ddc88af6ae09bb09c8,https://gleaner.io/xid/genid/daj5tf0jo11s73e3l6i0,65.04225,20.74488
urn:gleaner.io:eco:earthchem:data:78354a4d2880168e1bde28ddc88af6ae09bb09c8,https://gleaner.io/xid/genid/daj5tf0jo11s73e3l6hg,64.80083,20.74111
urn:gleaner.io:eco:earthchem:data:78354a4d2880168e1bde28ddc88af6ae09bb09c8,https://gleaner.io/xid/genid/daj5tf0jo11s73e3l6h0,63.47083,-146.19694
urn:gleaner.io:eco:earthchem:data:78354a4d2880168e1bde28ddc88af6ae09bb09c8,https://gleaner.io/xid/genid/daj5tf0jo11s73e3l6gg,63.35116,10.77418
urn:gleaner.io:eco:earthchem:data:78354a4d2880168e1bde28ddc88af6ae09bb09c8,https://gleaner.io/xid/genid/daj5tf0jo11s73e3l6g0,62.83824,16.63914
urn:gleaner.io:eco:earthchem:data:78354a4d2880168e1bde28ddc88af6ae09bb09c8,https://gleaner.io/xid/genid/daj5tf0jo11s73e3l6fg,62.7861,-113.5717
urn:gleaner.io:eco:earthchem:data:78354a4d2880168e1bde28ddc88af6ae09bb09c8,https://gleaner.io/xid/genid/daj5tf0jo11s73e3l6f0,62.74389,22.91194
urn:gleaner.io:eco:earthchem:data:78354a4d2880168e1bde28ddc88af6ae09bb09c8,https://gleaner.io/xid/genid/daj5tf0jo11s73e3l6eg,62.74361,-113.0725
urn:gleaner.io:eco:earthchem:data:78354a4d2880168e1bde28ddc88af6ae09bb09c8,https://gleaner.io/xid/genid/daj5tf0jo11s73e3l6e0,62.67165,23.38442
urn:gleaner.io:eco:earthchem:data:78354a4d2880168e1bde28ddc88af6ae09bb09c8,https://gleaner.io/xid/genid/daj5tf0jo11s73e3l5jg,50.49951,3.63982
urn:gleaner.io:eco:earthchem:data:78354a4d2880168e1bde28ddc88af6ae09bb09c8,https://gleaner.io/xid/genid/daj5tf0jo11s73e3l5og,51.057,114.834
urn:gleaner.io:eco:earthchem:data:78354a4d2880168e1bde28ddc88af6ae09bb09c8,https://gleaner.io/xid/genid/daj5tf0jo11s73e3l5o0,51.04244,16.09541
urn:gleaner.io:eco:earthchem:data:78354a4d2880168e1bde28ddc88af6ae09bb09c8,https://gleaner.io/xid/genid/daj5tf0jo11s73e3l5ng,50.93583,-91.71056
urn:gleaner.io:eco:earthchem:data:78354a4d2880168e1bde28ddc88af6ae09bb09c8,https://gleaner.io/xid/genid/daj5tf0jo11s73e3l5n0,50.93408,12.74104
urn:gleaner.io:eco:earthchem:data:78354a4d2880168e1bde28ddc88af6ae09bb09c8,https://gleaner.io/xid/genid/daj5tf0jo11s73e3l5mg,50.91949,12.74697
urn:gleaner.io:eco:earthchem:data:78354a4d2880168e1bde28ddc88af6ae09bb09c8,https://gleaner.io/xid/genid/daj5tf0jo11s73e3l5m0,50.69684,13.84693
urn:gleaner.io:eco:earthchem:data:78354a4d2880168e1bde28ddc88af6ae09bb09c8,https://gleaner.io/xid/genid/daj5tf0jo11s73e3l5lg,50.61887,-95.59271
urn:gleaner.io:eco:earthchem:data:78354a4d2880168e1bde28ddc88af6ae09bb09c8,https://gleaner.io/xid/genid/daj5tf0jo11s73e3l5l0,50.618,-95.5752
urn:gleaner.io:eco:earthchem:data:78354a4d2880168e1bde28ddc88af6ae09bb09c8,https://gleaner.io/xid/genid/daj5tf0jo11s73e3l5kg,50.61245,-95.45787
urn:gleaner.io:eco:earthchem:data:78354a4d2880168e1bde28ddc88af6ae09bb09c8,https://gleaner.io/xid/genid/daj5tf0jo11s73e3l5k0,50.52438,12.62897
urn:gleaner.io:eco:earthchem:data:78354a4d2880168e1bde28ddc88af6ae09bb09c8,https://gleaner.io/xid/genid/daj5tf0jo11s73e3l5p0,51.22833,14.87944
urn:gleaner.io:eco:earthchem:data:78354a4d2880168e1bde28ddc88af6ae09bb09c8,https://gleaner.io/xid/genid/daj5tf0jo11s73e3l5j0,50.46361,-88.27056
urn:gleaner.io:eco:earthchem:data:78354a4d2880168e1bde28ddc88af6ae09bb09c8,https://gleaner.io/xid/genid/daj5tf0jo11s73e3l5ig,50.44502,-95.37315
urn:gleaner.io:eco:earthchem:data:78354a4d2880168e1bde28ddc88af6ae09bb09c8,https://gleaner.io/xid/genid/daj5tf0jo11s73e3l5i0,50.43,-95.44639
urn:gleaner.io:eco:earthchem:data:78354a4d2880168e1bde28ddc88af6ae09bb09c8,https://gleaner.io/xid/genid/daj5tf0jo11s73e3l5hg,50.3798,4.35075
urn:gleaner.io:eco:earthchem:data:78354a4d2880168e1bde28ddc88af6ae09bb09c8,https://gleaner.io/xid/genid/daj5tf0jo11s73e3l5h0,50.37917,-4.8075
urn:gleaner.io:eco:earthchem:data:78354a4d2880168e1bde28ddc88af6ae09bb09c8,https://gleaner.io/xid/genid/daj5tf0jo11s73e3l5gg,50.35833,12.18611
urn:gleaner.io:eco:earthchem:data:78354a4d2880168e1bde28ddc88af6ae09bb09c8,https://gleaner.io/xid/genid/daj5tf0jo11s73e3l5g0,50.275,5.9225
urn:gleaner.io:eco:earthchem:data:78354a4d2880168e1bde28ddc88af6ae09bb09c8,https://gleaner.io/xid/genid/daj5tf0jo11s73e3l5fg,50.27,-94.59222
urn:gleaner.io:eco:earthchem:data:78354a4d2880168e1bde28ddc88af6ae09bb09c8,https://gleaner.io/xid/genid/daj5tf0jo11s73e3l5f0,50.26889,-94.50278
urn:gleaner.io:eco:earthchem:data:78354a4d2880168e1bde28ddc88af6ae09bb09c8,https://gleaner.io/xid/genid/daj5tf0jo11s73e3l5u0,54.08333,-62.58333
urn:gleaner.io:eco:earthchem:data:78354a4d2880168e1bde28ddc88af6ae09bb09c8,https://gleaner.io/xid/genid/daj5tf0jo11s73e3l62g,57.66667,61.05278
urn:gleaner.io:eco:earthchem:data:78354a4d2880168e1bde28ddc88af6ae09bb09c8,https://gleaner.io/xid/genid/daj5tf0jo11s73e3l620,57.43037,61.10204
urn:gleaner.io:eco:earthchem:data:78354a4d2880168e1bde28ddc88af6ae09bb09c8,https://gleaner.io/xid/genid/daj5tf0jo11s73e3l61g,57.22791,-3.26438
urn:gleaner.io:eco:earthchem:data:78354a4d2880168e1bde28ddc88af6ae09bb09c8,https://gleaner.io/xid/genid/daj5tf0jo11s73e3l610,56.33741,-64.15443
urn:gleaner.io:eco:earthchem:data:78354a4d2880168e1bde28ddc88af6ae09bb09c8,https://gleaner.io/xid/genid/daj5tf0jo11s73e3l60g,56.28,119.18
urn:gleaner.io:eco:earthchem:data:78354a4d2880168e1bde28ddc88af6ae09bb09c8,https://gleaner.io/xid/genid/daj5tf0jo11s73e3l600,55.11111,14.73656
urn:gleaner.io:eco:earthchem:data:78354a4d2880168e1bde28ddc88af6ae09bb09c8,https://gleaner.io/xid/genid/daj5tf0jo11s73e3l5vg,54.23333,-62.38333
urn:gleaner.io:eco:earthchem:data:78354a4d2880168e1bde28ddc88af6ae09bb09c8,https://gleaner.io/xid/genid/daj5tf0jo11s73e3l5v0,54.2,-62.5
urn:gleaner.io:eco:earthchem:data:78354a4d2880168e1bde28ddc88af6ae09bb09c8,https://gleaner.io/xid/genid/daj5tf0jo11s73e3l5ug,54.16075,-93.67235
urn:gleaner.io:eco:earthchem:data:78354a4d2880168e1bde28ddc88af6ae09bb09c8,https://gleaner.io/xid/genid/daj5tf0jo11s73e3l45g,43.84722,-103.62278
urn:gleaner.io:eco:earthchem:data:78354a4d2880168e1bde28ddc88af6ae09bb09c8,https://gleaner.io/xid/genid/daj5tf0jo11s73e3l5tg,52.89889,-3.77229
urn:gleaner.io:eco:earthchem:data:78354a4d2880168e1bde28ddc88af6ae09bb09c8,https://gleaner.io/xid/genid/daj5tf0jo11s73e3l5t0,52.785,-6.537
urn:gleaner.io:eco:earthchem:data:78354a4d2880168e1bde28ddc88af6ae09bb09c8,https://gleaner.io/xid/genid/daj5tf0jo11s73e3l5sg,52.60056,-93.37528
urn:gleaner.io:eco:earthchem:data:78354a4d2880168e1bde28ddc88af6ae09bb09c8,https://gleaner.io/xid/genid/daj5tf0jo11s73e3l5s0,52.57,101.32
urn:gleaner.io:eco:earthchem:data:78354a4d2880168e1bde28ddc88af6ae09bb09c8,https://gleaner.io/xid/genid/daj5tf0jo11s73e3l5rg,51.67833,-75.86389
urn:gleaner.io:eco:earthchem:data:78354a4d2880168e1bde28ddc88af6ae09bb09c8,https://gleaner.io/xid/genid/daj5tf0jo11s73e3l5r0,51.64778,-88.24167
urn:gleaner.io:eco:earthchem:data:78354a4d2880168e1bde28ddc88af6ae09bb09c8,https://gleaner.io/xid/genid/daj5tf0jo11s73e3l5qg,51.63389,-88.275
urn:gleaner.io:eco:earthchem:data:78354a4d2880168e1bde28ddc88af6ae09bb09c8,https://gleaner.io/xid/genid/daj5tf0jo11s73e3l5q0,51.59556,82.60944
urn:gleaner.io:eco:earthchem:data:78354a4d2880168e1bde28ddc88af6ae09bb09c8,https://gleaner.io/xid/genid/daj5tf0jo11s73e3l5pg,51.56556,-88.2775
urn:gleaner.io:eco:earthchem:data:78354a4d2880168e1bde28ddc88af6ae09bb09c8,https://gleaner.io/xid/genid/daj5tf0jo11s73e3l2d0,34.65222,-117.18167
urn:gleaner.io:eco:earthchem:data:78354a4d2880168e1bde28ddc88af6ae09bb09c8,https://gleaner.io/xid/genid/daj5tf0jo11s73e3l2i0,35.20194,70.33583
urn:gleaner.io:eco:earthchem:data:78354a4d2880168e1bde28ddc88af6ae09bb09c8,https://gleaner.io/xid/genid/daj5tf0jo11s73e3l2hg,35.1875,69.20833
urn:gleaner.io:eco:earthchem:data:78354a4d2880168e1bde28ddc88af6ae09bb09c8,https://gleaner.io/xid/genid/daj5tf0jo11s73e3l2h0,35.13333,71.29944
urn:gleaner.io:eco:earthchem:data:78354a4d2880168e1bde28ddc88af6ae09bb09c8,https://gleaner.io/xid/genid/daj5tf0jo11s73e3l2gg,35.04111,-117.68722
urn:gleaner.io:eco:earthchem:data:78354a4d2880168e1bde28ddc88af6ae09bb09c8,https://gleaner.io/xid/genid/daj5tf0jo11s73e3l2g0,34.94306,70.72222
urn:gleaner.io:eco:earthchem:data:78354a4d2880168e1bde28ddc88af6ae09bb09c8,https://gleaner.io/xid/genid/daj5tf0jo11s73e3l2fg,34.92306,70.78917
urn:gleaner.io:eco:earthchem:data:78354a4d2880168e1bde28ddc88af6ae09bb09c8,https://gleaner.io/xid/genid/daj5tf0jo11s73e3l2f0,34.91667,70.75
urn:gleaner.io:eco:earthchem:data:78354a4d2880168e1bde28ddc88af6ae09bb09c8,https://gleaner.io/xid/genid/daj5tf0jo11s73e3l2eg,34.87778,70.28
urn:gleaner.io:eco:earthchem:data:78354a4d2880168e1bde28ddc88af6ae09bb09c8,https://gleaner.io/xid/genid/daj5tf0jo11s73e3l2e0,34.86151,-92.22296
urn:gleaner.io:eco:earthchem:data:78354a4d2880168e1bde28ddc88af6ae09bb09c8,https://gleaner.io/xid/genid/daj5tf0jo11s73e3l2dg,34.69444,70.07222
urn:gleaner.io:eco:earthchem:data:78354a4d2880168e1bde28ddc88af6ae09bb09c8,https://gleaner.io/xid/genid/daj5tf0jo11s73e3l2ig,35.21111,-81.35556
urn:gleaner.io:eco:earthchem:data:78354a4d2880168e1bde28ddc88af6ae09bb09c8,https://gleaner.io/xid/genid/daj5tf0jo11s73e3l2cg,34.45417,118.81639
urn:gleaner.io:eco:earthchem:data:78354a4d2880168e1bde28ddc88af6ae09bb09c8,https://gleaner.io/xid/genid/daj5tf0jo11s73e3l2c0,34.43825,-92.86321
urn:gleaner.io:eco:earthchem:data:78354a4d2880168e1bde28ddc88af6ae09bb09c8,https://gleaner.io/xid/genid/daj5tf0jo11s73e3l2bg,34.4,-93.65
urn:gleaner.io:eco:earthchem:data:78354a4d2880168e1bde28ddc88af6ae09bb09c8,https://gleaner.io/xid/genid/daj5tf0jo11s73e3l2b0,33.99917,-112.51334
urn:gleaner.io:eco:earthchem:data:78354a4d2880168e1bde28ddc88af6ae09bb09c8,https://gleaner.io/xid/genid/daj5tf0jo11s73e3l2ag,33.99445,-112.51361
urn:gleaner.io:eco:earthchem:data:78354a4d2880168e1bde28ddc88af6ae09bb09c8,https://gleaner.io/xid/genid/daj5tf0jo11s73e3l2a0,33.96,-112.56306
urn:gleaner.io:eco:earthchem:data:78354a4d2880168e1bde28ddc88af6ae09bb09c8,https://gleaner.io/xid/genid/daj5tf0jo11s73e3l29g,33.95222,-112.57278
urn:gleaner.io:eco:earthchem:data:78354a4d2880168e1bde28ddc88af6ae09bb09c8,https://gleaner.io/xid/genid/daj5tf0jo11s73e3l290,33.87472,110.7125
urn:gleaner.io:eco:earthchem:data:78354a4d2880168e1bde28ddc88af6ae09bb09c8,https://gleaner.io/xid/genid/daj5tf0jo11s73e3l28g,33.80008,-85.68326
urn:gleaner.io:eco:earthchem:data:78354a4d2880168e1bde28ddc88af6ae09bb09c8,https://gleaner.io/xid/genid/daj5tf0jo11s73e3l2ng,35.35667,-81.01889
urn:gleaner.io:eco:earthchem:data:78354a4d2880168e1bde28ddc88af6ae09bb09c8,https://gleaner.io/xid/genid/daj5tf0jo11s73e3l2s0,35.61667,-119.68333
urn:gleaner.io:eco:earthchem:data:78354a4d2880168e1bde28ddc88af6ae09bb09c8,https://gleaner.io/xid/genid/daj5tf0jo11s73e3l2rg,35.56222,71.12333
urn:gleaner.io:eco:earthchem:data:78354a4d2880168e1bde28ddc88af6ae09bb09c8,https://gleaner.io/xid/genid/daj5tf0jo11s73e3l2r0,35.50194,71.18083
urn:gleaner.io:eco:earthchem:data:78354a4d2880168e1bde28ddc88af6ae09bb09c8,https://gleaner.io/xid/genid/daj5tf0jo11s73e3l2qg,35.43583,70.77194
urn:gleaner.io:eco:earthchem:data:78354a4d2880168e1bde28ddc88af6ae09bb09c8,https://gleaner.io/xid/genid/daj5tf0jo11s73e3l2q0,35.43389,-81.24111
urn:gleaner.io:eco:earthchem:data:78354a4d2880168e1bde28ddc88af6ae09bb09c8,https://gleaner.io/xid/genid/daj5tf0jo11s73e3l2pg,35.40139,-81.08167
urn:gleaner.io:eco:earthchem:data:78354a4d2880168e1bde28ddc88af6ae09bb09c8,https://gleaner.io/xid/genid/daj5tf0jo11s73e3l2p0,35.39278,71.08056
urn:gleaner.io:eco:earthchem:data:78354a4d2880168e1bde28ddc88af6ae09bb09c8,https://gleaner.io/xid/genid/daj5tf0jo11s73e3l2og,35.38389,-81.27972
urn:gleaner.io:eco:earthchem:data:78354a4d2880168e1bde28ddc88af6ae09bb09c8,https://gleaner.io/xid/genid/daj5tf0jo11s73e3l2o0,35.37778,70.8475
urn:gleaner.io:eco:earthchem:data:78354a4d2880168e1bde28ddc88af6ae09bb09c8,https://gleaner.io/xid/genid/daj5tf0jo11s73e3l280,33.74583,66.40417
urn:gleaner.io:eco:earthchem:data:78354a4d2880168e1bde28ddc88af6ae09bb09c8,https://gleaner.io/xid/genid/daj5tf0jo11s73e3l2n0,35.31889,71.0225
urn:gleaner.io:eco:earthchem:data:78354a4d2880168e1bde28ddc88af6ae09bb09c8,https://gleaner.io/xid/genid/daj5tf0jo11s73e3l2mg,35.3,69.275
urn:gleaner.io:eco:earthchem:data:78354a4d2880168e1bde28ddc88af6ae09bb09c8,https://gleaner.io/xid/genid/daj5tf0jo11s73e3l2m0,35.29278,-84.24805
urn:gleaner.io:eco:earthchem:data:78354a4d2880168e1bde28ddc88af6ae09bb09c8,https://gleaner.io/xid/genid/daj5tf0jo11s73e3l2lg,35.2852777778,-84.2527777778
urn:gleaner.io:eco:earthchem:data:78354a4d2880168e1bde28ddc88af6ae09bb09c8,https://gleaner.io/xid/genid/daj5tf0jo11s73e3l2l0,35.28333,-81.28333
urn:gleaner.io:eco:earthchem:data:78354a4d2880168e1bde28ddc88af6ae09bb09c8,https://gleaner.io/xid/genid/daj5tf0jo11s73e3l2kg,35.2825,-81.32777
urn:gleaner.io:eco:earthchem:data:78354a4d2880168e1bde28ddc88af6ae09bb09c8,https://gleaner.io/xid/genid/daj5tf0jo11s73e3l2k0,35.24556,-81.3425
urn:gleaner.io:eco:earthchem:data:78354a4d2880168e1bde28ddc88af6ae09bb09c8,https://gleaner.io/xid/genid/daj5tf0jo11s73e3l2jg,35.23667,70.28917
urn:gleaner.io:eco:earthchem:data:78354a4d2880168e1bde28ddc88af6ae09bb09c8,https://gleaner.io/xid/genid/daj5tf0jo11s73e3l2j0,35.23194,70.98833
urn:gleaner.io:eco:earthchem:data:78354a4d2880168e1bde28ddc88af6ae09bb09c8,https://gleaner.io/xid/genid/daj5tf0jo11s73e3l1og,24.7,116.39167
urn:gleaner.io:eco:earthchem:data:78354a4d2880168e1bde28ddc88af6ae09bb09c8,https://gleaner.io/xid/genid/daj5tf0jo11s73e3l1tg,28.83883,113.61385
urn:gleaner.io:eco:earthchem:data:78354a4d2880168e1bde28ddc88af6ae09bb09c8,https://gleaner.io/xid/genid/daj5tf0jo11s73e3l1t0,28.82613,113.62467
urn:gleaner.io:eco:earthchem:data:78354a4d2880168e1bde28ddc88af6ae09bb09c8,https://gleaner.io/xid/genid/daj5tf0jo11s73e3l1sg,28.51389,112.31944
urn:gleaner.io:eco:earthchem:data:78354a4d2880168e1bde28ddc88af6ae09bb09c8,https://gleaner.io/xid/genid/daj5tf0jo11s73e3l1s0,28.51222,84.36222
urn:gleaner.io:eco:earthchem:data:78354a4d2880168e1bde28ddc88af6ae09bb09c8,https://gleaner.io/xid/genid/daj5tf0jo11s73e3l1rg,28.36944,120.03639
urn:gleaner.io:eco:earthchem:data:78354a4d2880168e1bde28ddc88af6ae09bb09c8,https://gleaner.io/xid/genid/daj5tf0jo11s73e3l1r0,27.58333,114.41667
urn:gleaner.io:eco:earthchem:data:78354a4d2880168e1bde28ddc88af6ae09bb09c8,https://gleaner.io/xid/genid/daj5tf0jo11s73e3l1qg,27.53501,90.09851
urn:gleaner.io:eco:earthchem:data:78354a4d2880168e1bde28ddc88af6ae09bb09c8,https://gleaner.io/xid/genid/daj5tf0jo11s73e3l1q0,27.47389,87.37639
urn:gleaner.io:eco:earthchem:data:78354a4d2880168e1bde28ddc88af6ae09bb09c8,https://gleaner.io/xid/genid/daj5tf0jo11s73e3l1pg,25.77028,113.17472
urn:gleaner.io:eco:earthchem:data:78354a4d2880168e1bde28ddc88af6ae09bb09c8,https://gleaner.io/xid/genid/daj5tf0jo11s73e3l1p0,25.37528,116.7125
urn:gleaner.io:eco:earthchem:data:78354a4d2880168e1bde28ddc88af6ae09bb09c8,https://gleaner.io/xid/genid/daj5tf0jo11s73e3l1u0,30.46667,63.58333
urn:gleaner.io:eco:earthchem:data:78354a4d2880168e1bde28ddc88af6ae09bb09c8,https://gleaner.io/xid/genid/daj5tf0jo11s73e3l1o0,23.31333,96.86528
urn:gleaner.io:eco:earthchem:data:78354a4d2880168e1bde28ddc88af6ae09bb09c8,https://gleaner.io/xid/genid/daj5tf0jo11s73e3l1ng,23.31222,96.86806
urn:gleaner.io:eco:earthchem:data:78354a4d2880168e1bde28ddc88af6ae09bb09c8,https://gleaner.io/xid/genid/daj5tf0jo11s73e3l1n0,23.31167,96.865
urn:gleaner.io:eco:earthchem:data:78354a4d2880168e1bde28ddc88af6ae09bb09c8,https://gleaner.io/xid/genid/daj5tf0jo11s73e3l1mg,23.29917,96.86806
urn:gleaner.io:eco:earthchem:data:78354a4d2880168e1bde28ddc88af6ae09bb09c8,https://gleaner.io/xid/genid/daj5tf0jo11s73e3l1m0,22.95,74.51667
urn:gleaner.io:eco:earthchem:data:78354a4d2880168e1bde28ddc88af6ae09bb09c8,https://gleaner.io/xid/genid/daj5tf0jo11s73e3l1lg,22.94361,96.5225
urn:gleaner.io:eco:earthchem:data:78354a4d2880168e1bde28ddc88af6ae09bb09c8,https://gleaner.io/xid/genid/daj5tf0jo11s73e3l1l0,22.94222,96.53611
urn:gleaner.io:eco:earthchem:data:78354a4d2880168e1bde28ddc88af6ae09bb09c8,https://gleaner.io/xid/genid/daj5tf0jo11s73e3l1kg,22.90083,96.34722
urn:gleaner.io:eco:earthchem:data:78354a4d2880168e1bde28ddc88af6ae09bb09c8,https://gleaner.io/xid/genid/daj5tf0jo11s73e3l1k0,22.61333,111.44389
urn:gleaner.io:eco:earthchem:data:78354a4d2880168e1bde28ddc88af6ae09bb09c8,https://gleaner.io/xid/genid/daj5tf0jo11s73e3l230,33.3525,-116.64639
urn:gleaner.io:eco:earthchem:data:78354a4d2880168e1bde28ddc88af6ae09bb09c8,https://gleaner.io/xid/genid/daj5tf0jo11s73e3l27g,33.60611,-116.78583
urn:gleaner.io:eco:earthchem:data:78354a4d2880168e1bde28ddc88af6ae09bb09c8,https://gleaner.io/xid/genid/daj5tf0jo11s73e3l270,33.56833,-116.7725
urn:gleaner.io:eco:earthchem:data:78354a4d2880168e1bde28ddc88af6ae09bb09c8,https://gleaner.io/xid/genid/daj5tf0jo11s73e3l26g,33.39083,-117.07361
urn:gleaner.io:eco:earthchem:data:78354a4d2880168e1bde28ddc88af6ae09bb09c8,https://gleaner.io/xid/genid/daj5tf0jo11s73e3l260,33.39056,-117.06889
urn:gleaner.io:eco:earthchem:data:78354a4d2880168e1bde28ddc88af6ae09bb09c8,https://gleaner.io/xid/genid/daj5tf0jo11s73e3l25g,33.38111,-117.06028
urn:gleaner.io:eco:earthchem:data:78354a4d2880168e1bde28ddc88af6ae09bb09c8,https://gleaner.io/xid/genid/daj5tf0jo11s73e3l250,33.37583,-117.03639
urn:gleaner.io:eco:earthchem:data:78354a4d2880168e1bde28ddc88af6ae09bb09c8,https://gleaner.io/xid/genid/daj5tf0jo11s73e3l24g,33.37306,-117.0425
urn:gleaner.io:eco:earthchem:data:78354a4d2880168e1bde28ddc88af6ae09bb09c8,https://gleaner.io/xid/genid/daj5tf0jo11s73e3l240,33.373056,-117.041667
urn:gleaner.io:eco:earthchem:data:78354a4d2880168e1bde28ddc88af6ae09bb09c8,https://gleaner.io/xid/genid/daj5tf0jo11s73e3l23g,33.37167,-117.03917
urn:gleaner.io:eco:earthchem:data:78354a4d2880168e1bde28ddc88af6ae09bb09c8,https://gleaner.io/xid/genid/daj5tf0jo11s73e3l2sg,35.65583,74.92361
urn:gleaner.io:eco:earthchem:data:78354a4d2880168e1bde28ddc88af6ae09bb09c8,https://gleaner.io/xid/genid/daj5tf0jo11s73e3l22g,33.33278,-116.76778
urn:gleaner.io:eco:earthchem:data:78354a4d2880168e1bde28ddc88af6ae09bb09c8,https://gleaner.io/xid/genid/daj5tf0jo11s73e3l220,33.32389,-116.76583
urn:gleaner.io:eco:earthchem:data:78354a4d2880168e1bde28ddc88af6ae09bb09c8,https://gleaner.io/xid/genid/daj5tf0jo11s73e3l21g,33.26306,-116.93889
urn:gleaner.io:eco:earthchem:data:78354a4d2880168e1bde28ddc88af6ae09bb09c8,https://gleaner.io/xid/genid/daj5tf0jo11s73e3l210,33.25778,-116.93778
urn:gleaner.io:eco:earthchem:data:78354a4d2880168e1bde28ddc88af6ae09bb09c8,https://gleaner.io/xid/genid/daj5tf0jo11s73e3l20g,33.05861,-116.79222
urn:gleaner.io:eco:earthchem:data:78354a4d2880168e1bde28ddc88af6ae09bb09c8,https://gleaner.io/xid/genid/daj5tf0jo11s73e3l200,33.05778,-116.79833
urn:gleaner.io:eco:earthchem:data:78354a4d2880168e1bde28ddc88af6ae09bb09c8,https://gleaner.io/xid/genid/daj5tf0jo11s73e3l1vg,33.0527777778,-116.788888889
urn:gleaner.io:eco:earthchem:data:78354a4d2880168e1bde28ddc88af6ae09bb09c8,https://gleaner.io/xid/genid/daj5tf0jo11s73e3l1v0,32.47639,-116.13806
urn:gleaner.io:eco:earthchem:data:78354a4d2880168e1bde28ddc88af6ae09bb09c8,https://gleaner.io/xid/genid/daj5tf0jo11s73e3l1ug,31.54333,-115.90111
urn:gleaner.io:eco:earthchem:data:78354a4d2880168e1bde28ddc88af6ae09bb09c8,https://gleaner.io/xid/genid/daj5tf0jo11s73e3l3m0,41.64346,-72.58994
urn:gleaner.io:eco:earthchem:data:78354a4d2880168e1bde28ddc88af6ae09bb09c8,https://gleaner.io/xid/genid/daj5tf0jo11s73e3l3r0,42.64677,-8.08724
urn:gleaner.io:eco:earthchem:data:78354a4d2880168e1bde28ddc88af6ae09bb09c8,https://gleaner.io/xid/genid/daj5tf0jo11s73e3l3qg,42.52396,3.06609
urn:gleaner.io:eco:earthchem:data:78354a4d2880168e1bde28ddc88af6ae09bb09c8,https://gleaner.io/xid/genid/daj5tf0jo11s73e3l3q0,42.46872,-72.83652
urn:gleaner.io:eco:earthchem:data:78354a4d2880168e1bde28ddc88af6ae09bb09c8,https://gleaner.io/xid/genid/daj5tf0jo11s73e3l3pg,42.43033,-72.86737
urn:gleaner.io:eco:earthchem:data:78354a4d2880168e1bde28ddc88af6ae09bb09c8,https://gleaner.io/xid/genid/daj5tf0jo11s73e3l3p0,42.33278,12.08639
urn:gleaner.io:eco:earthchem:data:78354a4d2880168e1bde28ddc88af6ae09bb09c8,https://gleaner.io/xid/genid/daj5tf0jo11s73e3l3og,42.3194,3.31718
urn:gleaner.io:eco:earthchem:data:78354a4d2880168e1bde28ddc88af6ae09bb09c8,https://gleaner.io/xid/genid/daj5tf0jo11s73e3l3o0,42.3033,12.08865
urn:gleaner.io:eco:earthchem:data:78354a4d2880168e1bde28ddc88af6ae09bb09c8,https://gleaner.io/xid/genid/daj5tf0jo11s73e3l3ng,41.98611,-2.11139
urn:gleaner.io:eco:earthchem:data:78354a4d2880168e1bde28ddc88af6ae09bb09c8,https://gleaner.io/xid/genid/daj5tf0jo11s73e3l3n0,41.8962,-118.0284
urn:gleaner.io:eco:earthchem:data:78354a4d2880168e1bde28ddc88af6ae09bb09c8,https://gleaner.io/xid/genid/daj5tf0jo11s73e3l3mg,41.78455,-8.36175
urn:gleaner.io:eco:earthchem:data:78354a4d2880168e1bde28ddc88af6ae09bb09c8,https://gleaner.io/xid/genid/daj5tf0jo11s73e3l3rg,42.751,10.205
urn:gleaner.io:eco:earthchem:data:78354a4d2880168e1bde28ddc88af6ae09bb09c8,https://gleaner.io/xid/genid/daj5tf0jo11s73e3l3lg,41.63919,-72.59475
urn:gleaner.io:eco:earthchem:data:78354a4d2880168e1bde28ddc88af6ae09bb09c8,https://gleaner.io/xid/genid/daj5tf0jo11s73e3l3l0,41.60359,-7.71328
urn:gleaner.io:eco:earthchem:data:78354a4d2880168e1bde28ddc88af6ae09bb09c8,https://gleaner.io/xid/genid/daj5tf0jo11s73e3l3kg,41.59574,-72.54097
urn:gleaner.io:eco:earthchem:data:78354a4d2880168e1bde28ddc88af6ae09bb09c8,https://gleaner.io/xid/genid/daj5tf0jo11s73e3l3k0,41.55778,-72.60333
urn:gleaner.io:eco:earthchem:data:78354a4d2880168e1bde28ddc88af6ae09bb09c8,https://gleaner.io/xid/genid/daj5tf0jo11s73e3l3jg,41.52972,-72.53278
urn:gleaner.io:eco:earthchem:data:78354a4d2880168e1bde28ddc88af6ae09bb09c8,https://gleaner.io/xid/genid/daj5tf0jo11s73e3l3j0,41.48917,-72.505
urn:gleaner.io:eco:earthchem:data:78354a4d2880168e1bde28ddc88af6ae09bb09c8,https://gleaner.io/xid/genid/daj5tf0jo11s73e3l3ig,41.45111,-73.395
urn:gleaner.io:eco:earthchem:data:78354a4d2880168e1bde28ddc88af6ae09bb09c8,https://gleaner.io/xid/genid/daj5tf0jo11s73e3l3i0,41.31588,1.97333
urn:gleaner.io:eco:earthchem:data:78354a4d2880168e1bde28ddc88af6ae09bb09c8,https://gleaner.io/xid/genid/daj5tf0jo11s73e3l3hg,41.29461,-73.51717
urn:gleaner.io:eco:earthchem:data:78354a4d2880168e1bde28ddc88af6ae09bb09c8,https://gleaner.io/xid/genid/daj5tf0jo11s73e3l40g,43.71556,-103.66944
urn:gleaner.io:eco:earthchem:data:78354a4d2880168e1bde28ddc88af6ae09bb09c8,https://gleaner.io/xid/genid/daj5tf0jo11s73e3l450,43.76807,-103.55406
urn:gleaner.io:eco:earthchem:data:78354a4d2880168e1bde28ddc88af6ae09bb09c8,https://gleaner.io/xid/genid/daj5tf0jo11s73e3l44g,43.7675,-103.54778
urn:gleaner.io:eco:earthchem:data:78354a4d2880168e1bde28ddc88af6ae09bb09c8,https://gleaner.io/xid/genid/daj5tf0jo11s73e3l440,43.76432,-103.56276
urn:gleaner.io:eco:earthchem:data:78354a4d2880168e1bde28ddc88af6ae09bb09c8,https://gleaner.io/xid/genid/daj5tf0jo11s73e3l43g,43.7513,-71.88956
urn:gleaner.io:eco:earthchem:data:78354a4d2880168e1bde28ddc88af6ae09bb09c8,https://gleaner.io/xid/genid/daj5tf0jo11s73e3l430,43.74774,-103.6282
urn:gleaner.io:eco:earthchem:data:78354a4d2880168e1bde28ddc88af6ae09bb09c8,https://gleaner.io/xid/genid/daj5tf0jo11s73e3l42g,43.74694,-103.72056
urn:gleaner.io:eco:earthchem:data:78354a4d2880168e1bde28ddc88af6ae09bb09c8,https://gleaner.io/xid/genid/daj5tf0jo11s73e3l420,43.74592,-103.51385
urn:gleaner.io:eco:earthchem:data:78354a4d2880168e1bde28ddc88af6ae09bb09c8,https://gleaner.io/xid/genid/daj5tf0jo11s73e3l41g,43.74194,-103.70111
urn:gleaner.io:eco:earthchem:data:78354a4d2880168e1bde28ddc88af6ae09bb09c8,https://gleaner.io/xid/genid/daj5tf0jo11s73e3l410,43.71667,-103.51889
urn:gleaner.io:eco:earthchem:data:78354a4d2880168e1bde28ddc88af6ae09bb09c8,https://gleaner.io/xid/genid/daj5tf0jo11s73e3l3h0,41.26858,-72.75237
urn:gleaner.io:eco:earthchem:data:78354a4d2880168e1bde28ddc88af6ae09bb09c8,https://gleaner.io/xid/genid/daj5tf0jo11s73e3l400,43.70259,-103.68675
urn:gleaner.io:eco:earthchem:data:78354a4d2880168e1bde28ddc88af6ae09bb09c8,https://gleaner.io/xid/genid/daj5tf0jo11s73e3l3vg,43.6975,-103.57056
urn:gleaner.io:eco:earthchem:data:78354a4d2880168e1bde28ddc88af6ae09bb09c8,https://gleaner.io/xid/genid/daj5tf0jo11s73e3l3v0,43.67746,-103.59417
urn:gleaner.io:eco:earthchem:data:78354a4d2880168e1bde28ddc88af6ae09bb09c8,https://gleaner.io/xid/genid/daj5tf0jo11s73e3l3ug,43.59083,-71.99111
urn:gleaner.io:eco:earthchem:data:78354a4d2880168e1bde28ddc88af6ae09bb09c8,https://gleaner.io/xid/genid/daj5tf0jo11s73e3l3u0,43.53074,10.40699
urn:gleaner.io:eco:earthchem:data:78354a4d2880168e1bde28ddc88af6ae09bb09c8,https://gleaner.io/xid/genid/daj5tf0jo11s73e3l3tg,43.4826,6.74438
urn:gleaner.io:eco:earthchem:data:78354a4d2880168e1bde28ddc88af6ae09bb09c8,https://gleaner.io/xid/genid/daj5tf0jo11s73e3l3t0,43.08139,6.03222
urn:gleaner.io:eco:earthchem:data:78354a4d2880168e1bde28ddc88af6ae09bb09c8,https://gleaner.io/xid/genid/daj5tf0jo11s73e3l3sg,43.00028,107.58361
urn:gleaner.io:eco:earthchem:data:78354a4d2880168e1bde28ddc88af6ae09bb09c8,https://gleaner.io/xid/genid/daj5tf0jo11s73e3l3s0,42.75535,10.21519
urn:gleaner.io:eco:earthchem:data:78354a4d2880168e1bde28ddc88af6ae09bb09c8,https://gleaner.io/xid/genid/daj5tf0jo11s73e3l31g,36.70201,-4.61941
urn:gleaner.io:eco:earthchem:data:78354a4d2880168e1bde28ddc88af6ae09bb09c8,https://gleaner.io/xid/genid/daj5tf0jo11s73e3l36g,38.49842,-112.2143
urn:gleaner.io:eco:earthchem:data:78354a4d2880168e1bde28ddc88af6ae09bb09c8,https://gleaner.io/xid/genid/daj5tf0jo11s73e3l360,38.49541,-112.21525
urn:gleaner.io:eco:earthchem:data:78354a4d2880168e1bde28ddc88af6ae09bb09c8,https://gleaner.io/xid/genid/daj5tf0jo11s73e3l35g,38.49326,-112.21357
urn:gleaner.io:eco:earthchem:data:78354a4d2880168e1bde28ddc88af6ae09bb09c8,https://gleaner.io/xid/genid/daj5tf0jo11s73e3l350,38.4909,23.23235
urn:gleaner.io:eco:earthchem:data:78354a4d2880168e1bde28ddc88af6ae09bb09c8,https://gleaner.io/xid/genid/daj5tf0jo11s73e3l34g,38.4785,-105.30211
urn:gleaner.io:eco:earthchem:data:78354a4d2880168e1bde28ddc88af6ae09bb09c8,https://gleaner.io/xid/genid/daj5tf0jo11s73e3l340,38.47222,-105.32639
urn:gleaner.io:eco:earthchem:data:78354a4d2880168e1bde28ddc88af6ae09bb09c8,https://gleaner.io/xid/genid/daj5tf0jo11s73e3l33g,37.9,-79.2
urn:gleaner.io:eco:earthchem:data:78354a4d2880168e1bde28ddc88af6ae09bb09c8,https://gleaner.io/xid/genid/daj5tf0jo11s73e3l330,37.84022,-122.48056
urn:gleaner.io:eco:earthchem:data:78354a4d2880168e1bde28ddc88af6ae09bb09c8,https://gleaner.io/xid/genid/daj5tf0jo11s73e3l32g,37.75855,-117.5912
urn:gleaner.io:eco:earthchem:data:78354a4d2880168e1bde28ddc88af6ae09bb09c8,https://gleaner.io/xid/genid/daj5tf0jo11s73e3l320,36.94139,-116.455
urn:gleaner.io:eco:earthchem:data:78354a4d2880168e1bde28ddc88af6ae09bb09c8,https://gleaner.io/xid/genid/daj5tf0jo11s73e3l370,38.62,22.27
urn:gleaner.io:eco:earthchem:data:78354a4d2880168e1bde28ddc88af6ae09bb09c8,https://gleaner.io/xid/genid/daj5tf0jo11s73e3l310,36.66667,71.66667
urn:gleaner.io:eco:earthchem:data:78354a4d2880168e1bde28ddc88af6ae09bb09c8,https://gleaner.io/xid/genid/daj5tf0jo11s73e3l30g,36.36667,71.45
urn:gleaner.io:eco:earthchem:data:78354a4d2880168e1bde28ddc88af6ae09bb09c8,https://gleaner.io/xid/genid/daj5tf0jo11s73e3l300,36.35781,-120.68014
urn:gleaner.io:eco:earthchem:data:78354a4d2880168e1bde28ddc88af6ae09bb09c8,https://gleaner.io/xid/genid/daj5tf0jo11s73e3l2vg,36.3411,-120.6028
urn:gleaner.io:eco:earthchem:data:78354a4d2880168e1bde28ddc88af6ae09bb09c8,https://gleaner.io/xid/genid/daj5tf0jo11s73e3l2v0,36.33611,-120.60528
urn:gleaner.io:eco:earthchem:data:78354a4d2880168e1bde28ddc88af6ae09bb09c8,https://gleaner.io/xid/genid/daj5tf0jo11s73e3l2ug,36.19333,-105.79472
urn:gleaner.io:eco:earthchem:data:78354a4d2880168e1bde28ddc88af6ae09bb09c8,https://gleaner.io/xid/genid/daj5tf0jo11s73e3l2u0,35.74222,75.0425
urn:gleaner.io:eco:earthchem:data:78354a4d2880168e1bde28ddc88af6ae09bb09c8,https://gleaner.io/xid/genid/daj5tf0jo11s73e3l2tg,35.71389,74.93889
urn:gleaner.io:eco:earthchem:data:78354a4d2880168e1bde28ddc88af6ae09bb09c8,https://gleaner.io/xid/genid/daj5tf0jo11s73e3l2t0,35.68444,74.85028
urn:gleaner.io:eco:earthchem:data:78354a4d2880168e1bde28ddc88af6ae09bb09c8,https://gleaner.io/xid/genid/daj5tf0jo11s73e3l3c0,40.44419,-7.28723
urn:gleaner.io:eco:earthchem:data:78354a4d2880168e1bde28ddc88af6ae09bb09c8,https://gleaner.io/xid/genid/daj5tf0jo11s73e3l3gg,41.26778,-73.43917
urn:gleaner.io:eco:earthchem:data:78354a4d2880168e1bde28ddc88af6ae09bb09c8,https://gleaner.io/xid/genid/daj5tf0jo11s73e3l3g0,41.23427,25.85418
urn:gleaner.io:eco:earthchem:data:78354a4d2880168e1bde28ddc88af6ae09bb09c8,https://gleaner.io/xid/genid/daj5tf0jo11s73e3l3fg,41.02923,-6.88594
urn:gleaner.io:eco:earthchem:data:78354a4d2880168e1bde28ddc88af6ae09bb09c8,https://gleaner.io/xid/genid/daj5tf0jo11s73e3l3f0,41.00858,-6.84314
urn:gleaner.io:eco:earthchem:data:78354a4d2880168e1bde28ddc88af6ae09bb09c8,https://gleaner.io/xid/genid/daj5tf0jo11s73e3l3eg,41.00046,-6.81427
urn:gleaner.io:eco:earthchem:data:78354a4d2880168e1bde28ddc88af6ae09bb09c8,https://gleaner.io/xid/genid/daj5tf0jo11s73e3l3e0,40.88027,-3.6183
urn:gleaner.io:eco:earthchem:data:78354a4d2880168e1bde28ddc88af6ae09bb09c8,https://gleaner.io/xid/genid/daj5tf0jo11s73e3l3dg,40.82228,-7.63047
urn:gleaner.io:eco:earthchem:data:78354a4d2880168e1bde28ddc88af6ae09bb09c8,https://gleaner.io/xid/genid/daj5tf0jo11s73e3l3d0,40.69831,-6.77129
urn:gleaner.io:eco:earthchem:data:78354a4d2880168e1bde28ddc88af6ae09bb09c8,https://gleaner.io/xid/genid/daj5tf0jo11s73e3l3cg,40.58497,-111.58434
urn:gleaner.io:eco:earthchem:data:78354a4d2880168e1bde28ddc88af6ae09bb09c8,https://gleaner.io/xid/genid/daj5tf0jo11s73e3l1jg,20.5,-15.5833
urn:gleaner.io:eco:earthchem:data:78354a4d2880168e1bde28ddc88af6ae09bb09c8,https://gleaner.io/xid/genid/daj5tf0jo11s73e3l3bg,40.38184,-7.24952
urn:gleaner.io:eco:earthchem:data:78354a4d2880168e1bde28ddc88af6ae09bb09c8,https://gleaner.io/xid/genid/daj5tf0jo11s73e3l3b0,40.30584,9.13175
urn:gleaner.io:eco:earthchem:data:78354a4d2880168e1bde28ddc88af6ae09bb09c8,https://gleaner.io/xid/genid/daj5tf0jo11s73e3l3ag,40.157,-7.60728
urn:gleaner.io:eco:earthchem:data:78354a4d2880168e1bde28ddc88af6ae09bb09c8,https://gleaner.io/xid/genid/daj5tf0jo11s73e3l3a0,39.91667,141.9
urn:gleaner.io:eco:earthchem:data:78354a4d2880168e1bde28ddc88af6ae09bb09c8,https://gleaner.io/xid/genid/daj5tf0jo11s73e3l39g,39.47587,8.40995
urn:gleaner.io:eco:earthchem:data:78354a4d2880168e1bde28ddc88af6ae09bb09c8,https://gleaner.io/xid/genid/daj5tf0jo11s73e3l390,39.45035,70.71634
urn:gleaner.io:eco:earthchem:data:78354a4d2880168e1bde28ddc88af6ae09bb09c8,https://gleaner.io/xid/genid/daj5tf0jo11s73e3l38g,39.38919,-6.38343
urn:gleaner.io:eco:earthchem:data:78354a4d2880168e1bde28ddc88af6ae09bb09c8,https://gleaner.io/xid/genid/daj5tf0jo11s73e3l380,39.32148,-5.50546
urn:gleaner.io:eco:earthchem:data:78354a4d2880168e1bde28ddc88af6ae09bb09c8,https://gleaner.io/xid/genid/daj5tf0jo11s73e3l37g,39.1,141.883
urn:gleaner.io:eco:earthchem:data:78354a4d2880168e1bde28ddc88af6ae09bb09c8,https://gleaner.io/xid/genid/daj5tf0jo11s73e3klhg,50.14083,11.85611
urn:gleaner.io:eco:earthchem:data:78354a4d2880168e1bde28ddc88af6ae09bb09c8,https://gleaner.io/xid/genid/daj5tf0jo11s73e3klmg,50.65,96.32
urn:gleaner.io:eco:earthchem:data:78354a4d2880168e1bde28ddc88af6ae09bb09c8,https://gleaner.io/xid/genid/daj5tf0jo11s73e3klm0,50.52035,12.63439
urn:gleaner.io:eco:earthchem:data:78354a4d2880168e1bde28ddc88af6ae09bb09c8,https://gleaner.io/xid/genid/daj5tf0jo11s73e3kllg,43.8244444444,-103.6575
urn:gleaner.io:eco:earthchem:data:78354a4d2880168e1bde28ddc88af6ae09bb09c8,https://gleaner.io/xid/genid/daj5tf0jo11s73e3kll0,41.59292,-72.59201
urn:gleaner.io:eco:earthchem:data:78354a4d2880168e1bde28ddc88af6ae09bb09c8,https://gleaner.io/xid/genid/daj5tf0jo11s73e3klkg,22.93333,96.49667
urn:gleaner.io:eco:earthchem:data:78354a4d2880168e1bde28ddc88af6ae09bb09c8,https://gleaner.io/xid/genid/daj5tf0jo11s73e3klk0,-32.983,-65.983
urn:gleaner.io:eco:earthchem:data:78354a4d2880168e1bde28ddc88af6ae09bb09c8,https://gleaner.io/xid/genid/daj5tf0jo11s73e3kljg,-32.10394,119.7811
urn:gleaner.io:eco:earthchem:data:78354a4d2880168e1bde28ddc88af6ae09bb09c8,https://gleaner.io/xid/genid/daj5tf0jo11s73e3klj0,44.54333,-70.72722
urn:gleaner.io:eco:earthchem:data:78354a4d2880168e1bde28ddc88af6ae09bb09c8,https://gleaner.io/xid/genid/daj5tf0jo11s73e3klig,35.28639,-81.32667
urn:gleaner.io:eco:earthchem:data:78354a4d2880168e1bde28ddc88af6ae09bb09c8,https://gleaner.io/xid/genid/daj5tf0jo11s73e3kli0,-15.27167,35.30139
urn:gleaner.io:eco:earthchem:data:78354a4d2880168e1bde28ddc88af6ae09bb09c8,https://gleaner.io/xid/genid/daj5tf0jo11s73e3kln0,60.79222,23.62528
urn:gleaner.io:eco:earthchem:data:78354a4d2880168e1bde28ddc88af6ae09bb09c8,https://gleaner.io/xid/genid/daj5tf0jo11s73e3klh0,49.37995,15.67198
urn:gleaner.io:eco:earthchem:data:78354a4d2880168e1bde28ddc88af6ae09bb09c8,https://gleaner.io/xid/genid/daj5tf0jo11s73e3klgg,42.91081,0.35938
urn:gleaner.io:eco:earthchem:data:78354a4d2880168e1bde28ddc88af6ae09bb09c8,https://gleaner.io/xid/genid/daj5tf0jo11s73e3klg0,35.9025,-81.10278
urn:gleaner.io:eco:earthchem:data:78354a4d2880168e1bde28ddc88af6ae09bb09c8,https://gleaner.io/xid/genid/daj5tf0jo11s73e3klfg,35.38667,70.985
urn:gleaner.io:eco:earthchem:data:78354a4d2880168e1bde28ddc88af6ae09bb09c8,https://gleaner.io/xid/genid/daj5tf0jo11s73e3klf0,35.29167,70.95833
urn:gleaner.io:eco:earthchem:data:78354a4d2880168e1bde28ddc88af6ae09bb09c8,https://gleaner.io/xid/genid/daj5tf0jo11s73e3kleg,22.90833,106.7
urn:gleaner.io:eco:earthchem:data:78354a4d2880168e1bde28ddc88af6ae09bb09c8,https://gleaner.io/xid/genid/daj5tf0jo11s73e3kle0,-10.66551,24.94432
urn:gleaner.io:eco:earthchem:data:78354a4d2880168e1bde28ddc88af6ae09bb09c8,https://gleaner.io/xid/genid/daj5tf0jo11s73e3kldg,54.82447,-4.7085
urn:gleaner.io:eco:earthchem:data:78354a4d2880168e1bde28ddc88af6ae09bb09c8,https://gleaner.io/xid/genid/daj5tf0jo11s73e3kld0,51.76269,114.79632
urn:gleaner.io:eco:earthchem:data:78354a4d2880168e1bde28ddc88af6ae09bb09c8,https://gleaner.io/xid/genid/daj5tf0jo11s73e3kls0,50.95091,12.73362
urn:gleaner.io:eco:earthchem:data:78354a4d2880168e1bde28ddc88af6ae09bb09c8,https://gleaner.io/xid/genid/daj5tf0jo11s73e3km0g,36.975,99
urn:gleaner.io:eco:earthchem:data:78354a4d2880168e1bde28ddc88af6ae09bb09c8,https://gleaner.io/xid/genid/daj5tf0jo11s73e3km00,-6.68389,-36.63611
urn:gleaner.io:eco:earthchem:data:78354a4d2880168e1bde28ddc88af6ae09bb09c8,https://gleaner.io/xid/genid/daj5tf0jo11s73e3klvg,-31.11355,121.07569
urn:gleaner.io:eco:earthchem:data:78354a4d2880168e1bde28ddc88af6ae09bb09c8,https://gleaner.io/xid/genid/daj5tf0jo11s73e3klv0,59.15865,10.00885
urn:gleaner.io:eco:earthchem:data:78354a4d2880168e1bde28ddc88af6ae09bb09c8,https://gleaner.io/xid/genid/daj5tf0jo11s73e3klug,33.20639,-116.79833
urn:gleaner.io:eco:earthchem:data:78354a4d2880168e1bde28ddc88af6ae09bb09c8,https://gleaner.io/xid/genid/daj5tf0jo11s73e3klu0,61.58444,24.67722
urn:gleaner.io:eco:earthchem:data:78354a4d2880168e1bde28ddc88af6ae09bb09c8,https://gleaner.io/xid/genid/daj5tf0jo11s73e3kltg,43.79378,-103.64281
urn:gleaner.io:eco:earthchem:data:78354a4d2880168e1bde28ddc88af6ae09bb09c8,https://gleaner.io/xid/genid/daj5tf0jo11s73e3klt0,62.57417,23.2375
urn:gleaner.io:eco:earthchem:data:78354a4d2880168e1bde28ddc88af6ae09bb09c8,https://gleaner.io/xid/genid/daj5tf0jo11s73e3klsg,52.61278,-90.36361
urn:gleaner.io:eco:earthchem:data:78354a4d2880168e1bde28ddc88af6ae09bb09c8,https://gleaner.io/xid/genid/daj5tf0jo11s73e3klcg,48.52417,-120.65306
urn:gleaner.io:eco:earthchem:data:78354a4d2880168e1bde28ddc88af6ae09bb09c8,https://gleaner.io/xid/genid/daj5tf0jo11s73e3klrg,48.94749,14.25218
urn:gleaner.io:eco:earthchem:data:78354a4d2880168e1bde28ddc88af6ae09bb09c8,https://gleaner.io/xid/genid/daj5tf0jo11s73e3klr0,-20.0493,46.9479
urn:gleaner.io:eco:earthchem:data:78354a4d2880168e1bde28ddc88af6ae09bb09c8,https://gleaner.io/xid/genid/daj5tf0jo11s73e3klqg,44.09,-70.304
urn:gleaner.io:eco:earthchem:data:78354a4d2880168e1bde28ddc88af6ae09bb09c8,https://gleaner.io/xid/genid/daj5tf0jo11s73e3klq0,35.22916793823242,-84.31610870361328
urn:gleaner.io:eco:earthchem:data:78354a4d2880168e1bde28ddc88af6ae09bb09c8,https://gleaner.io/xid/genid/daj5tf0jo11s73e3klpg,34.26306,133.16083
urn:gleaner.io:eco:earthchem:data:78354a4d2880168e1bde28ddc88af6ae09bb09c8,https://gleaner.io/xid/genid/daj5tf0jo11s73e3klp0,33.7,110.8
urn:gleaner.io:eco:earthchem:data:78354a4d2880168e1bde28ddc88af6ae09bb09c8,https://gleaner.io/xid/genid/daj5tf0jo11s73e3klog,33.39,-117.05167
urn:gleaner.io:eco:earthchem:data:78354a4d2880168e1bde28ddc88af6ae09bb09c8,https://gleaner.io/xid/genid/daj5tf0jo11s73e3klo0,33.04222,-116.51944
urn:gleaner.io:eco:earthchem:data:78354a4d2880168e1bde28ddc88af6ae09bb09c8,https://gleaner.io/xid/genid/daj5tf0jo11s73e3klng,-16.7125,-41.88611
urn:gleaner.io:eco:earthchem:data:78354a4d2880168e1bde28ddc88af6ae09bb09c8,https://gleaner.io/xid/genid/daj5tf0jo11s73e3kkt0,35.90861,-82.09834
urn:gleaner.io:eco:earthchem:data:78354a4d2880168e1bde28ddc88af6ae09bb09c8,https://gleaner.io/xid/genid/daj5tf0jo11s73e3kl20,35.2925,-81.33806
urn:gleaner.io:eco:earthchem:data:78354a4d2880168e1bde28ddc88af6ae09bb09c8,https://gleaner.io/xid/genid/daj5tf0jo11s73e3kl1g,50.25944,-94.44306
urn:gleaner.io:eco:earthchem:data:78354a4d2880168e1bde28ddc88af6ae09bb09c8,https://gleaner.io/xid/genid/daj5tf0jo11s73e3kl10,46.62671,9.40756
urn:gleaner.io:eco:earthchem:data:78354a4d2880168e1bde28ddc88af6ae09bb09c8,https://gleaner.io/xid/genid/daj5tf0jo11s73e3kl0g,46.13194,7.73806
urn:gleaner.io:eco:earthchem:data:78354a4d2880168e1bde28ddc88af6ae09bb09c8,https://gleaner.io/xid/genid/daj5tf0jo11s73e3kl00,40.412,-7.36126
urn:gleaner.io:eco:earthchem:data:78354a4d2880168e1bde28ddc88af6ae09bb09c8,https://gleaner.io/xid/genid/daj5tf0jo11s73e3kkvg,37.36056,-77.91389
urn:gleaner.io:eco:earthchem:data:78354a4d2880168e1bde28ddc88af6ae09bb09c8,https://gleaner.io/xid/genid/daj5tf0jo11s73e3kkv0,35.44695,-81.23528
urn:gleaner.io:eco:earthchem:data:78354a4d2880168e1bde28ddc88af6ae09bb09c8,https://gleaner.io/xid/genid/daj5tf0jo11s73e3kkug,-17.6225,31.09333
urn:gleaner.io:eco:earthchem:data:78354a4d2880168e1bde28ddc88af6ae09bb09c8,https://gleaner.io/xid/genid/daj5tf0jo11s73e3kku0,41.86257,-8.70825
urn:gleaner.io:eco:earthchem:data:78354a4d2880168e1bde28ddc88af6ae09bb09c8,https://gleaner.io/xid/genid/daj5tf0jo11s73e3kktg,38.53583,-106.61306
urn:gleaner.io:eco:earthchem:data:78354a4d2880168e1bde28ddc88af6ae09bb09c8,https://gleaner.io/xid/genid/daj5tf0jo11s73e3kl2g,35.71722,71.11667
urn:gleaner.io:eco:earthchem:data:78354a4d2880168e1bde28ddc88af6ae09bb09c8,https://gleaner.io/xid/genid/daj5tf0jo11s73e3kksg,-27.47315,120.55023
urn:gleaner.io:eco:earthchem:data:78354a4d2880168e1bde28ddc88af6ae09bb09c8,https://gleaner.io/xid/genid/daj5tf0jo11s73e3kks0,42.77539,10.22485
urn:gleaner.io:eco:earthchem:data:78354a4d2880168e1bde28ddc88af6ae09bb09c8,https://gleaner.io/xid/genid/daj5tf0jo11s73e3kkrg,48.73003,13.36358
urn:gleaner.io:eco:earthchem:data:78354a4d2880168e1bde28ddc88af6ae09bb09c8,https://gleaner.io/xid/genid/daj5tf0jo11s73e3kkr0,44.54278,-70.72306
urn:gleaner.io:eco:earthchem:data:78354a4d2880168e1bde28ddc88af6ae09bb09c8,https://gleaner.io/xid/genid/daj5tf0jo11s73e3kkqg,-27.11353,22.85439
urn:gleaner.io:eco:earthchem:data:78354a4d2880168e1bde28ddc88af6ae09bb09c8,https://gleaner.io/xid/genid/daj5tf0jo11s73e3kkpg,52.04361,-3.94944
urn:gleaner.io:eco:earthchem:data:78354a4d2880168e1bde28ddc88af6ae09bb09c8,https://gleaner.io/xid/genid/daj5tf0jo11s73e3kkp0,38.80458,-104.91736
urn:gleaner.io:eco:earthchem:data:78354a4d2880168e1bde28ddc88af6ae09bb09c8,https://gleaner.io/xid/genid/daj5tf0jo11s73e3kkog,33.82505,-114.93411
urn:gleaner.io:eco:earthchem:data:78354a4d2880168e1bde28ddc88af6ae09bb09c8,https://gleaner.io/xid/genid/daj5tf0jo11s73e3kko0,32.02528,-105.51528
urn:gleaner.io:eco:earthchem:data:78354a4d2880168e1bde28ddc88af6ae09bb09c8,https://gleaner.io/xid/genid/daj5tf0jo11s73e3kl7g,-21.19028,118.67361
urn:gleaner.io:eco:earthchem:data:78354a4d2880168e1bde28ddc88af6ae09bb09c8,https://gleaner.io/xid/genid/daj5tf0jo11s73e3klc0,-2.33709,27.59973
urn:gleaner.io:eco:earthchem:data:78354a4d2880168e1bde28ddc88af6ae09bb09c8,https://gleaner.io/xid/genid/daj5tf0jo11s73e3klbg,-5.4457,-39.12173
urn:gleaner.io:eco:earthchem:data:78354a4d2880168e1bde28ddc88af6ae09bb09c8,https://gleaner.io/xid/genid/daj5tf0jo11s73e3klb0,-32.386,-65.707
urn:gleaner.io:eco:earthchem:data:78354a4d2880168e1bde28ddc88af6ae09bb09c8,https://gleaner.io/xid/genid/daj5tf0jo11s73e3klag,50.70917,-4.02833
urn:gleaner.io:eco:earthchem:data:78354a4d2880168e1bde28ddc88af6ae09bb09c8,https://gleaner.io/xid/genid/daj5tf0jo11s73e3kla0,50.60024,-95.42663
urn:gleaner.io:eco:earthchem:data:78354a4d2880168e1bde28ddc88af6ae09bb09c8,https://gleaner.io/xid/genid/daj5tf0jo11s73e3kl9g,46.32,2.3025
urn:gleaner.io:eco:earthchem:data:78354a4d2880168e1bde28ddc88af6ae09bb09c8,https://gleaner.io/xid/genid/daj5tf0jo11s73e3kl90,42.42057,-72.8924
urn:gleaner.io:eco:earthchem:data:78354a4d2880168e1bde28ddc88af6ae09bb09c8,https://gleaner.io/xid/genid/daj5tf0jo11s73e3kl8g,34.69083,-92.28806
urn:gleaner.io:eco:earthchem:data:78354a4d2880168e1bde28ddc88af6ae09bb09c8,https://gleaner.io/xid/genid/daj5tf0jo11s73e3kl80,34.43472,70.25639
urn:gleaner.io:eco:earthchem:data:78354a4d2880168e1bde28ddc88af6ae09bb09c8,https://gleaner.io/xid/genid/daj5tf0jo11s73e3km10,41.83467,-8.62851
urn:gleaner.io:eco:earthchem:data:78354a4d2880168e1bde28ddc88af6ae09bb09c8,https://gleaner.io/xid/genid/daj5tf0jo11s73e3kl70,-22.02458,15.58414
urn:gleaner.io:eco:earthchem:data:78354a4d2880168e1bde28ddc88af6ae09bb09c8,https://gleaner.io/xid/genid/daj5tf0jo11s73e3kl6g,47.20013,89.81215
urn:gleaner.io:eco:earthchem:data:78354a4d2880168e1bde28ddc88af6ae09bb09c8,https://gleaner.io/xid/genid/daj5tf0jo11s73e3kl60,44.3764,-104.04903
urn:gleaner.io:eco:earthchem:data:78354a4d2880168e1bde28ddc88af6ae09bb09c8,https://gleaner.io/xid/genid/daj5tf0jo11s73e3kl5g,41.91655,-118.16767
urn:gleaner.io:eco:earthchem:data:78354a4d2880168e1bde28ddc88af6ae09bb09c8,https://gleaner.io/xid/genid/daj5tf0jo11s73e3kl50,39.74833,-113.18222
urn:gleaner.io:eco:earthchem:data:78354a4d2880168e1bde28ddc88af6ae09bb09c8,https://gleaner.io/xid/genid/daj5tf0jo11s73e3kl4g,35.26444625854492,-84.3094482421875
urn:gleaner.io:eco:earthchem:data:78354a4d2880168e1bde28ddc88af6ae09bb09c8,https://gleaner.io/xid/genid/daj5tf0jo11s73e3kl40,25.3225,116.69278
urn:gleaner.io:eco:earthchem:data:78354a4d2880168e1bde28ddc88af6ae09bb09c8,https://gleaner.io/xid/genid/daj5tf0jo11s73e3kl3g,-20.05944,46.97278
urn:gleaner.io:eco:earthchem:data:78354a4d2880168e1bde28ddc88af6ae09bb09c8,https://gleaner.io/xid/genid/daj5tf0jo11s73e3kl30,43.08387,-72.3809
urn:gleaner.io:eco:earthchem:data:78354a4d2880168e1bde28ddc88af6ae09bb09c8,https://gleaner.io/xid/genid/daj5tf0jo11s73e3kmqg,47.20583,15.48556
urn:gleaner.io:eco:earthchem:data:78354a4d2880168e1bde28ddc88af6ae09bb09c8,https://gleaner.io/xid/genid/daj5tf0jo11s73e3kmvg,35.87005,-105.42726
urn:gleaner.io:eco:earthchem:data:78354a4d2880168e1bde28ddc88af6ae09bb09c8,https://gleaner.io/xid/genid/daj5tf0jo11s73e3kmv0,25.18333,112.58333
urn:gleaner.io:eco:earthchem:data:78354a4d2880168e1bde28ddc88af6ae09bb09c8,https://gleaner.io/xid/genid/daj5tf0jo11s73e3kmug,18.76083,81.90833
urn:gleaner.io:eco:earthchem:data:78354a4d2880168e1bde28ddc88af6ae09bb09c8,https://gleaner.io/xid/genid/daj5tf0jo11s73e3kmu0,54.53172,-3.33996
urn:gleaner.io:eco:earthchem:data:78354a4d2880168e1bde28ddc88af6ae09bb09c8,https://gleaner.io/xid/genid/daj5tf0jo11s73e3kmtg,53.48417,96.70556
urn:gleaner.io:eco:earthchem:data:78354a4d2880168e1bde28ddc88af6ae09bb09c8,https://gleaner.io/xid/genid/daj5tf0jo11s73e3kmt0,46.41667,-110.33333
urn:gleaner.io:eco:earthchem:data:78354a4d2880168e1bde28ddc88af6ae09bb09c8,https://gleaner.io/xid/genid/daj5tf0jo11s73e3kmsg,33.2175,-116.82361
urn:gleaner.io:eco:earthchem:data:78354a4d2880168e1bde28ddc88af6ae09bb09c8,https://gleaner.io/xid/genid/daj5tf0jo11s73e3kms0,-8.46667,-41.96111
urn:gleaner.io:eco:earthchem:data:78354a4d2880168e1bde28ddc88af6ae09bb09c8,https://gleaner.io/xid/genid/daj5tf0jo11s73e3kmrg,-15.91667,37.95417
urn:gleaner.io:eco:earthchem:data:78354a4d2880168e1bde28ddc88af6ae09bb09c8,https://gleaner.io/xid/genid/daj5tf0jo11s73e3kmr0,47.28556,89.77583
urn:gleaner.io:eco:earthchem:data:78354a4d2880168e1bde28ddc88af6ae09bb09c8,https://gleaner.io/xid/genid/daj5tf0jo11s73e3kn00,44.62194,19.43944
urn:gleaner.io:eco:earthchem:data:78354a4d2880168e1bde28ddc88af6ae09bb09c8,https://gleaner.io/xid/genid/daj5tf0jo11s73e3kmq0,47.19442,89.81215
urn:gleaner.io:eco:earthchem:data:78354a4d2880168e1bde28ddc88af6ae09bb09c8,https://gleaner.io/xid/genid/daj5tf0jo11s73e3kmpg,43.7333333333,-103.5
urn:gleaner.io:eco:earthchem:data:78354a4d2880168e1bde28ddc88af6ae09bb09c8,https://gleaner.io/xid/genid/daj5tf0jo11s73e3kmp0,41.59222,-72.59167
urn:gleaner.io:eco:earthchem:data:78354a4d2880168e1bde28ddc88af6ae09bb09c8,https://gleaner.io/xid/genid/daj5tf0jo11s73e3kmog,41.45278,-72.51056
urn:gleaner.io:eco:earthchem:data:78354a4d2880168e1bde28ddc88af6ae09bb09c8,https://gleaner.io/xid/genid/daj5tf0jo11s73e3kmo0,40.435,-7.335
urn:gleaner.io:eco:earthchem:data:78354a4d2880168e1bde28ddc88af6ae09bb09c8,https://gleaner.io/xid/genid/daj5tf0jo11s73e3kmng,33.38944,-117.05083
urn:gleaner.io:eco:earthchem:data:78354a4d2880168e1bde28ddc88af6ae09bb09c8,https://gleaner.io/xid/genid/daj5tf0jo11s73e3kmn0,36.99583,140.70694
urn:gleaner.io:eco:earthchem:data:78354a4d2880168e1bde28ddc88af6ae09bb09c8,https://gleaner.io/xid/genid/daj5tf0jo11s73e3kmmg,35.36546,-81.35858
urn:gleaner.io:eco:earthchem:data:78354a4d2880168e1bde28ddc88af6ae09bb09c8,https://gleaner.io/xid/genid/daj5tf0jo11s73e3kmm0,15.05205,76.63056
urn:gleaner.io:eco:earthchem:data:78354a4d2880168e1bde28ddc88af6ae09bb09c8,https://gleaner.io/xid/genid/daj5tf0jo11s73e3kn50,32.19066,-104.50329
urn:gleaner.io:eco:earthchem:data:78354a4d2880168e1bde28ddc88af6ae09bb09c8,https://gleaner.io/xid/genid/daj5tf0jo11s73e3kn9g,-6.83333,-36.66667
urn:gleaner.io:eco:earthchem:data:78354a4d2880168e1bde28ddc88af6ae09bb09c8,https://gleaner.io/xid/genid/daj5tf0jo11s73e3kn90,-21.09452,118.87687
urn:gleaner.io:eco:earthchem:data:78354a4d2880168e1bde28ddc88af6ae09bb09c8,https://gleaner.io/xid/genid/daj5tf0jo11s73e3kn8g,45.97844,1.39231
urn:gleaner.io:eco:earthchem:data:78354a4d2880168e1bde28ddc88af6ae09bb09c8,https://gleaner.io/xid/genid/daj5tf0jo11s73e3kn80,-18.18807,-41.87994
urn:gleaner.io:eco:earthchem:data:78354a4d2880168e1bde28ddc88af6ae09bb09c8,https://gleaner.io/xid/genid/daj5tf0jo11s73e3kn7g,-19.07667,-41.49556
urn:gleaner.io:eco:earthchem:data:78354a4d2880168e1bde28ddc88af6ae09bb09c8,https://gleaner.io/xid/genid/daj5tf0jo11s73e3kn70,50.01197,12.60656
urn:gleaner.io:eco:earthchem:data:78354a4d2880168e1bde28ddc88af6ae09bb09c8,https://gleaner.io/xid/genid/daj5tf0jo11s73e3kn6g,42.7925,43.31833
urn:gleaner.io:eco:earthchem:data:78354a4d2880168e1bde28ddc88af6ae09bb09c8,https://gleaner.io/xid/genid/daj5tf0jo11s73e3kn60,40.9646,-6.98833
urn:gleaner.io:eco:earthchem:data:78354a4d2880168e1bde28ddc88af6ae09bb09c8,https://gleaner.io/xid/genid/daj5tf0jo11s73e3kn5g,34.78159,-92.30437
urn:gleaner.io:eco:earthchem:data:78354a4d2880168e1bde28ddc88af6ae09bb09c8,https://gleaner.io/xid/genid/daj5tf0jo11s73e3kmlg,-15.78333,38.26667
urn:gleaner.io:eco:earthchem:data:78354a4d2880168e1bde28ddc88af6ae09bb09c8,https://gleaner.io/xid/genid/daj5tf0jo11s73e3kn4g,10.18333,-67.11667
urn:gleaner.io:eco:earthchem:data:78354a4d2880168e1bde28ddc88af6ae09bb09c8,https://gleaner.io/xid/genid/daj5tf0jo11s73e3kn40,60.88083,-45.86472
urn:gleaner.io:eco:earthchem:data:78354a4d2880168e1bde28ddc88af6ae09bb09c8,https://gleaner.io/xid/genid/daj5tf0jo11s73e3kn3g,50.30254,7.67722
urn:gleaner.io:eco:earthchem:data:78354a4d2880168e1bde28ddc88af6ae09bb09c8,https://gleaner.io/xid/genid/daj5tf0jo11s73e3kn30,50.0795,9.23193
urn:gleaner.io:eco:earthchem:data:78354a4d2880168e1bde28ddc88af6ae09bb09c8,https://gleaner.io/xid/genid/daj5tf0jo11s73e3kn2g,48.40833,91.93333
urn:gleaner.io:eco:earthchem:data:78354a4d2880168e1bde28ddc88af6ae09bb09c8,https://gleaner.io/xid/genid/daj5tf0jo11s73e3kn20,34.68333,-92.7
urn:gleaner.io:eco:earthchem:data:78354a4d2880168e1bde28ddc88af6ae09bb09c8,https://gleaner.io/xid/genid/daj5tf0jo11s73e3kn1g,-21.3946127495,133.939453209
urn:gleaner.io:eco:earthchem:data:78354a4d2880168e1bde28ddc88af6ae09bb09c8,https://gleaner.io/xid/genid/daj5tf0jo11s73e3kn10,50.66667,58.11667
urn:gleaner.io:eco:earthchem:data:78354a4d2880168e1bde28ddc88af6ae09bb09c8,https://gleaner.io/xid/genid/daj5tf0jo11s73e3kn0g,50.59556,5.70528
urn:gleaner.io:eco:earthchem:data:78354a4d2880168e1bde28ddc88af6ae09bb09c8,https://gleaner.io/xid/genid/daj5tf0jo11s73e3km60,43.72833,-103.70056
urn:gleaner.io:eco:earthchem:data:78354a4d2880168e1bde28ddc88af6ae09bb09c8,https://gleaner.io/xid/genid/daj5tf0jo11s73e3kmb0,46.365,8.22111
urn:gleaner.io:eco:earthchem:data:78354a4d2880168e1bde28ddc88af6ae09bb09c8,https://gleaner.io/xid/genid/daj5tf0jo11s73e3kmag,38.47869,-105.30244
urn:gleaner.io:eco:earthchem:data:78354a4d2880168e1bde28ddc88af6ae09bb09c8,https://gleaner.io/xid/genid/daj5tf0jo11s73e3kma0,-16.65333,-42.26167
urn:gleaner.io:eco:earthchem:data:78354a4d2880168e1bde28ddc88af6ae09bb09c8,https://gleaner.io/xid/genid/daj5tf0jo11s73e3km9g,55.07222,-92.9
urn:gleaner.io:eco:earthchem:data:78354a4d2880168e1bde28ddc88af6ae09bb09c8,https://gleaner.io/xid/genid/daj5tf0jo11s73e3km90,41.69151,-8.62921
urn:gleaner.io:eco:earthchem:data:78354a4d2880168e1bde28ddc88af6ae09bb09c8,https://gleaner.io/xid/genid/daj5tf0jo11s73e3km8g,30.33333,101.31667
urn:gleaner.io:eco:earthchem:data:78354a4d2880168e1bde28ddc88af6ae09bb09c8,https://gleaner.io/xid/genid/daj5tf0jo11s73e3km80,-36.98205,149.78145
urn:gleaner.io:eco:earthchem:data:78354a4d2880168e1bde28ddc88af6ae09bb09c8,https://gleaner.io/xid/genid/daj5tf0jo11s73e3km7g,65.27544,21.94069
urn:gleaner.io:eco:earthchem:data:78354a4d2880168e1bde28ddc88af6ae09bb09c8,https://gleaner.io/xid/genid/daj5tf0jo11s73e3km70,50.44084,-95.37766
urn:gleaner.io:eco:earthchem:data:78354a4d2880168e1bde28ddc88af6ae09bb09c8,https://gleaner.io/xid/genid/daj5tf0jo11s73e3km6g,48.53333,91.9125
urn:gleaner.io:eco:earthchem:data:78354a4d2880168e1bde28ddc88af6ae09bb09c8,https://gleaner.io/xid/genid/daj5tf0jo11s73e3kmbg,50.03056,11.90389
urn:gleaner.io:eco:earthchem:data:78354a4d2880168e1bde28ddc88af6ae09bb09c8,https://gleaner.io/xid/genid/daj5tf0jo11s73e3km5g,58.53671,124.91404
urn:gleaner.io:eco:earthchem:data:78354a4d2880168e1bde28ddc88af6ae09bb09c8,https://gleaner.io/xid/genid/daj5tf0jo11s73e3km50,50.59857,-95.44221
urn:gleaner.io:eco:earthchem:data:78354a4d2880168e1bde28ddc88af6ae09bb09c8,https://gleaner.io/xid/genid/daj5tf0jo11s73e3km4g,49.6573,-95.48525
urn:gleaner.io:eco:earthchem:data:78354a4d2880168e1bde28ddc88af6ae09bb09c8,https://gleaner.io/xid/genid/daj5tf0jo11s73e3km40,41.91943,-117.81225
urn:gleaner.io:eco:earthchem:data:78354a4d2880168e1bde28ddc88af6ae09bb09c8,https://gleaner.io/xid/genid/daj5tf0jo11s73e3km3g,38.80468,-104.91782
urn:gleaner.io:eco:earthchem:data:78354a4d2880168e1bde28ddc88af6ae09bb09c8,https://gleaner.io/xid/genid/daj5tf0jo11s73e3km30,35.90611,-81.08833
urn:gleaner.io:eco:earthchem:data:78354a4d2880168e1bde28ddc88af6ae09bb09c8,https://gleaner.io/xid/genid/daj5tf0jo11s73e3km2g,34.48278,-112.84139
urn:gleaner.io:eco:earthchem:data:78354a4d2880168e1bde28ddc88af6ae09bb09c8,https://gleaner.io/xid/genid/daj5tf0jo11s73e3km20,33.96028,-112.56306
urn:gleaner.io:eco:earthchem:data:78354a4d2880168e1bde28ddc88af6ae09bb09c8,https://gleaner.io/xid/genid/daj5tf0jo11s73e3km1g,43.97545,-69.94472
urn:gleaner.io:eco:earthchem:data:78354a4d2880168e1bde28ddc88af6ae09bb09c8,https://gleaner.io/xid/genid/daj5tf0jo11s73e3kmgg,-24.82583,-66.31083
urn:gleaner.io:eco:earthchem:data:78354a4d2880168e1bde28ddc88af6ae09bb09c8,https://gleaner.io/xid/genid/daj5tf0jo11s73e3kml0,-18.9294,127.2421
urn:gleaner.io:eco:earthchem:data:78354a4d2880168e1bde28ddc88af6ae09bb09c8,https://gleaner.io/xid/genid/daj5tf0jo11s73e3kmkg,-21.3608532999,133.970558032
urn:gleaner.io:eco:earthchem:data:78354a4d2880168e1bde28ddc88af6ae09bb09c8,https://gleaner.io/xid/genid/daj5tf0jo11s73e3kmk0,-21.73459,15.67243
urn:gleaner.io:eco:earthchem:data:78354a4d2880168e1bde28ddc88af6ae09bb09c8,https://gleaner.io/xid/genid/daj5tf0jo11s73e3kmjg,-29.04528,-67.09389
urn:gleaner.io:eco:earthchem:data:78354a4d2880168e1bde28ddc88af6ae09bb09c8,https://gleaner.io/xid/genid/daj5tf0jo11s73e3kmj0,67.80719,34.5465
urn:gleaner.io:eco:earthchem:data:78354a4d2880168e1bde28ddc88af6ae09bb09c8,https://gleaner.io/xid/genid/daj5tf0jo11s73e3kmig,47.90833,88.83333
urn:gleaner.io:eco:earthchem:data:78354a4d2880168e1bde28ddc88af6ae09bb09c8,https://gleaner.io/xid/genid/daj5tf0jo11s73e3kmi0,41.76155,-118.10293
urn:gleaner.io:eco:earthchem:data:78354a4d2880168e1bde28ddc88af6ae09bb09c8,https://gleaner.io/xid/genid/daj5tf0jo11s73e3kmhg,40.80473,-7.2147
urn:gleaner.io:eco:earthchem:data:78354a4d2880168e1bde28ddc88af6ae09bb09c8,https://gleaner.io/xid/genid/daj5tf0jo11s73e3kmh0,-24.67583,-66.50688
urn:gleaner.io:eco:earthchem:data:78354a4d2880168e1bde28ddc88af6ae09bb09c8,https://gleaner.io/xid/genid/daj5tf0jo11s73e3kkng,26.65,101.95
urn:gleaner.io:eco:earthchem:data:78354a4d2880168e1bde28ddc88af6ae09bb09c8,https://gleaner.io/xid/genid/daj5tf0jo11s73e3kmg0,67.78333,29.35
urn:gleaner.io:eco:earthchem:data:78354a4d2880168e1bde28ddc88af6ae09bb09c8,https://gleaner.io/xid/genid/daj5tf0jo11s73e3kmfg,54.28694,60.51194
urn:gleaner.io:eco:earthchem:data:78354a4d2880168e1bde28ddc88af6ae09bb09c8,https://gleaner.io/xid/genid/daj5tf0jo11s73e3kmf0,43.89028,-103.41944
urn:gleaner.io:eco:earthchem:data:78354a4d2880168e1bde28ddc88af6ae09bb09c8,https://gleaner.io/xid/genid/daj5tf0jo11s73e3kmeg,31.37222,84.05306
urn:gleaner.io:eco:earthchem:data:78354a4d2880168e1bde28ddc88af6ae09bb09c8,https://gleaner.io/xid/genid/daj5tf0jo11s73e3kme0,50.8925,-118.24833
urn:gleaner.io:eco:earthchem:data:78354a4d2880168e1bde28ddc88af6ae09bb09c8,https://gleaner.io/xid/genid/daj5tf0jo11s73e3kmdg,44.29333,-70.64
urn:gleaner.io:eco:earthchem:data:78354a4d2880168e1bde28ddc88af6ae09bb09c8,https://gleaner.io/xid/genid/daj5tf0jo11s73e3kmd0,36.63333,71.65
urn:gleaner.io:eco:earthchem:data:78354a4d2880168e1bde28ddc88af6ae09bb09c8,https://gleaner.io/xid/genid/daj5tf0jo11s73e3kmcg,-17.4,32.5
urn:gleaner.io:eco:earthchem:data:78354a4d2880168e1bde28ddc88af6ae09bb09c8,https://gleaner.io/xid/genid/daj5tf0jo11s73e3kmc0,-33.85449,116.05971
urn:gleaner.io:eco:earthchem:data:78354a4d2880168e1bde28ddc88af6ae09bb09c8,https://gleaner.io/xid/genid/daj5tf0jo11s73e3kiv0,46.97167,36.80778
urn:gleaner.io:eco:earthchem:data:78354a4d2880168e1bde28ddc88af6ae09bb09c8,https://gleaner.io/xid/genid/daj5tf0jo11s73e3kj40,-28.93421,17.77977
urn:gleaner.io:eco:earthchem:data:78354a4d2880168e1bde28ddc88af6ae09bb09c8,https://gleaner.io/xid/genid/daj5tf0jo11s73e3kj3g,-32.94222,-65.94778
urn:gleaner.io:eco:earthchem:data:78354a4d2880168e1bde28ddc88af6ae09bb09c8,https://gleaner.io/xid/genid/daj5tf0jo11s73e3kj30,-37.566053,146.242676
urn:gleaner.io:eco:earthchem:data:78354a4d2880168e1bde28ddc88af6ae09bb09c8,https://gleaner.io/xid/genid/daj5tf0jo11s73e3kj2g,44.50625,6.31128
urn:gleaner.io:eco:earthchem:data:78354a4d2880168e1bde28ddc88af6ae09bb09c8,https://gleaner.io/xid/genid/daj5tf0jo11s73e3kj20,41.5905,-7.7415
urn:gleaner.io:eco:earthchem:data:78354a4d2880168e1bde28ddc88af6ae09bb09c8,https://gleaner.io/xid/genid/daj5tf0jo11s73e3kj1g,39.45833,-6.33861
urn:gleaner.io:eco:earthchem:data:78354a4d2880168e1bde28ddc88af6ae09bb09c8,https://gleaner.io/xid/genid/daj5tf0jo11s73e3kj10,8.44821,3.33291
urn:gleaner.io:eco:earthchem:data:78354a4d2880168e1bde28ddc88af6ae09bb09c8,https://gleaner.io/xid/genid/daj5tf0jo11s73e3kj0g,-16.72583,-41.89861
urn:gleaner.io:eco:earthchem:data:78354a4d2880168e1bde28ddc88af6ae09bb09c8,https://gleaner.io/xid/genid/daj5tf0jo11s73e3kj00,59.09774,10.26244
urn:gleaner.io:eco:earthchem:data:78354a4d2880168e1bde28ddc88af6ae09bb09c8,https://gleaner.io/xid/genid/daj5tf0jo11s73e3kivg,50.60535,7.51059
urn:gleaner.io:eco:earthchem:data:78354a4d2880168e1bde28ddc88af6ae09bb09c8,https://gleaner.io/xid/genid/daj5tf0jo11s73e3kj4g,20.62975,-74.86239
urn:gleaner.io:eco:earthchem:data:78354a4d2880168e1bde28ddc88af6ae09bb09c8,https://gleaner.io/xid/genid/daj5tf0jo11s73e3kiug,43.70722,-103.57584
urn:gleaner.io:eco:earthchem:data:78354a4d2880168e1bde28ddc88af6ae09bb09c8,https://gleaner.io/xid/genid/daj5tf0jo11s73e3kiu0,37.91195,-79.17167
urn:gleaner.io:eco:earthchem:data:78354a4d2880168e1bde28ddc88af6ae09bb09c8,https://gleaner.io/xid/genid/daj5tf0jo11s73e3kitg,33.37639,-117.03806
urn:gleaner.io:eco:earthchem:data:78354a4d2880168e1bde28ddc88af6ae09bb09c8,https://gleaner.io/xid/genid/daj5tf0jo11s73e3kit0,-20.17294,47.01218
urn:gleaner.io:eco:earthchem:data:78354a4d2880168e1bde28ddc88af6ae09bb09c8,https://gleaner.io/xid/genid/daj5tf0jo11s73e3kip0,50.70443,-116.80776
urn:gleaner.io:eco:earthchem:data:78354a4d2880168e1bde28ddc88af6ae09bb09c8,https://gleaner.io/xid/genid/daj5tf0jo11s73e3kiog,33.88278,110.73194
urn:gleaner.io:eco:earthchem:data:78354a4d2880168e1bde28ddc88af6ae09bb09c8,https://gleaner.io/xid/genid/daj5tf0jo11s73e3kio0,33.62224,-116.79945
urn:gleaner.io:eco:earthchem:data:78354a4d2880168e1bde28ddc88af6ae09bb09c8,https://gleaner.io/xid/genid/daj5tf0jo11s73e3king,-22.00448,16.08972
urn:gleaner.io:eco:earthchem:data:78354a4d2880168e1bde28ddc88af6ae09bb09c8,https://gleaner.io/xid/genid/daj5tf0jo11s73e3kin0,-28.99833,17.82611
urn:gleaner.io:eco:earthchem:data:78354a4d2880168e1bde28ddc88af6ae09bb09c8,https://gleaner.io/xid/genid/daj5tf0jo11s73e3kj9g,-30.22972,139.29556
urn:gleaner.io:eco:earthchem:data:78354a4d2880168e1bde28ddc88af6ae09bb09c8,https://gleaner.io/xid/genid/daj5tf0jo11s73e3kje0,31.38778,-115.72194
urn:gleaner.io:eco:earthchem:data:78354a4d2880168e1bde28ddc88af6ae09bb09c8,https://gleaner.io/xid/genid/daj5tf0jo11s73e3kjdg,18.64879,81.94526
urn:gleaner.io:eco:earthchem:data:78354a4d2880168e1bde28ddc88af6ae09bb09c8,https://gleaner.io/xid/genid/daj5tf0jo11s73e3kjd0,47.91667,88.825
urn:gleaner.io:eco:earthchem:data:78354a4d2880168e1bde28ddc88af6ae09bb09c8,https://gleaner.io/xid/genid/daj5tf0jo11s73e3kjcg,43.69247,-71.94228
urn:gleaner.io:eco:earthchem:data:78354a4d2880168e1bde28ddc88af6ae09bb09c8,https://gleaner.io/xid/genid/daj5tf0jo11s73e3kjc0,35.91908,79.25331
urn:gleaner.io:eco:earthchem:data:78354a4d2880168e1bde28ddc88af6ae09bb09c8,https://gleaner.io/xid/genid/daj5tf0jo11s73e3kjbg,34.75921,-79.99057
urn:gleaner.io:eco:earthchem:data:78354a4d2880168e1bde28ddc88af6ae09bb09c8,https://gleaner.io/xid/genid/daj5tf0jo11s73e3kjb0,33.43373,110.0338
urn:gleaner.io:eco:earthchem:data:78354a4d2880168e1bde28ddc88af6ae09bb09c8,https://gleaner.io/xid/genid/daj5tf0jo11s73e3kjag,20.60483,-74.86359
urn:gleaner.io:eco:earthchem:data:78354a4d2880168e1bde28ddc88af6ae09bb09c8,https://gleaner.io/xid/genid/daj5tf0jo11s73e3kja0,18.74338,81.88996
urn:gleaner.io:eco:earthchem:data:78354a4d2880168e1bde28ddc88af6ae09bb09c8,https://gleaner.io/xid/genid/daj5tf0jo11s73e3kimg,57.26455,-3.06452
urn:gleaner.io:eco:earthchem:data:78354a4d2880168e1bde28ddc88af6ae09bb09c8,https://gleaner.io/xid/genid/daj5tf0jo11s73e3kj90,62.74361,-113.10722
urn:gleaner.io:eco:earthchem:data:78354a4d2880168e1bde28ddc88af6ae09bb09c8,https://gleaner.io/xid/genid/daj5tf0jo11s73e3kj8g,43.65542,-103.58358
urn:gleaner.io:eco:earthchem:data:78354a4d2880168e1bde28ddc88af6ae09bb09c8,https://gleaner.io/xid/genid/daj5tf0jo11s73e3kj80,33.376667,-117.036667
urn:gleaner.io:eco:earthchem:data:78354a4d2880168e1bde28ddc88af6ae09bb09c8,https://gleaner.io/xid/genid/daj5tf0jo11s73e3kj7g,-20.6,-43.78333
urn:gleaner.io:eco:earthchem:data:78354a4d2880168e1bde28ddc88af6ae09bb09c8,https://gleaner.io/xid/genid/daj5tf0jo11s73e3kj70,-28.86,122.54778
urn:gleaner.io:eco:earthchem:data:78354a4d2880168e1bde28ddc88af6ae09bb09c8,https://gleaner.io/xid/genid/daj5tf0jo11s73e3kj6g,-33.52973,151.36679
urn:gleaner.io:eco:earthchem:data:78354a4d2880168e1bde28ddc88af6ae09bb09c8,https://gleaner.io/xid/genid/daj5tf0jo11s73e3kj60,67.75028,35.02417
urn:gleaner.io:eco:earthchem:data:78354a4d2880168e1bde28ddc88af6ae09bb09c8,https://gleaner.io/xid/genid/daj5tf0jo11s73e3kj5g,42.36963,10.91221
urn:gleaner.io:eco:earthchem:data:78354a4d2880168e1bde28ddc88af6ae09bb09c8,https://gleaner.io/xid/genid/daj5tf0jo11s73e3kj50,37.54445,-80.17361
urn:gleaner.io:eco:earthchem:data:78354a4d2880168e1bde28ddc88af6ae09bb09c8,https://gleaner.io/xid/genid/daj5tf0jo11s73e3ki6g,43.74361,-103.71389
urn:gleaner.io:eco:earthchem:data:78354a4d2880168e1bde28ddc88af6ae09bb09c8,https://gleaner.io/xid/genid/daj5tf0jo11s73e3kic0,34.52472,69.90389
urn:gleaner.io:eco:earthchem:data:78354a4d2880168e1bde28ddc88af6ae09bb09c8,https://gleaner.io/xid/genid/daj5tf0jo11s73e3kibg,48.70778,20.54806
urn:gleaner.io:eco:earthchem:data:78354a4d2880168e1bde28ddc88af6ae09bb09c8,https://gleaner.io/xid/genid/daj5tf0jo11s73e3kib0,41.61334,-8.07313
urn:gleaner.io:eco:earthchem:data:78354a4d2880168e1bde28ddc88af6ae09bb09c8,https://gleaner.io/xid/genid/daj5tf0jo11s73e3kiag,37.15063,-79.31892
urn:gleaner.io:eco:earthchem:data:78354a4d2880168e1bde28ddc88af6ae09bb09c8,https://gleaner.io/xid/genid/daj5tf0jo11s73e3kia0,36.43381,-104.16893
urn:gleaner.io:eco:earthchem:data:78354a4d2880168e1bde28ddc88af6ae09bb09c8,https://gleaner.io/xid/genid/daj5tf0jo11s73e3ki9g,35.50556,71.08056
urn:gleaner.io:eco:earthchem:data:78354a4d2880168e1bde28ddc88af6ae09bb09c8,https://gleaner.io/xid/genid/daj5tf0jo11s73e3ki90,35.39278,71.01556
urn:gleaner.io:eco:earthchem:data:78354a4d2880168e1bde28ddc88af6ae09bb09c8,https://gleaner.io/xid/genid/daj5tf0jo11s73e3ki8g,-21,-44.5
urn:gleaner.io:eco:earthchem:data:78354a4d2880168e1bde28ddc88af6ae09bb09c8,https://gleaner.io/xid/genid/daj5tf0jo11s73e3ki7g,49.47222,16.31583
urn:gleaner.io:eco:earthchem:data:78354a4d2880168e1bde28ddc88af6ae09bb09c8,https://gleaner.io/xid/genid/daj5tf0jo11s73e3ki70,45.85056,-88.35278
urn:gleaner.io:eco:earthchem:data:78354a4d2880168e1bde28ddc88af6ae09bb09c8,https://gleaner.io/xid/genid/daj5tf0jo11s73e3kicg,37.22639,70.55583
urn:gleaner.io:eco:earthchem:data:78354a4d2880168e1bde28ddc88af6ae09bb09c8,https://gleaner.io/xid/genid/daj5tf0jo11s73e3ki60,-18.37889,26.84278
urn:gleaner.io:eco:earthchem:data:78354a4d2880168e1bde28ddc88af6ae09bb09c8,https://gleaner.io/xid/genid/daj5tf0jo11s73e3ki5g,61.03306,-45.37778
urn:gleaner.io:eco:earthchem:data:78354a4d2880168e1bde28ddc88af6ae09bb09c8,https://gleaner.io/xid/genid/daj5tf0jo11s73e3ki50,54.02694,-6.205
urn:gleaner.io:eco:earthchem:data:78354a4d2880168e1bde28ddc88af6ae09bb09c8,https://gleaner.io/xid/genid/daj5tf0jo11s73e3ki4g,35.74278,75.61944
urn:gleaner.io:eco:earthchem:data:78354a4d2880168e1bde28ddc88af6ae09bb09c8,https://gleaner.io/xid/genid/daj5tf0jo11s73e3ki40,-31.9094,121.6377
urn:gleaner.io:eco:earthchem:data:78354a4d2880168e1bde28ddc88af6ae09bb09c8,https://gleaner.io/xid/genid/daj5tf0jo11s73e3ki30,42.51428,-8.33843
urn:gleaner.io:eco:earthchem:data:78354a4d2880168e1bde28ddc88af6ae09bb09c8,https://gleaner.io/xid/genid/daj5tf0jo11s73e3ki2g,32.71722,-116.23056
urn:gleaner.io:eco:earthchem:data:78354a4d2880168e1bde28ddc88af6ae09bb09c8,https://gleaner.io/xid/genid/daj5tf0jo11s73e3ki20,-19.18479,-57.57348
urn:gleaner.io:eco:earthchem:data:78354a4d2880168e1bde28ddc88af6ae09bb09c8,https://gleaner.io/xid/genid/daj5tf0jo11s73e3ki1g,-19.70812,17.7033
urn:gleaner.io:eco:earthchem:data:78354a4d2880168e1bde28ddc88af6ae09bb09c8,https://gleaner.io/xid/genid/daj5tf0jo11s73e3kihg,36.89944,129.22778
urn:gleaner.io:eco:earthchem:data:78354a4d2880168e1bde28ddc88af6ae09bb09c8,https://gleaner.io/xid/genid/daj5tf0jo11s73e3kim0,44.11,-69.27583
urn:gleaner.io:eco:earthchem:data:78354a4d2880168e1bde28ddc88af6ae09bb09c8,https://gleaner.io/xid/genid/daj5tf0jo11s73e3kilg,-21.84436,15.97718
urn:gleaner.io:eco:earthchem:data:78354a4d2880168e1bde28ddc88af6ae09bb09c8,https://gleaner.io/xid/genid/daj5tf0jo11s73e3kil0,43.92351,-103.57689
urn:gleaner.io:eco:earthchem:data:78354a4d2880168e1bde28ddc88af6ae09bb09c8,https://gleaner.io/xid/genid/daj5tf0jo11s73e3kikg,36.4,-120.675
urn:gleaner.io:eco:earthchem:data:78354a4d2880168e1bde28ddc88af6ae09bb09c8,https://gleaner.io/xid/genid/daj5tf0jo11s73e3kik0,35.32778,-81.31583
urn:gleaner.io:eco:earthchem:data:78354a4d2880168e1bde28ddc88af6ae09bb09c8,https://gleaner.io/xid/genid/daj5tf0jo11s73e3kijg,35.27278,-81.32944
urn:gleaner.io:eco:earthchem:data:78354a4d2880168e1bde28ddc88af6ae09bb09c8,https://gleaner.io/xid/genid/daj5tf0jo11s73e3kij0,34.02556,-117.43167
urn:gleaner.io:eco:earthchem:data:78354a4d2880168e1bde28ddc88af6ae09bb09c8,https://gleaner.io/xid/genid/daj5tf0jo11s73e3kiig,-32.3177,121.7854
urn:gleaner.io:eco:earthchem:data:78354a4d2880168e1bde28ddc88af6ae09bb09c8,https://gleaner.io/xid/genid/daj5tf0jo11s73e3kii0,46.05675,1.36078
urn:gleaner.io:eco:earthchem:data:78354a4d2880168e1bde28ddc88af6ae09bb09c8,https://gleaner.io/xid/genid/daj5tf0jo11s73e3kjeg,33.5975,-116.8025
urn:gleaner.io:eco:earthchem:data:78354a4d2880168e1bde28ddc88af6ae09bb09c8,https://gleaner.io/xid/genid/daj5tf0jo11s73e3kih0,33.57716,130.28767
urn:gleaner.io:eco:earthchem:data:78354a4d2880168e1bde28ddc88af6ae09bb09c8,https://gleaner.io/xid/genid/daj5tf0jo11s73e3kigg,-21.09,-44.59139
urn:gleaner.io:eco:earthchem:data:78354a4d2880168e1bde28ddc88af6ae09bb09c8,https://gleaner.io/xid/genid/daj5tf0jo11s73e3kig0,-20.84722,45.86556
urn:gleaner.io:eco:earthchem:data:78354a4d2880168e1bde28ddc88af6ae09bb09c8,https://gleaner.io/xid/genid/daj5tf0jo11s73e3kifg,51.63336,-88.27366
urn:gleaner.io:eco:earthchem:data:78354a4d2880168e1bde28ddc88af6ae09bb09c8,https://gleaner.io/xid/genid/daj5tf0jo11s73e3kif0,50.61196,-95.45581
urn:gleaner.io:eco:earthchem:data:78354a4d2880168e1bde28ddc88af6ae09bb09c8,https://gleaner.io/xid/genid/daj5tf0jo11s73e3kieg,49.84667,15.41694
urn:gleaner.io:eco:earthchem:data:78354a4d2880168e1bde28ddc88af6ae09bb09c8,https://gleaner.io/xid/genid/daj5tf0jo11s73e3kie0,49.65686,-95.47632
urn:gleaner.io:eco:earthchem:data:78354a4d2880168e1bde28ddc88af6ae09bb09c8,https://gleaner.io/xid/genid/daj5tf0jo11s73e3kidg,46.93718,13.28111
urn:gleaner.io:eco:earthchem:data:78354a4d2880168e1bde28ddc88af6ae09bb09c8,https://gleaner.io/xid/genid/daj5tf0jo11s73e3kid0,44.24606,-70.40942
urn:gleaner.io:eco:earthchem:data:78354a4d2880168e1bde28ddc88af6ae09bb09c8,https://gleaner.io/xid/genid/daj5tf0jo11s73e3kk80,56.23333,110.76667
urn:gleaner.io:eco:earthchem:data:78354a4d2880168e1bde28ddc88af6ae09bb09c8,https://gleaner.io/xid/genid/daj5tf0jo11s73e3kkd0,-30.40972,150.73889
urn:gleaner.io:eco:earthchem:data:78354a4d2880168e1bde28ddc88af6ae09bb09c8,https://gleaner.io/xid/genid/daj5tf0jo11s73e3kkcg,58.9485,17.79939
urn:gleaner.io:eco:earthchem:data:78354a4d2880168e1bde28ddc88af6ae09bb09c8,https://gleaner.io/xid/genid/daj5tf0jo11s73e3kkc0,50.085,9.12944
urn:gleaner.io:eco:earthchem:data:78354a4d2880168e1bde28ddc88af6ae09bb09c8,https://gleaner.io/xid/genid/daj5tf0jo11s73e3kkbg,43.64639,2.53389
urn:gleaner.io:eco:earthchem:data:78354a4d2880168e1bde28ddc88af6ae09bb09c8,https://gleaner.io/xid/genid/daj5tf0jo11s73e3kkb0,42.78583,10.24417
urn:gleaner.io:eco:earthchem:data:78354a4d2880168e1bde28ddc88af6ae09bb09c8,https://gleaner.io/xid/genid/daj5tf0jo11s73e3kkag,-6.66667,37.81667
urn:gleaner.io:eco:earthchem:data:78354a4d2880168e1bde28ddc88af6ae09bb09c8,https://gleaner.io/xid/genid/daj5tf0jo11s73e3kka0,-12.68152,-48.4242
urn:gleaner.io:eco:earthchem:data:78354a4d2880168e1bde28ddc88af6ae09bb09c8,https://gleaner.io/xid/genid/daj5tf0jo11s73e3kk9g,-21.91906,16.04314
urn:gleaner.io:eco:earthchem:data:78354a4d2880168e1bde28ddc88af6ae09bb09c8,https://gleaner.io/xid/genid/daj5tf0jo11s73e3kk90,-22.49677,15.74207
urn:gleaner.io:eco:earthchem:data:78354a4d2880168e1bde28ddc88af6ae09bb09c8,https://gleaner.io/xid/genid/daj5tf0jo11s73e3kk8g,58.98007,10.0126
urn:gleaner.io:eco:earthchem:data:78354a4d2880168e1bde28ddc88af6ae09bb09c8,https://gleaner.io/xid/genid/daj5tf0jo11s73e3kkdg,-1.9292,30.34223
urn:gleaner.io:eco:earthchem:data:78354a4d2880168e1bde28ddc88af6ae09bb09c8,https://gleaner.io/xid/genid/daj5tf0jo11s73e3kk7g,-13.79,48.20889
urn:gleaner.io:eco:earthchem:data:78354a4d2880168e1bde28ddc88af6ae09bb09c8,https://gleaner.io/xid/genid/daj5tf0jo11s73e3kk70,-20.05722,46.95444
urn:gleaner.io:eco:earthchem:data:78354a4d2880168e1bde28ddc88af6ae09bb09c8,https://gleaner.io/xid/genid/daj5tf0jo11s73e3kk6g,-32.3,-64.9
urn:gleaner.io:eco:earthchem:data:78354a4d2880168e1bde28ddc88af6ae09bb09c8,https://gleaner.io/xid/genid/daj5tf0jo11s73e3kk60,51.68389,115.60056
urn:gleaner.io:eco:earthchem:data:78354a4d2880168e1bde28ddc88af6ae09bb09c8,https://gleaner.io/xid/genid/daj5tf0jo11s73e3kk5g,35.625,-81.8
urn:gleaner.io:eco:earthchem:data:78354a4d2880168e1bde28ddc88af6ae09bb09c8,https://gleaner.io/xid/genid/daj5tf0jo11s73e3kk50,35.50447,137.40264
urn:gleaner.io:eco:earthchem:data:78354a4d2880168e1bde28ddc88af6ae09bb09c8,https://gleaner.io/xid/genid/daj5tf0jo11s73e3kk4g,50.69192,13.86881
urn:gleaner.io:eco:earthchem:data:78354a4d2880168e1bde28ddc88af6ae09bb09c8,https://gleaner.io/xid/genid/daj5tf0jo11s73e3kk40,42.768,-107.442
urn:gleaner.io:eco:earthchem:data:78354a4d2880168e1bde28ddc88af6ae09bb09c8,https://gleaner.io/xid/genid/daj5tf0jo11s73e3kk3g,33.38917,-117.05139
urn:gleaner.io:eco:earthchem:data:78354a4d2880168e1bde28ddc88af6ae09bb09c8,https://gleaner.io/xid/genid/daj5tf0jo11s73e3kkig,67.67895,33.94501
urn:gleaner.io:eco:earthchem:data:78354a4d2880168e1bde28ddc88af6ae09bb09c8,https://gleaner.io/xid/genid/daj5tf0jo11s73e3kkn0,-28.03,23.05028
urn:gleaner.io:eco:earthchem:data:78354a4d2880168e1bde28ddc88af6ae09bb09c8,https://gleaner.io/xid/genid/daj5tf0jo11s73e3kkmg,54.86002,-99.63957
urn:gleaner.io:eco:earthchem:data:78354a4d2880168e1bde28ddc88af6ae09bb09c8,https://gleaner.io/xid/genid/daj5tf0jo11s73e3kkm0,42.61226,-8.36509
urn:gleaner.io:eco:earthchem:data:78354a4d2880168e1bde28ddc88af6ae09bb09c8,https://gleaner.io/xid/genid/daj5tf0jo11s73e3kklg,-37.46649,146.17972
urn:gleaner.io:eco:earthchem:data:78354a4d2880168e1bde28ddc88af6ae09bb09c8,https://gleaner.io/xid/genid/daj5tf0jo11s73e3kkl0,43.87917,-103.40556
urn:gleaner.io:eco:earthchem:data:78354a4d2880168e1bde28ddc88af6ae09bb09c8,https://gleaner.io/xid/genid/daj5tf0jo11s73e3kkkg,37.47917,-78.46389
urn:gleaner.io:eco:earthchem:data:78354a4d2880168e1bde28ddc88af6ae09bb09c8,https://gleaner.io/xid/genid/daj5tf0jo11s73e3kkk0,35.2275,-81.34778
urn:gleaner.io:eco:earthchem:data:78354a4d2880168e1bde28ddc88af6ae09bb09c8,https://gleaner.io/xid/genid/daj5tf0jo11s73e3kkjg,-15.95,38.31667
urn:gleaner.io:eco:earthchem:data:78354a4d2880168e1bde28ddc88af6ae09bb09c8,https://gleaner.io/xid/genid/daj5tf0jo11s73e3kkj0,-21.68765,15.49814
urn:gleaner.io:eco:earthchem:data:78354a4d2880168e1bde28ddc88af6ae09bb09c8,https://gleaner.io/xid/genid/daj5tf0jo11s73e3kk30,-3.1,28.13333
urn:gleaner.io:eco:earthchem:data:78354a4d2880168e1bde28ddc88af6ae09bb09c8,https://gleaner.io/xid/genid/daj5tf0jo11s73e3kki0,35.31,-4.93
urn:gleaner.io:eco:earthchem:data:78354a4d2880168e1bde28ddc88af6ae09bb09c8,https://gleaner.io/xid/genid/daj5tf0jo11s73e3kkhg,33.31194,-116.63889
urn:gleaner.io:eco:earthchem:data:78354a4d2880168e1bde28ddc88af6ae09bb09c8,https://gleaner.io/xid/genid/daj5tf0jo11s73e3kkh0,-28.23176,22.91643
urn:gleaner.io:eco:earthchem:data:78354a4d2880168e1bde28ddc88af6ae09bb09c8,https://gleaner.io/xid/genid/daj5tf0jo11s73e3kkgg,54.57749,-97.84391
urn:gleaner.io:eco:earthchem:data:78354a4d2880168e1bde28ddc88af6ae09bb09c8,https://gleaner.io/xid/genid/daj5tf0jo11s73e3kkg0,49.28111,-87.96528
urn:gleaner.io:eco:earthchem:data:78354a4d2880168e1bde28ddc88af6ae09bb09c8,https://gleaner.io/xid/genid/daj5tf0jo11s73e3kkfg,44.19833,9.7075
urn:gleaner.io:eco:earthchem:data:78354a4d2880168e1bde28ddc88af6ae09bb09c8,https://gleaner.io/xid/genid/daj5tf0jo11s73e3kkf0,35.262779235839844,-84.31138610839844
urn:gleaner.io:eco:earthchem:data:78354a4d2880168e1bde28ddc88af6ae09bb09c8,https://gleaner.io/xid/genid/daj5tf0jo11s73e3kkeg,33.82167,-112.835
urn:gleaner.io:eco:earthchem:data:78354a4d2880168e1bde28ddc88af6ae09bb09c8,https://gleaner.io/xid/genid/daj5tf0jo11s73e3kke0,-1.9,29.66667
urn:gleaner.io:eco:earthchem:data:78354a4d2880168e1bde28ddc88af6ae09bb09c8,https://gleaner.io/xid/genid/daj5tf0jo11s73e3kjjg,50.6125,-95.43572
urn:gleaner.io:eco:earthchem:data:78354a4d2880168e1bde28ddc88af6ae09bb09c8,https://gleaner.io/xid/genid/daj5tf0jo11s73e3kjog,45.45449,133.65094
urn:gleaner.io:eco:earthchem:data:78354a4d2880168e1bde28ddc88af6ae09bb09c8,https://gleaner.io/xid/genid/daj5tf0jo11s73e3kjo0,40.99044,-6.88591
urn:gleaner.io:eco:earthchem:data:78354a4d2880168e1bde28ddc88af6ae09bb09c8,https://gleaner.io/xid/genid/daj5tf0jo11s73e3kjng,40.58682,-7.75147
urn:gleaner.io:eco:earthchem:data:78354a4d2880168e1bde28ddc88af6ae09bb09c8,https://gleaner.io/xid/genid/daj5tf0jo11s73e3kjn0,38.49905,-112.21766
urn:gleaner.io:eco:earthchem:data:78354a4d2880168e1bde28ddc88af6ae09bb09c8,https://gleaner.io/xid/genid/daj5tf0jo11s73e3kjmg,22.65,33.81667
urn:gleaner.io:eco:earthchem:data:78354a4d2880168e1bde28ddc88af6ae09bb09c8,https://gleaner.io/xid/genid/daj5tf0jo11s73e3kjm0,44.79194,-70.69278
urn:gleaner.io:eco:earthchem:data:78354a4d2880168e1bde28ddc88af6ae09bb09c8,https://gleaner.io/xid/genid/daj5tf0jo11s73e3kjlg,41.81596,-8.71138
urn:gleaner.io:eco:earthchem:data:78354a4d2880168e1bde28ddc88af6ae09bb09c8,https://gleaner.io/xid/genid/daj5tf0jo11s73e3kjl0,41.51639,-72.52194
urn:gleaner.io:eco:earthchem:data:78354a4d2880168e1bde28ddc88af6ae09bb09c8,https://gleaner.io/xid/genid/daj5tf0jo11s73e3kjkg,34.8284,-116.4951
urn:gleaner.io:eco:earthchem:data:78354a4d2880168e1bde28ddc88af6ae09bb09c8,https://gleaner.io/xid/genid/daj5tf0jo11s73e3kjk0,52.40193,54.36433
urn:gleaner.io:eco:earthchem:data:78354a4d2880168e1bde28ddc88af6ae09bb09c8,https://gleaner.io/xid/genid/daj5tf0jo11s73e3kjp0,52.94,101.18
urn:gleaner.io:eco:earthchem:data:78354a4d2880168e1bde28ddc88af6ae09bb09c8,https://gleaner.io/xid/genid/daj5tf0jo11s73e3kjj0,44.29,-70.64167
urn:gleaner.io:eco:earthchem:data:78354a4d2880168e1bde28ddc88af6ae09bb09c8,https://gleaner.io/xid/genid/daj5tf0jo11s73e3kjig,38.88233,-77.17109
urn:gleaner.io:eco:earthchem:data:78354a4d2880168e1bde28ddc88af6ae09bb09c8,https://gleaner.io/xid/genid/daj5tf0jo11s73e3kji0,32.04583,-115.90861
urn:gleaner.io:eco:earthchem:data:78354a4d2880168e1bde28ddc88af6ae09bb09c8,https://gleaner.io/xid/genid/daj5tf0jo11s73e3kjhg,-24.9688,116.1801
urn:gleaner.io:eco:earthchem:data:78354a4d2880168e1bde28ddc88af6ae09bb09c8,https://gleaner.io/xid/genid/daj5tf0jo11s73e3kjh0,62.73639,23.18444
urn:gleaner.io:eco:earthchem:data:78354a4d2880168e1bde28ddc88af6ae09bb09c8,https://gleaner.io/xid/genid/daj5tf0jo11s73e3kjgg,50.82693,15.49459
urn:gleaner.io:eco:earthchem:data:78354a4d2880168e1bde28ddc88af6ae09bb09c8,https://gleaner.io/xid/genid/daj5tf0jo11s73e3kjg0,49.87626,12.31215
urn:gleaner.io:eco:earthchem:data:78354a4d2880168e1bde28ddc88af6ae09bb09c8,https://gleaner.io/xid/genid/daj5tf0jo11s73e3kjfg,46.94085,14.9947
urn:gleaner.io:eco:earthchem:data:78354a4d2880168e1bde28ddc88af6ae09bb09c8,https://gleaner.io/xid/genid/daj5tf0jo11s73e3kjf0,43.8833333333,-103.433333333
urn:gleaner.io:eco:earthchem:data:78354a4d2880168e1bde28ddc88af6ae09bb09c8,https://gleaner.io/xid/genid/daj5tf0jo11s73e3kju0,43.9865,-65.99516
urn:gleaner.io:eco:earthchem:data:78354a4d2880168e1bde28ddc88af6ae09bb09c8,https://gleaner.io/xid/genid/daj5tf0jo11s73e3kk2g,-22.13743,15.00788
urn:gleaner.io:eco:earthchem:data:78354a4d2880168e1bde28ddc88af6ae09bb09c8,https://gleaner.io/xid/genid/daj5tf0jo11s73e3kk20,-22.76861,17.13111
urn:gleaner.io:eco:earthchem:data:78354a4d2880168e1bde28ddc88af6ae09bb09c8,https://gleaner.io/xid/genid/daj5tf0jo11s73e3kk1g,46.0772,1.36497
urn:gleaner.io:eco:earthchem:data:78354a4d2880168e1bde28ddc88af6ae09bb09c8,https://gleaner.io/xid/genid/daj5tf0jo11s73e3kk10,44.28333,-70.63917
urn:gleaner.io:eco:earthchem:data:78354a4d2880168e1bde28ddc88af6ae09bb09c8,https://gleaner.io/xid/genid/daj5tf0jo11s73e3kk0g,35.28694534301758,-84.25444793701172
urn:gleaner.io:eco:earthchem:data:78354a4d2880168e1bde28ddc88af6ae09bb09c8,https://gleaner.io/xid/genid/daj5tf0jo11s73e3kk00,33.26417,-116.93944
urn:gleaner.io:eco:earthchem:data:78354a4d2880168e1bde28ddc88af6ae09bb09c8,https://gleaner.io/xid/genid/daj5tf0jo11s73e3kjvg,-14.02069,136.4406
urn:gleaner.io:eco:earthchem:data:78354a4d2880168e1bde28ddc88af6ae09bb09c8,https://gleaner.io/xid/genid/daj5tf0jo11s73e3kjv0,-27.13333,22.83333
urn:gleaner.io:eco:earthchem:data:78354a4d2880168e1bde28ddc88af6ae09bb09c8,https://gleaner.io/xid/genid/daj5tf0jo11s73e3kjug,67.76063,33.65284
urn:gleaner.io:eco:earthchem:data:78354a4d2880168e1bde28ddc88af6ae09bb09c8,https://gleaner.io/xid/genid/daj5tf0jo11s73e3kseg,40.62901,-7.64819
urn:gleaner.io:eco:earthchem:data:78354a4d2880168e1bde28ddc88af6ae09bb09c8,https://gleaner.io/xid/genid/daj5tf0jo11s73e3kjtg,43.7525,-103.5275
urn:gleaner.io:eco:earthchem:data:78354a4d2880168e1bde28ddc88af6ae09bb09c8,https://gleaner.io/xid/genid/daj5tf0jo11s73e3kjt0,37.91667,27.31667
urn:gleaner.io:eco:earthchem:data:78354a4d2880168e1bde28ddc88af6ae09bb09c8,https://gleaner.io/xid/genid/daj5tf0jo11s73e3kjsg,-20.4699,164.2267
urn:gleaner.io:eco:earthchem:data:78354a4d2880168e1bde28ddc88af6ae09bb09c8,https://gleaner.io/xid/genid/daj5tf0jo11s73e3kjs0,54.75452,-95.19216
urn:gleaner.io:eco:earthchem:data:78354a4d2880168e1bde28ddc88af6ae09bb09c8,https://gleaner.io/xid/genid/daj5tf0jo11s73e3kjrg,50.04806,97.20806
urn:gleaner.io:eco:earthchem:data:78354a4d2880168e1bde28ddc88af6ae09bb09c8,https://gleaner.io/xid/genid/daj5tf0jo11s73e3kjr0,44.01694,-74.12618
urn:gleaner.io:eco:earthchem:data:78354a4d2880168e1bde28ddc88af6ae09bb09c8,https://gleaner.io/xid/genid/daj5tf0jo11s73e3kjqg,37.76689,-117.59131
urn:gleaner.io:eco:earthchem:data:78354a4d2880168e1bde28ddc88af6ae09bb09c8,https://gleaner.io/xid/genid/daj5tf0jo11s73e3kjq0,67.05124,21.54536
urn:gleaner.io:eco:earthchem:data:78354a4d2880168e1bde28ddc88af6ae09bb09c8,https://gleaner.io/xid/genid/daj5tf0jo11s73e3kjpg,32.96833,-110.32556
urn:gleaner.io:eco:earthchem:data:78354a4d2880168e1bde28ddc88af6ae09bb09c8,https://gleaner.io/xid/genid/daj5tf0jo11s73e3kqm0,61.55648,24.52538
urn:gleaner.io:eco:earthchem:data:78354a4d2880168e1bde28ddc88af6ae09bb09c8,https://gleaner.io/xid/genid/daj5tf0jo11s73e3kqr0,5.28333,-1.96667
urn:gleaner.io:eco:earthchem:data:78354a4d2880168e1bde28ddc88af6ae09bb09c8,https://gleaner.io/xid/genid/daj5tf0jo11s73e3kqqg,60.93028,-45.92389
urn:gleaner.io:eco:earthchem:data:78354a4d2880168e1bde28ddc88af6ae09bb09c8,https://gleaner.io/xid/genid/daj5tf0jo11s73e3kqq0,44.53733,-76.61717
urn:gleaner.io:eco:earthchem:data:78354a4d2880168e1bde28ddc88af6ae09bb09c8,https://gleaner.io/xid/genid/daj5tf0jo11s73e3kqpg,43.71583,-103.51528
urn:gleaner.io:eco:earthchem:data:78354a4d2880168e1bde28ddc88af6ae09bb09c8,https://gleaner.io/xid/genid/daj5tf0jo11s73e3kqp0,41.00329,-7.01227
urn:gleaner.io:eco:earthchem:data:78354a4d2880168e1bde28ddc88af6ae09bb09c8,https://gleaner.io/xid/genid/daj5tf0jo11s73e3kqog,18.7,81.90833
urn:gleaner.io:eco:earthchem:data:78354a4d2880168e1bde28ddc88af6ae09bb09c8,https://gleaner.io/xid/genid/daj5tf0jo11s73e3kqo0,62.2,-128.83333
urn:gleaner.io:eco:earthchem:data:78354a4d2880168e1bde28ddc88af6ae09bb09c8,https://gleaner.io/xid/genid/daj5tf0jo11s73e3kqng,50.73361,-74.88417
urn:gleaner.io:eco:earthchem:data:78354a4d2880168e1bde28ddc88af6ae09bb09c8,https://gleaner.io/xid/genid/daj5tf0jo11s73e3kqn0,47.0319,17.51585
urn:gleaner.io:eco:earthchem:data:78354a4d2880168e1bde28ddc88af6ae09bb09c8,https://gleaner.io/xid/genid/daj5tf0jo11s73e3kqmg,68.43944,35.60556
urn:gleaner.io:eco:earthchem:data:78354a4d2880168e1bde28ddc88af6ae09bb09c8,https://gleaner.io/xid/genid/daj5tf0jo11s73e3kqrg,60.13143,22.55503
urn:gleaner.io:eco:earthchem:data:78354a4d2880168e1bde28ddc88af6ae09bb09c8,https://gleaner.io/xid/genid/daj5tf0jo11s73e3kqlg,48.71361,-4.03528
urn:gleaner.io:eco:earthchem:data:78354a4d2880168e1bde28ddc88af6ae09bb09c8,https://gleaner.io/xid/genid/daj5tf0jo11s73e3kql0,46.46491,-115.84042
urn:gleaner.io:eco:earthchem:data:78354a4d2880168e1bde28ddc88af6ae09bb09c8,https://gleaner.io/xid/genid/daj5tf0jo11s73e3kqkg,35.89869,-82.08314
urn:gleaner.io:eco:earthchem:data:78354a4d2880168e1bde28ddc88af6ae09bb09c8,https://gleaner.io/xid/genid/daj5tf0jo11s73e3kqk0,35.28972,-81.32472
urn:gleaner.io:eco:earthchem:data:78354a4d2880168e1bde28ddc88af6ae09bb09c8,https://gleaner.io/xid/genid/daj5tf0jo11s73e3kqjg,52.68531,-6.74932
urn:gleaner.io:eco:earthchem:data:78354a4d2880168e1bde28ddc88af6ae09bb09c8,https://gleaner.io/xid/genid/daj5tf0jo11s73e3kqj0,50.34806,8.56083
urn:gleaner.io:eco:earthchem:data:78354a4d2880168e1bde28ddc88af6ae09bb09c8,https://gleaner.io/xid/genid/daj5tf0jo11s73e3kqig,43.90055,-103.43693
urn:gleaner.io:eco:earthchem:data:78354a4d2880168e1bde28ddc88af6ae09bb09c8,https://gleaner.io/xid/genid/daj5tf0jo11s73e3kqi0,37.55724,-110.29684
urn:gleaner.io:eco:earthchem:data:78354a4d2880168e1bde28ddc88af6ae09bb09c8,https://gleaner.io/xid/genid/daj5tf0jo11s73e3kqhg,-4.52833,38.73139
urn:gleaner.io:eco:earthchem:data:78354a4d2880168e1bde28ddc88af6ae09bb09c8,https://gleaner.io/xid/genid/daj5tf0jo11s73e3kr0g,52.63477,-6.83544
urn:gleaner.io:eco:earthchem:data:78354a4d2880168e1bde28ddc88af6ae09bb09c8,https://gleaner.io/xid/genid/daj5tf0jo11s73e3kr50,-1.90543,29.66703
urn:gleaner.io:eco:earthchem:data:78354a4d2880168e1bde28ddc88af6ae09bb09c8,https://gleaner.io/xid/genid/daj5tf0jo11s73e3kr4g,-21.3634671358,133.965511186
urn:gleaner.io:eco:earthchem:data:78354a4d2880168e1bde28ddc88af6ae09bb09c8,https://gleaner.io/xid/genid/daj5tf0jo11s73e3kr40,-27.81528,120.70417
urn:gleaner.io:eco:earthchem:data:78354a4d2880168e1bde28ddc88af6ae09bb09c8,https://gleaner.io/xid/genid/daj5tf0jo11s73e3kr3g,62.8914,-128.9772
urn:gleaner.io:eco:earthchem:data:78354a4d2880168e1bde28ddc88af6ae09bb09c8,https://gleaner.io/xid/genid/daj5tf0jo11s73e3kr30,44.36806,-104.05222
urn:gleaner.io:eco:earthchem:data:78354a4d2880168e1bde28ddc88af6ae09bb09c8,https://gleaner.io/xid/genid/daj5tf0jo11s73e3kr2g,43.29361,-71.15722
urn:gleaner.io:eco:earthchem:data:78354a4d2880168e1bde28ddc88af6ae09bb09c8,https://gleaner.io/xid/genid/daj5tf0jo11s73e3kr20,-18.67361,-41.49083
urn:gleaner.io:eco:earthchem:data:78354a4d2880168e1bde28ddc88af6ae09bb09c8,https://gleaner.io/xid/genid/daj5tf0jo11s73e3kr1g,-31.58083,121.61722
urn:gleaner.io:eco:earthchem:data:78354a4d2880168e1bde28ddc88af6ae09bb09c8,https://gleaner.io/xid/genid/daj5tf0jo11s73e3kr10,62.55,155.75
urn:gleaner.io:eco:earthchem:data:78354a4d2880168e1bde28ddc88af6ae09bb09c8,https://gleaner.io/xid/genid/daj5tf0jo11s73e3kqh0,54.65241,-3.0401
urn:gleaner.io:eco:earthchem:data:78354a4d2880168e1bde28ddc88af6ae09bb09c8,https://gleaner.io/xid/genid/daj5tf0jo11s73e3kr00,39.68139,-105.32278
urn:gleaner.io:eco:earthchem:data:78354a4d2880168e1bde28ddc88af6ae09bb09c8,https://gleaner.io/xid/genid/daj5tf0jo11s73e3kqvg,39.61139,71.23472
urn:gleaner.io:eco:earthchem:data:78354a4d2880168e1bde28ddc88af6ae09bb09c8,https://gleaner.io/xid/genid/daj5tf0jo11s73e3kqv0,31.58333,86.75
urn:gleaner.io:eco:earthchem:data:78354a4d2880168e1bde28ddc88af6ae09bb09c8,https://gleaner.io/xid/genid/daj5tf0jo11s73e3kqug,-16.27028,37.86583
urn:gleaner.io:eco:earthchem:data:78354a4d2880168e1bde28ddc88af6ae09bb09c8,https://gleaner.io/xid/genid/daj5tf0jo11s73e3kqu0,-19.17333,-41.4725
urn:gleaner.io:eco:earthchem:data:78354a4d2880168e1bde28ddc88af6ae09bb09c8,https://gleaner.io/xid/genid/daj5tf0jo11s73e3kqtg,-21.11044,15.7301
urn:gleaner.io:eco:earthchem:data:78354a4d2880168e1bde28ddc88af6ae09bb09c8,https://gleaner.io/xid/genid/daj5tf0jo11s73e3kqt0,50.27735,-94.48699
urn:gleaner.io:eco:earthchem:data:78354a4d2880168e1bde28ddc88af6ae09bb09c8,https://gleaner.io/xid/genid/daj5tf0jo11s73e3kqsg,-6.76667,-36.675
urn:gleaner.io:eco:earthchem:data:78354a4d2880168e1bde28ddc88af6ae09bb09c8,https://gleaner.io/xid/genid/daj5tf0jo11s73e3kqs0,-34.72457,138.93667
urn:gleaner.io:eco:earthchem:data:78354a4d2880168e1bde28ddc88af6ae09bb09c8,https://gleaner.io/xid/genid/daj5tf0jo11s73e3kq1g,59.03944,9.86861
urn:gleaner.io:eco:earthchem:data:78354a4d2880168e1bde28ddc88af6ae09bb09c8,https://gleaner.io/xid/genid/daj5tf0jo11s73e3kq6g,50.2625,-94.56444
urn:gleaner.io:eco:earthchem:data:78354a4d2880168e1bde28ddc88af6ae09bb09c8,https://gleaner.io/xid/genid/daj5tf0jo11s73e3kq60,42.1836,63.6989
urn:gleaner.io:eco:earthchem:data:78354a4d2880168e1bde28ddc88af6ae09bb09c8,https://gleaner.io/xid/genid/daj5tf0jo11s73e3kq5g,33.63722,-116.87056
urn:gleaner.io:eco:earthchem:data:78354a4d2880168e1bde28ddc88af6ae09bb09c8,https://gleaner.io/xid/genid/daj5tf0jo11s73e3kq50,-31.26863,121.47299
urn:gleaner.io:eco:earthchem:data:78354a4d2880168e1bde28ddc88af6ae09bb09c8,https://gleaner.io/xid/genid/daj5tf0jo11s73e3kq4g,-32.45139,-64.85139
urn:gleaner.io:eco:earthchem:data:78354a4d2880168e1bde28ddc88af6ae09bb09c8,https://gleaner.io/xid/genid/daj5tf0jo11s73e3kq40,-36.85361,147.52972
urn:gleaner.io:eco:earthchem:data:78354a4d2880168e1bde28ddc88af6ae09bb09c8,https://gleaner.io/xid/genid/daj5tf0jo11s73e3kq3g,51.51667,-117.16667
urn:gleaner.io:eco:earthchem:data:78354a4d2880168e1bde28ddc88af6ae09bb09c8,https://gleaner.io/xid/genid/daj5tf0jo11s73e3kq30,-20.06583,46.95139
urn:gleaner.io:eco:earthchem:data:78354a4d2880168e1bde28ddc88af6ae09bb09c8,https://gleaner.io/xid/genid/daj5tf0jo11s73e3kq2g,-23.62057,29.66725
urn:gleaner.io:eco:earthchem:data:78354a4d2880168e1bde28ddc88af6ae09bb09c8,https://gleaner.io/xid/genid/daj5tf0jo11s73e3kq20,-39.98333,-73.05
urn:gleaner.io:eco:earthchem:data:78354a4d2880168e1bde28ddc88af6ae09bb09c8,https://gleaner.io/xid/genid/daj5tf0jo11s73e3kq70,59.0144,9.77277
urn:gleaner.io:eco:earthchem:data:78354a4d2880168e1bde28ddc88af6ae09bb09c8,https://gleaner.io/xid/genid/daj5tf0jo11s73e3kq10,44.26944,-70.47306
urn:gleaner.io:eco:earthchem:data:78354a4d2880168e1bde28ddc88af6ae09bb09c8,https://gleaner.io/xid/genid/daj5tf0jo11s73e3kq0g,41.96794,-118.14933
urn:gleaner.io:eco:earthchem:data:78354a4d2880168e1bde28ddc88af6ae09bb09c8,https://gleaner.io/xid/genid/daj5tf0jo11s73e3kq00,41.7621,-118.10905
urn:gleaner.io:eco:earthchem:data:78354a4d2880168e1bde28ddc88af6ae09bb09c8,https://gleaner.io/xid/genid/daj5tf0jo11s73e3kpvg,33.58667,-116.62861
urn:gleaner.io:eco:earthchem:data:78354a4d2880168e1bde28ddc88af6ae09bb09c8,https://gleaner.io/xid/genid/daj5tf0jo11s73e3kpv0,-19.08194,-41.51
urn:gleaner.io:eco:earthchem:data:78354a4d2880168e1bde28ddc88af6ae09bb09c8,https://gleaner.io/xid/genid/daj5tf0jo11s73e3kpug,59.01024,9.79607
urn:gleaner.io:eco:earthchem:data:78354a4d2880168e1bde28ddc88af6ae09bb09c8,https://gleaner.io/xid/genid/daj5tf0jo11s73e3kpu0,44.37389,-104.03944
urn:gleaner.io:eco:earthchem:data:78354a4d2880168e1bde28ddc88af6ae09bb09c8,https://gleaner.io/xid/genid/daj5tf0jo11s73e3kptg,36.77444,-105.56556
urn:gleaner.io:eco:earthchem:data:78354a4d2880168e1bde28ddc88af6ae09bb09c8,https://gleaner.io/xid/genid/daj5tf0jo11s73e3kpt0,33.3875,-117.05139
urn:gleaner.io:eco:earthchem:data:78354a4d2880168e1bde28ddc88af6ae09bb09c8,https://gleaner.io/xid/genid/daj5tf0jo11s73e3kqc0,34.45,-92.83333
urn:gleaner.io:eco:earthchem:data:78354a4d2880168e1bde28ddc88af6ae09bb09c8,https://gleaner.io/xid/genid/daj5tf0jo11s73e3kqgg,50.12271,12.80004
urn:gleaner.io:eco:earthchem:data:78354a4d2880168e1bde28ddc88af6ae09bb09c8,https://gleaner.io/xid/genid/daj5tf0jo11s73e3kqg0,50,96.75
urn:gleaner.io:eco:earthchem:data:78354a4d2880168e1bde28ddc88af6ae09bb09c8,https://gleaner.io/xid/genid/daj5tf0jo11s73e3kqfg,44.58528,-70.64639
urn:gleaner.io:eco:earthchem:data:78354a4d2880168e1bde28ddc88af6ae09bb09c8,https://gleaner.io/xid/genid/daj5tf0jo11s73e3kqf0,44.18333,132.13333
urn:gleaner.io:eco:earthchem:data:78354a4d2880168e1bde28ddc88af6ae09bb09c8,https://gleaner.io/xid/genid/daj5tf0jo11s73e3kqeg,43.75484,-103.56616
urn:gleaner.io:eco:earthchem:data:78354a4d2880168e1bde28ddc88af6ae09bb09c8,https://gleaner.io/xid/genid/daj5tf0jo11s73e3kqe0,34.9434,70.7234
urn:gleaner.io:eco:earthchem:data:78354a4d2880168e1bde28ddc88af6ae09bb09c8,https://gleaner.io/xid/genid/daj5tf0jo11s73e3ksf0,41.32511,-7.99786
urn:gleaner.io:eco:earthchem:data:78354a4d2880168e1bde28ddc88af6ae09bb09c8,https://gleaner.io/xid/genid/daj5tf0jo11s73e3kqd0,43.7469,-103.51667
urn:gleaner.io:eco:earthchem:data:78354a4d2880168e1bde28ddc88af6ae09bb09c8,https://gleaner.io/xid/genid/daj5tf0jo11s73e3kqcg,35.9,-81.08334
urn:gleaner.io:eco:earthchem:data:78354a4d2880168e1bde28ddc88af6ae09bb09c8,https://gleaner.io/xid/genid/daj5tf0jo11s73e3kr5g,33.45795,-117.28965
urn:gleaner.io:eco:earthchem:data:78354a4d2880168e1bde28ddc88af6ae09bb09c8,https://gleaner.io/xid/genid/daj5tf0jo11s73e3kqbg,33.05722,-116.79306
urn:gleaner.io:eco:earthchem:data:78354a4d2880168e1bde28ddc88af6ae09bb09c8,https://gleaner.io/xid/genid/daj5tf0jo11s73e3kqb0,18.76241,81.91159
urn:gleaner.io:eco:earthchem:data:78354a4d2880168e1bde28ddc88af6ae09bb09c8,https://gleaner.io/xid/genid/daj5tf0jo11s73e3kqag,-12.2375,32.53444
urn:gleaner.io:eco:earthchem:data:78354a4d2880168e1bde28ddc88af6ae09bb09c8,https://gleaner.io/xid/genid/daj5tf0jo11s73e3kqa0,-17.61889,31.08528
urn:gleaner.io:eco:earthchem:data:78354a4d2880168e1bde28ddc88af6ae09bb09c8,https://gleaner.io/xid/genid/daj5tf0jo11s73e3kq9g,-29.29863,116.85594
urn:gleaner.io:eco:earthchem:data:78354a4d2880168e1bde28ddc88af6ae09bb09c8,https://gleaner.io/xid/genid/daj5tf0jo11s73e3kq90,50.65,109.88333
urn:gleaner.io:eco:earthchem:data:78354a4d2880168e1bde28ddc88af6ae09bb09c8,https://gleaner.io/xid/genid/daj5tf0jo11s73e3kq8g,48.85056,15.66139
urn:gleaner.io:eco:earthchem:data:78354a4d2880168e1bde28ddc88af6ae09bb09c8,https://gleaner.io/xid/genid/daj5tf0jo11s73e3kq80,37.75444,-6.69611
urn:gleaner.io:eco:earthchem:data:78354a4d2880168e1bde28ddc88af6ae09bb09c8,https://gleaner.io/xid/genid/daj5tf0jo11s73e3kq7g,33.21194,-116.79778
urn:gleaner.io:eco:earthchem:data:78354a4d2880168e1bde28ddc88af6ae09bb09c8,https://gleaner.io/xid/genid/daj5tf0jo11s73e3krug,44.17749,8.18859
urn:gleaner.io:eco:earthchem:data:78354a4d2880168e1bde28ddc88af6ae09bb09c8,https://gleaner.io/xid/genid/daj5tf0jo11s73e3ks40,45.75417,-65.42111
urn:gleaner.io:eco:earthchem:data:78354a4d2880168e1bde28ddc88af6ae09bb09c8,https://gleaner.io/xid/genid/daj5tf0jo11s73e3ks3g,-21.97414,16.08797
urn:gleaner.io:eco:earthchem:data:78354a4d2880168e1bde28ddc88af6ae09bb09c8,https://gleaner.io/xid/genid/daj5tf0jo11s73e3ks30,-31.43189,141.61485
urn:gleaner.io:eco:earthchem:data:78354a4d2880168e1bde28ddc88af6ae09bb09c8,https://gleaner.io/xid/genid/daj5tf0jo11s73e3ks2g,53.11788,60.34486
urn:gleaner.io:eco:earthchem:data:78354a4d2880168e1bde28ddc88af6ae09bb09c8,https://gleaner.io/xid/genid/daj5tf0jo11s73e3ks20,49.67518,82.50728
urn:gleaner.io:eco:earthchem:data:78354a4d2880168e1bde28ddc88af6ae09bb09c8,https://gleaner.io/xid/genid/daj5tf0jo11s73e3ks1g,46.83917,14.99194
urn:gleaner.io:eco:earthchem:data:78354a4d2880168e1bde28ddc88af6ae09bb09c8,https://gleaner.io/xid/genid/daj5tf0jo11s73e3ks10,33.06028,-116.79083
urn:gleaner.io:eco:earthchem:data:78354a4d2880168e1bde28ddc88af6ae09bb09c8,https://gleaner.io/xid/genid/daj5tf0jo11s73e3ks0g,32.7175,-116.23111
urn:gleaner.io:eco:earthchem:data:78354a4d2880168e1bde28ddc88af6ae09bb09c8,https://gleaner.io/xid/genid/daj5tf0jo11s73e3ks00,-31.52028,122.17995
urn:gleaner.io:eco:earthchem:data:78354a4d2880168e1bde28ddc88af6ae09bb09c8,https://gleaner.io/xid/genid/daj5tf0jo11s73e3krv0,46.00603,1.48064
urn:gleaner.io:eco:earthchem:data:78354a4d2880168e1bde28ddc88af6ae09bb09c8,https://gleaner.io/xid/genid/daj5tf0jo11s73e3ks4g,45.88074,18.29449
urn:gleaner.io:eco:earthchem:data:78354a4d2880168e1bde28ddc88af6ae09bb09c8,https://gleaner.io/xid/genid/daj5tf0jo11s73e3kru0,34.5988888889,-117.333333333
urn:gleaner.io:eco:earthchem:data:78354a4d2880168e1bde28ddc88af6ae09bb09c8,https://gleaner.io/xid/genid/daj5tf0jo11s73e3krtg,26.65722,118.10222
urn:gleaner.io:eco:earthchem:data:78354a4d2880168e1bde28ddc88af6ae09bb09c8,https://gleaner.io/xid/genid/daj5tf0jo11s73e3krt0,58.96625,18.32933
urn:gleaner.io:eco:earthchem:data:78354a4d2880168e1bde28ddc88af6ae09bb09c8,https://gleaner.io/xid/genid/daj5tf0jo11s73e3krsg,-21.33885,15.40608
urn:gleaner.io:eco:earthchem:data:78354a4d2880168e1bde28ddc88af6ae09bb09c8,https://gleaner.io/xid/genid/daj5tf0jo11s73e3krs0,42.77209,10.22005
urn:gleaner.io:eco:earthchem:data:78354a4d2880168e1bde28ddc88af6ae09bb09c8,https://gleaner.io/xid/genid/daj5tf0jo11s73e3krrg,39.63222,-105.45528
urn:gleaner.io:eco:earthchem:data:78354a4d2880168e1bde28ddc88af6ae09bb09c8,https://gleaner.io/xid/genid/daj5tf0jo11s73e3krr0,36.47294,-5.14491
urn:gleaner.io:eco:earthchem:data:78354a4d2880168e1bde28ddc88af6ae09bb09c8,https://gleaner.io/xid/genid/daj5tf0jo11s73e3krqg,33.20611,-116.80778
urn:gleaner.io:eco:earthchem:data:78354a4d2880168e1bde28ddc88af6ae09bb09c8,https://gleaner.io/xid/genid/daj5tf0jo11s73e3krq0,21.3,-15.4667
urn:gleaner.io:eco:earthchem:data:78354a4d2880168e1bde28ddc88af6ae09bb09c8,https://gleaner.io/xid/genid/daj5tf0jo11s73e3ks9g,-21.24444,118.61111
urn:gleaner.io:eco:earthchem:data:78354a4d2880168e1bde28ddc88af6ae09bb09c8,https://gleaner.io/xid/genid/daj5tf0jo11s73e3kse0,35.29694366455078,-84.24083709716797
urn:gleaner.io:eco:earthchem:data:78354a4d2880168e1bde28ddc88af6ae09bb09c8,https://gleaner.io/xid/genid/daj5tf0jo11s73e3ksdg,-21.82336,15.48604
urn:gleaner.io:eco:earthchem:data:78354a4d2880168e1bde28ddc88af6ae09bb09c8,https://gleaner.io/xid/genid/daj5tf0jo11s73e3ksd0,-32.89222,-65.93
urn:gleaner.io:eco:earthchem:data:78354a4d2880168e1bde28ddc88af6ae09bb09c8,https://gleaner.io/xid/genid/daj5tf0jo11s73e3kscg,50.65167,109.88722
urn:gleaner.io:eco:earthchem:data:78354a4d2880168e1bde28ddc88af6ae09bb09c8,https://gleaner.io/xid/genid/daj5tf0jo11s73e3ksc0,49.41667,108.66667
urn:gleaner.io:eco:earthchem:data:78354a4d2880168e1bde28ddc88af6ae09bb09c8,https://gleaner.io/xid/genid/daj5tf0jo11s73e3ksbg,47.31596,15.6873
urn:gleaner.io:eco:earthchem:data:78354a4d2880168e1bde28ddc88af6ae09bb09c8,https://gleaner.io/xid/genid/daj5tf0jo11s73e3ksb0,38.83138,-104.95442
urn:gleaner.io:eco:earthchem:data:78354a4d2880168e1bde28ddc88af6ae09bb09c8,https://gleaner.io/xid/genid/daj5tf0jo11s73e3ksag,35.71417,75.53917
urn:gleaner.io:eco:earthchem:data:78354a4d2880168e1bde28ddc88af6ae09bb09c8,https://gleaner.io/xid/genid/daj5tf0jo11s73e3ksa0,-1.50375,13.2729
urn:gleaner.io:eco:earthchem:data:78354a4d2880168e1bde28ddc88af6ae09bb09c8,https://gleaner.io/xid/genid/daj5tf0jo11s73e3krpg,18.69715,81.91133
urn:gleaner.io:eco:earthchem:data:78354a4d2880168e1bde28ddc88af6ae09bb09c8,https://gleaner.io/xid/genid/daj5tf0jo11s73e3ks90,-24.83333,-66.3275
urn:gleaner.io:eco:earthchem:data:78354a4d2880168e1bde28ddc88af6ae09bb09c8,https://gleaner.io/xid/genid/daj5tf0jo11s73e3ks8g,46.78306,13.59306
urn:gleaner.io:eco:earthchem:data:78354a4d2880168e1bde28ddc88af6ae09bb09c8,https://gleaner.io/xid/genid/daj5tf0jo11s73e3ks80,44.08778,-70.29167
urn:gleaner.io:eco:earthchem:data:78354a4d2880168e1bde28ddc88af6ae09bb09c8,https://gleaner.io/xid/genid/daj5tf0jo11s73e3ks7g,41.61875,-72.59594
urn:gleaner.io:eco:earthchem:data:78354a4d2880168e1bde28ddc88af6ae09bb09c8,https://gleaner.io/xid/genid/daj5tf0jo11s73e3ks70,40.26667,-76.4
urn:gleaner.io:eco:earthchem:data:78354a4d2880168e1bde28ddc88af6ae09bb09c8,https://gleaner.io/xid/genid/daj5tf0jo11s73e3ks6g,38.63889,-118.48167
urn:gleaner.io:eco:earthchem:data:78354a4d2880168e1bde28ddc88af6ae09bb09c8,https://gleaner.io/xid/genid/daj5tf0jo11s73e3ks60,35.15833,69.225
urn:gleaner.io:eco:earthchem:data:78354a4d2880168e1bde28ddc88af6ae09bb09c8,https://gleaner.io/xid/genid/daj5tf0jo11s73e3ks5g,52.74522,-6.6271
urn:gleaner.io:eco:earthchem:data:78354a4d2880168e1bde28ddc88af6ae09bb09c8,https://gleaner.io/xid/genid/daj5tf0jo11s73e3ks50,49.47833,16.24361
urn:gleaner.io:eco:earthchem:data:78354a4d2880168e1bde28ddc88af6ae09bb09c8,https://gleaner.io/xid/genid/daj5tf0jo11s73e3krag,26.04167,105.50278
urn:gleaner.io:eco:earthchem:data:78354a4d2880168e1bde28ddc88af6ae09bb09c8,https://gleaner.io/xid/genid/daj5tf0jo11s73e3krf0,60.72639,23.62056
urn:gleaner.io:eco:earthchem:data:78354a4d2880168e1bde28ddc88af6ae09bb09c8,https://gleaner.io/xid/genid/daj5tf0jo11s73e3kreg,36.17924,-114.99814
urn:gleaner.io:eco:earthchem:data:78354a4d2880168e1bde28ddc88af6ae09bb09c8,https://gleaner.io/xid/genid/daj5tf0jo11s73e3kre0,26.01944,117.80556
urn:gleaner.io:eco:earthchem:data:78354a4d2880168e1bde28ddc88af6ae09bb09c8,https://gleaner.io/xid/genid/daj5tf0jo11s73e3krdg,-14,-70.5
urn:gleaner.io:eco:earthchem:data:78354a4d2880168e1bde28ddc88af6ae09bb09c8,https://gleaner.io/xid/genid/daj5tf0jo11s73e3krd0,50.54537,12.82736
urn:gleaner.io:eco:earthchem:data:78354a4d2880168e1bde28ddc88af6ae09bb09c8,https://gleaner.io/xid/genid/daj5tf0jo11s73e3krcg,35.36667,74.85
urn:gleaner.io:eco:earthchem:data:78354a4d2880168e1bde28ddc88af6ae09bb09c8,https://gleaner.io/xid/genid/daj5tf0jo11s73e3krc0,-18.2757,-42.17765
urn:gleaner.io:eco:earthchem:data:78354a4d2880168e1bde28ddc88af6ae09bb09c8,https://gleaner.io/xid/genid/daj5tf0jo11s73e3krbg,43.88361,-103.4125
urn:gleaner.io:eco:earthchem:data:78354a4d2880168e1bde28ddc88af6ae09bb09c8,https://gleaner.io/xid/genid/daj5tf0jo11s73e3krb0,33.34028,-117.04528
urn:gleaner.io:eco:earthchem:data:78354a4d2880168e1bde28ddc88af6ae09bb09c8,https://gleaner.io/xid/genid/daj5tf0jo11s73e3krfg,-27.70815,117.26629
urn:gleaner.io:eco:earthchem:data:78354a4d2880168e1bde28ddc88af6ae09bb09c8,https://gleaner.io/xid/genid/daj5tf0jo11s73e3kra0,-0.74389,-60.1125
urn:gleaner.io:eco:earthchem:data:78354a4d2880168e1bde28ddc88af6ae09bb09c8,https://gleaner.io/xid/genid/daj5tf0jo11s73e3kr9g,-15.91667,38.3
urn:gleaner.io:eco:earthchem:data:78354a4d2880168e1bde28ddc88af6ae09bb09c8,https://gleaner.io/xid/genid/daj5tf0jo11s73e3kr90,-20.03917,29.40083
urn:gleaner.io:eco:earthchem:data:78354a4d2880168e1bde28ddc88af6ae09bb09c8,https://gleaner.io/xid/genid/daj5tf0jo11s73e3kr8g,-28.76581,18.74646
urn:gleaner.io:eco:earthchem:data:78354a4d2880168e1bde28ddc88af6ae09bb09c8,https://gleaner.io/xid/genid/daj5tf0jo11s73e3kr80,-30.94113,120.97472
urn:gleaner.io:eco:earthchem:data:78354a4d2880168e1bde28ddc88af6ae09bb09c8,https://gleaner.io/xid/genid/daj5tf0jo11s73e3kr7g,50.26861,5.90694
urn:gleaner.io:eco:earthchem:data:78354a4d2880168e1bde28ddc88af6ae09bb09c8,https://gleaner.io/xid/genid/daj5tf0jo11s73e3kr70,38.10854,-114.62323
urn:gleaner.io:eco:earthchem:data:78354a4d2880168e1bde28ddc88af6ae09bb09c8,https://gleaner.io/xid/genid/daj5tf0jo11s73e3kr6g,35.91361,-81.09917
urn:gleaner.io:eco:earthchem:data:78354a4d2880168e1bde28ddc88af6ae09bb09c8,https://gleaner.io/xid/genid/daj5tf0jo11s73e3kr60,35.2452777778,-85.9666666667
urn:gleaner.io:eco:earthchem:data:78354a4d2880168e1bde28ddc88af6ae09bb09c8,https://gleaner.io/xid/genid/daj5tf0jo11s73e3krkg,-7.05,-36.84167
urn:gleaner.io:eco:earthchem:data:78354a4d2880168e1bde28ddc88af6ae09bb09c8,https://gleaner.io/xid/genid/daj5tf0jo11s73e3krp0,-21.23333,14.86667
urn:gleaner.io:eco:earthchem:data:78354a4d2880168e1bde28ddc88af6ae09bb09c8,https://gleaner.io/xid/genid/daj5tf0jo11s73e3krog,38.25319,-107.05328
urn:gleaner.io:eco:earthchem:data:78354a4d2880168e1bde28ddc88af6ae09bb09c8,https://gleaner.io/xid/genid/daj5tf0jo11s73e3kro0,-4.31361,36.94528
urn:gleaner.io:eco:earthchem:data:78354a4d2880168e1bde28ddc88af6ae09bb09c8,https://gleaner.io/xid/genid/daj5tf0jo11s73e3krng,60.1431,22.59973
urn:gleaner.io:eco:earthchem:data:78354a4d2880168e1bde28ddc88af6ae09bb09c8,https://gleaner.io/xid/genid/daj5tf0jo11s73e3krn0,50.64083,12.97833
urn:gleaner.io:eco:earthchem:data:78354a4d2880168e1bde28ddc88af6ae09bb09c8,https://gleaner.io/xid/genid/daj5tf0jo11s73e3krmg,47.40935,25.33444
urn:gleaner.io:eco:earthchem:data:78354a4d2880168e1bde28ddc88af6ae09bb09c8,https://gleaner.io/xid/genid/daj5tf0jo11s73e3krm0,43.7297,-103.69527
urn:gleaner.io:eco:earthchem:data:78354a4d2880168e1bde28ddc88af6ae09bb09c8,https://gleaner.io/xid/genid/daj5tf0jo11s73e3krlg,40.41857,-7.33691
urn:gleaner.io:eco:earthchem:data:78354a4d2880168e1bde28ddc88af6ae09bb09c8,https://gleaner.io/xid/genid/daj5tf0jo11s73e3krl0,36.2788888889,-82.1513888889
urn:gleaner.io:eco:earthchem:data:78354a4d2880168e1bde28ddc88af6ae09bb09c8,https://gleaner.io/xid/genid/daj5tf0jo11s73e3knag,41.13333,-123.85889
urn:gleaner.io:eco:earthchem:data:78354a4d2880168e1bde28ddc88af6ae09bb09c8,https://gleaner.io/xid/genid/daj5tf0jo11s73e3krk0,-32.85,-65.1
urn:gleaner.io:eco:earthchem:data:78354a4d2880168e1bde28ddc88af6ae09bb09c8,https://gleaner.io/xid/genid/daj5tf0jo11s73e3krjg,50.35111,-95.34819
urn:gleaner.io:eco:earthchem:data:78354a4d2880168e1bde28ddc88af6ae09bb09c8,https://gleaner.io/xid/genid/daj5tf0jo11s73e3krj0,34.57083,70.305
urn:gleaner.io:eco:earthchem:data:78354a4d2880168e1bde28ddc88af6ae09bb09c8,https://gleaner.io/xid/genid/daj5tf0jo11s73e3krig,31.85,102
urn:gleaner.io:eco:earthchem:data:78354a4d2880168e1bde28ddc88af6ae09bb09c8,https://gleaner.io/xid/genid/daj5tf0jo11s73e3kri0,-20.1,47.01667
urn:gleaner.io:eco:earthchem:data:78354a4d2880168e1bde28ddc88af6ae09bb09c8,https://gleaner.io/xid/genid/daj5tf0jo11s73e3krhg,40.5846,-111.58655
urn:gleaner.io:eco:earthchem:data:78354a4d2880168e1bde28ddc88af6ae09bb09c8,https://gleaner.io/xid/genid/daj5tf0jo11s73e3krh0,35.88583,-82.27889
urn:gleaner.io:eco:earthchem:data:78354a4d2880168e1bde28ddc88af6ae09bb09c8,https://gleaner.io/xid/genid/daj5tf0jo11s73e3krgg,35.16,70.97528
urn:gleaner.io:eco:earthchem:data:78354a4d2880168e1bde28ddc88af6ae09bb09c8,https://gleaner.io/xid/genid/daj5tf0jo11s73e3krg0,-13.79583,-47.45972
urn:gleaner.io:eco:earthchem:data:78354a4d2880168e1bde28ddc88af6ae09bb09c8,https://gleaner.io/xid/genid/daj5tf0jo11s73e3ko30,-28.06806,23.04083
urn:gleaner.io:eco:earthchem:data:78354a4d2880168e1bde28ddc88af6ae09bb09c8,https://gleaner.io/xid/genid/daj5tf0jo11s73e3ko80,35.19861,-84.98055
urn:gleaner.io:eco:earthchem:data:78354a4d2880168e1bde28ddc88af6ae09bb09c8,https://gleaner.io/xid/genid/daj5tf0jo11s73e3ko7g,22.90889,96.39306
urn:gleaner.io:eco:earthchem:data:78354a4d2880168e1bde28ddc88af6ae09bb09c8,https://gleaner.io/xid/genid/daj5tf0jo11s73e3ko70,-22.29259,166.94429
urn:gleaner.io:eco:earthchem:data:78354a4d2880168e1bde28ddc88af6ae09bb09c8,https://gleaner.io/xid/genid/daj5tf0jo11s73e3ko6g,-28.99361,17.58028
urn:gleaner.io:eco:earthchem:data:78354a4d2880168e1bde28ddc88af6ae09bb09c8,https://gleaner.io/xid/genid/daj5tf0jo11s73e3ko60,-34.89991,149.94977
urn:gleaner.io:eco:earthchem:data:78354a4d2880168e1bde28ddc88af6ae09bb09c8,https://gleaner.io/xid/genid/daj5tf0jo11s73e3ko5g,50.64861,12.93111
urn:gleaner.io:eco:earthchem:data:78354a4d2880168e1bde28ddc88af6ae09bb09c8,https://gleaner.io/xid/genid/daj5tf0jo11s73e3ko50,44.25373,2.79107
urn:gleaner.io:eco:earthchem:data:78354a4d2880168e1bde28ddc88af6ae09bb09c8,https://gleaner.io/xid/genid/daj5tf0jo11s73e3ko4g,39.5893,70.2489
urn:gleaner.io:eco:earthchem:data:78354a4d2880168e1bde28ddc88af6ae09bb09c8,https://gleaner.io/xid/genid/daj5tf0jo11s73e3ko40,-18.72278,-42.05667
urn:gleaner.io:eco:earthchem:data:78354a4d2880168e1bde28ddc88af6ae09bb09c8,https://gleaner.io/xid/genid/daj5tf0jo11s73e3ko3g,-21.59367,119.29838
urn:gleaner.io:eco:earthchem:data:78354a4d2880168e1bde28ddc88af6ae09bb09c8,https://gleaner.io/xid/genid/daj5tf0jo11s73e3ko8g,59.7777777778,-75.0230555556
urn:gleaner.io:eco:earthchem:data:78354a4d2880168e1bde28ddc88af6ae09bb09c8,https://gleaner.io/xid/genid/daj5tf0jo11s73e3ko2g,54.85607,-99.71132
urn:gleaner.io:eco:earthchem:data:78354a4d2880168e1bde28ddc88af6ae09bb09c8,https://gleaner.io/xid/genid/daj5tf0jo11s73e3ko20,49.60181,14.37517
urn:gleaner.io:eco:earthchem:data:78354a4d2880168e1bde28ddc88af6ae09bb09c8,https://gleaner.io/xid/genid/daj5tf0jo11s73e3ko1g,45.76972,-71.95
urn:gleaner.io:eco:earthchem:data:78354a4d2880168e1bde28ddc88af6ae09bb09c8,https://gleaner.io/xid/genid/daj5tf0jo11s73e3ko10,41.55389,-72.60028
urn:gleaner.io:eco:earthchem:data:78354a4d2880168e1bde28ddc88af6ae09bb09c8,https://gleaner.io/xid/genid/daj5tf0jo11s73e3ko0g,35.6425,71.05833
urn:gleaner.io:eco:earthchem:data:78354a4d2880168e1bde28ddc88af6ae09bb09c8,https://gleaner.io/xid/genid/daj5tf0jo11s73e3ko00,49.85479,13.82265
urn:gleaner.io:eco:earthchem:data:78354a4d2880168e1bde28ddc88af6ae09bb09c8,https://gleaner.io/xid/genid/daj5tf0jo11s73e3knvg,49.75078,-95.21368
urn:gleaner.io:eco:earthchem:data:78354a4d2880168e1bde28ddc88af6ae09bb09c8,https://gleaner.io/xid/genid/daj5tf0jo11s73e3knv0,18.76278,81.91095
urn:gleaner.io:eco:earthchem:data:78354a4d2880168e1bde28ddc88af6ae09bb09c8,https://gleaner.io/xid/genid/daj5tf0jo11s73e3knug,-20.05056,46.98889
urn:gleaner.io:eco:earthchem:data:78354a4d2880168e1bde28ddc88af6ae09bb09c8,https://gleaner.io/xid/genid/daj5tf0jo11s73e3kodg,-37.09662,144.22175
urn:gleaner.io:eco:earthchem:data:78354a4d2880168e1bde28ddc88af6ae09bb09c8,https://gleaner.io/xid/genid/daj5tf0jo11s73e3koi0,34.32064,-113.56767
urn:gleaner.io:eco:earthchem:data:78354a4d2880168e1bde28ddc88af6ae09bb09c8,https://gleaner.io/xid/genid/daj5tf0jo11s73e3kohg,33.21,-116.79722
urn:gleaner.io:eco:earthchem:data:78354a4d2880168e1bde28ddc88af6ae09bb09c8,https://gleaner.io/xid/genid/daj5tf0jo11s73e3koh0,5.51667,39.03333
urn:gleaner.io:eco:earthchem:data:78354a4d2880168e1bde28ddc88af6ae09bb09c8,https://gleaner.io/xid/genid/daj5tf0jo11s73e3kogg,-27.13528,22.87028
urn:gleaner.io:eco:earthchem:data:78354a4d2880168e1bde28ddc88af6ae09bb09c8,https://gleaner.io/xid/genid/daj5tf0jo11s73e3kog0,50.27917,5.84056
urn:gleaner.io:eco:earthchem:data:78354a4d2880168e1bde28ddc88af6ae09bb09c8,https://gleaner.io/xid/genid/daj5tf0jo11s73e3kofg,43.73831,-103.53899
urn:gleaner.io:eco:earthchem:data:78354a4d2880168e1bde28ddc88af6ae09bb09c8,https://gleaner.io/xid/genid/daj5tf0jo11s73e3kof0,43.6193,-71.8372
urn:gleaner.io:eco:earthchem:data:78354a4d2880168e1bde28ddc88af6ae09bb09c8,https://gleaner.io/xid/genid/daj5tf0jo11s73e3koeg,35.34556,-81.31472
urn:gleaner.io:eco:earthchem:data:78354a4d2880168e1bde28ddc88af6ae09bb09c8,https://gleaner.io/xid/genid/daj5tf0jo11s73e3koe0,28.53333,113.98333
urn:gleaner.io:eco:earthchem:data:78354a4d2880168e1bde28ddc88af6ae09bb09c8,https://gleaner.io/xid/genid/daj5tf0jo11s73e3knu0,-21.86333,15.39611
urn:gleaner.io:eco:earthchem:data:78354a4d2880168e1bde28ddc88af6ae09bb09c8,https://gleaner.io/xid/genid/daj5tf0jo11s73e3kod0,43.8930308896,-103.341566509
urn:gleaner.io:eco:earthchem:data:78354a4d2880168e1bde28ddc88af6ae09bb09c8,https://gleaner.io/xid/genid/daj5tf0jo11s73e3kocg,35.88338,-105.53389
urn:gleaner.io:eco:earthchem:data:78354a4d2880168e1bde28ddc88af6ae09bb09c8,https://gleaner.io/xid/genid/daj5tf0jo11s73e3koc0,-1.92139,29.65417
urn:gleaner.io:eco:earthchem:data:78354a4d2880168e1bde28ddc88af6ae09bb09c8,https://gleaner.io/xid/genid/daj5tf0jo11s73e3kobg,-12.68333,-48.43333
urn:gleaner.io:eco:earthchem:data:78354a4d2880168e1bde28ddc88af6ae09bb09c8,https://gleaner.io/xid/genid/daj5tf0jo11s73e3kob0,68.43389,35.72056
urn:gleaner.io:eco:earthchem:data:78354a4d2880168e1bde28ddc88af6ae09bb09c8,https://gleaner.io/xid/genid/daj5tf0jo11s73e3koag,63.23808,18.31248
urn:gleaner.io:eco:earthchem:data:78354a4d2880168e1bde28ddc88af6ae09bb09c8,https://gleaner.io/xid/genid/daj5tf0jo11s73e3koa0,51.06091,16.01229
urn:gleaner.io:eco:earthchem:data:78354a4d2880168e1bde28ddc88af6ae09bb09c8,https://gleaner.io/xid/genid/daj5tf0jo11s73e3ko9g,49.20045,15.61234
urn:gleaner.io:eco:earthchem:data:78354a4d2880168e1bde28ddc88af6ae09bb09c8,https://gleaner.io/xid/genid/daj5tf0jo11s73e3ko90,43.76667,-103.67806
urn:gleaner.io:eco:earthchem:data:78354a4d2880168e1bde28ddc88af6ae09bb09c8,https://gleaner.io/xid/genid/daj5tf0jo11s73e3kneg,44.54639,-70.73139
urn:gleaner.io:eco:earthchem:data:78354a4d2880168e1bde28ddc88af6ae09bb09c8,https://gleaner.io/xid/genid/daj5tf0jo11s73e3knjg,44.54222,-70.72389
urn:gleaner.io:eco:earthchem:data:78354a4d2880168e1bde28ddc88af6ae09bb09c8,https://gleaner.io/xid/genid/daj5tf0jo11s73e3knj0,38.76611,-104.92056
urn:gleaner.io:eco:earthchem:data:78354a4d2880168e1bde28ddc88af6ae09bb09c8,https://gleaner.io/xid/genid/daj5tf0jo11s73e3knig,-21.78222,15.62472
urn:gleaner.io:eco:earthchem:data:78354a4d2880168e1bde28ddc88af6ae09bb09c8,https://gleaner.io/xid/genid/daj5tf0jo11s73e3kni0,46.55024,-112.0511
urn:gleaner.io:eco:earthchem:data:78354a4d2880168e1bde28ddc88af6ae09bb09c8,https://gleaner.io/xid/genid/daj5tf0jo11s73e3knhg,36.5,140.5
urn:gleaner.io:eco:earthchem:data:78354a4d2880168e1bde28ddc88af6ae09bb09c8,https://gleaner.io/xid/genid/daj5tf0jo11s73e3knh0,35.31694,-81.3175
urn:gleaner.io:eco:earthchem:data:78354a4d2880168e1bde28ddc88af6ae09bb09c8,https://gleaner.io/xid/genid/daj5tf0jo11s73e3kngg,31.565,-115.88056
urn:gleaner.io:eco:earthchem:data:78354a4d2880168e1bde28ddc88af6ae09bb09c8,https://gleaner.io/xid/genid/daj5tf0jo11s73e3kng0,27.80556,112.80278
urn:gleaner.io:eco:earthchem:data:78354a4d2880168e1bde28ddc88af6ae09bb09c8,https://gleaner.io/xid/genid/daj5tf0jo11s73e3knfg,-1.45596,28.88444
urn:gleaner.io:eco:earthchem:data:78354a4d2880168e1bde28ddc88af6ae09bb09c8,https://gleaner.io/xid/genid/daj5tf0jo11s73e3knf0,56.37797,-3.99517
urn:gleaner.io:eco:earthchem:data:78354a4d2880168e1bde28ddc88af6ae09bb09c8,https://gleaner.io/xid/genid/daj5tf0jo11s73e3knk0,45.62056,-73.535
urn:gleaner.io:eco:earthchem:data:78354a4d2880168e1bde28ddc88af6ae09bb09c8,https://gleaner.io/xid/genid/daj5tf0jo11s73e3kne0,44.28306,-70.64056
urn:gleaner.io:eco:earthchem:data:78354a4d2880168e1bde28ddc88af6ae09bb09c8,https://gleaner.io/xid/genid/daj5tf0jo11s73e3kndg,43.07209,-72.27555
urn:gleaner.io:eco:earthchem:data:78354a4d2880168e1bde28ddc88af6ae09bb09c8,https://gleaner.io/xid/genid/daj5tf0jo11s73e3knd0,-6.875,-36.72
urn:gleaner.io:eco:earthchem:data:78354a4d2880168e1bde28ddc88af6ae09bb09c8,https://gleaner.io/xid/genid/daj5tf0jo11s73e3kncg,-26.35444,-66.05417
urn:gleaner.io:eco:earthchem:data:78354a4d2880168e1bde28ddc88af6ae09bb09c8,https://gleaner.io/xid/genid/daj5tf0jo11s73e3knc0,50.47694,4.9225
urn:gleaner.io:eco:earthchem:data:78354a4d2880168e1bde28ddc88af6ae09bb09c8,https://gleaner.io/xid/genid/daj5tf0jo11s73e3knbg,48.83321,20.38104
urn:gleaner.io:eco:earthchem:data:78354a4d2880168e1bde28ddc88af6ae09bb09c8,https://gleaner.io/xid/genid/daj5tf0jo11s73e3knb0,43.03333,-8.81667
urn:gleaner.io:eco:earthchem:data:78354a4d2880168e1bde28ddc88af6ae09bb09c8,https://gleaner.io/xid/genid/daj5tf0jo11s73e3kna0,22.04333,104.83389
urn:gleaner.io:eco:earthchem:data:78354a4d2880168e1bde28ddc88af6ae09bb09c8,https://gleaner.io/xid/genid/daj5tf0jo11s73e3kpsg,33.38111,-117.0625
urn:gleaner.io:eco:earthchem:data:78354a4d2880168e1bde28ddc88af6ae09bb09c8,https://gleaner.io/xid/genid/daj5tf0jo11s73e3knp0,38.5767,-106.65889
urn:gleaner.io:eco:earthchem:data:78354a4d2880168e1bde28ddc88af6ae09bb09c8,https://gleaner.io/xid/genid/daj5tf0jo11s73e3kntg,-30.9615,121.2485
urn:gleaner.io:eco:earthchem:data:78354a4d2880168e1bde28ddc88af6ae09bb09c8,https://gleaner.io/xid/genid/daj5tf0jo11s73e3knt0,67.86455,34.51243
urn:gleaner.io:eco:earthchem:data:78354a4d2880168e1bde28ddc88af6ae09bb09c8,https://gleaner.io/xid/genid/daj5tf0jo11s73e3knsg,35.3825,-81.28694
urn:gleaner.io:eco:earthchem:data:78354a4d2880168e1bde28ddc88af6ae09bb09c8,https://gleaner.io/xid/genid/daj5tf0jo11s73e3kns0,-32.94533,-66.00284
urn:gleaner.io:eco:earthchem:data:78354a4d2880168e1bde28ddc88af6ae09bb09c8,https://gleaner.io/xid/genid/daj5tf0jo11s73e3knrg,-20.5825,139.56972
urn:gleaner.io:eco:earthchem:data:78354a4d2880168e1bde28ddc88af6ae09bb09c8,https://gleaner.io/xid/genid/daj5tf0jo11s73e3knr0,67.60814,33.78171
urn:gleaner.io:eco:earthchem:data:78354a4d2880168e1bde28ddc88af6ae09bb09c8,https://gleaner.io/xid/genid/daj5tf0jo11s73e3knqg,59.65139,60.21556
urn:gleaner.io:eco:earthchem:data:78354a4d2880168e1bde28ddc88af6ae09bb09c8,https://gleaner.io/xid/genid/daj5tf0jo11s73e3knq0,50.09202,-5.34708
urn:gleaner.io:eco:earthchem:data:78354a4d2880168e1bde28ddc88af6ae09bb09c8,https://gleaner.io/xid/genid/daj5tf0jo11s73e3knpg,43.60646,-7.69666
urn:gleaner.io:eco:earthchem:data:78354a4d2880168e1bde28ddc88af6ae09bb09c8,https://gleaner.io/xid/genid/daj5tf0jo11s73e3kps0,-21.3585511656,133.974540575
urn:gleaner.io:eco:earthchem:data:78354a4d2880168e1bde28ddc88af6ae09bb09c8,https://gleaner.io/xid/genid/daj5tf0jo11s73e3knog,34.70306,-113.56445
urn:gleaner.io:eco:earthchem:data:78354a4d2880168e1bde28ddc88af6ae09bb09c8,https://gleaner.io/xid/genid/daj5tf0jo11s73e3kno0,58.98759,10.00662
urn:gleaner.io:eco:earthchem:data:78354a4d2880168e1bde28ddc88af6ae09bb09c8,https://gleaner.io/xid/genid/daj5tf0jo11s73e3knng,43.911,-103.453
urn:gleaner.io:eco:earthchem:data:78354a4d2880168e1bde28ddc88af6ae09bb09c8,https://gleaner.io/xid/genid/daj5tf0jo11s73e3knn0,40.52119,-105.40887
urn:gleaner.io:eco:earthchem:data:78354a4d2880168e1bde28ddc88af6ae09bb09c8,https://gleaner.io/xid/genid/daj5tf0jo11s73e3knmg,34.81667,-92.31667
urn:gleaner.io:eco:earthchem:data:78354a4d2880168e1bde28ddc88af6ae09bb09c8,https://gleaner.io/xid/genid/daj5tf0jo11s73e3knm0,-21.3590947295,133.966781484
urn:gleaner.io:eco:earthchem:data:78354a4d2880168e1bde28ddc88af6ae09bb09c8,https://gleaner.io/xid/genid/daj5tf0jo11s73e3knlg,-31.42917,141.61111
urn:gleaner.io:eco:earthchem:data:78354a4d2880168e1bde28ddc88af6ae09bb09c8,https://gleaner.io/xid/genid/daj5tf0jo11s73e3knl0,53.90694,57.63917
urn:gleaner.io:eco:earthchem:data:78354a4d2880168e1bde28ddc88af6ae09bb09c8,https://gleaner.io/xid/genid/daj5tf0jo11s73e3knkg,47.91667,88.84167
urn:gleaner.io:eco:earthchem:data:78354a4d2880168e1bde28ddc88af6ae09bb09c8,https://gleaner.io/xid/genid/daj5tf0jo11s73e3kpcg,60.87194,-45.8475
urn:gleaner.io:eco:earthchem:data:78354a4d2880168e1bde28ddc88af6ae09bb09c8,https://gleaner.io/xid/genid/daj5tf0jo11s73e3kphg,-22.10362,15.99483
urn:gleaner.io:eco:earthchem:data:78354a4d2880168e1bde28ddc88af6ae09bb09c8,https://gleaner.io/xid/genid/daj5tf0jo11s73e3kph0,67.7629,34.98055
urn:gleaner.io:eco:earthchem:data:78354a4d2880168e1bde28ddc88af6ae09bb09c8,https://gleaner.io/xid/genid/daj5tf0jo11s73e3kpgg,46.79222,13.51778
urn:gleaner.io:eco:earthchem:data:78354a4d2880168e1bde28ddc88af6ae09bb09c8,https://gleaner.io/xid/genid/daj5tf0jo11s73e3kpg0,44.07167,-70.29861
urn:gleaner.io:eco:earthchem:data:78354a4d2880168e1bde28ddc88af6ae09bb09c8,https://gleaner.io/xid/genid/daj5tf0jo11s73e3kpfg,34.43583,-92.85444
urn:gleaner.io:eco:earthchem:data:78354a4d2880168e1bde28ddc88af6ae09bb09c8,https://gleaner.io/xid/genid/daj5tf0jo11s73e3kpf0,-4.58333,-39.8
urn:gleaner.io:eco:earthchem:data:78354a4d2880168e1bde28ddc88af6ae09bb09c8,https://gleaner.io/xid/genid/daj5tf0jo11s73e3kpeg,50.57313,13.03177
urn:gleaner.io:eco:earthchem:data:78354a4d2880168e1bde28ddc88af6ae09bb09c8,https://gleaner.io/xid/genid/daj5tf0jo11s73e3kpe0,40.78176,-3.8463
urn:gleaner.io:eco:earthchem:data:78354a4d2880168e1bde28ddc88af6ae09bb09c8,https://gleaner.io/xid/genid/daj5tf0jo11s73e3kpdg,-18.73,-42.08528
urn:gleaner.io:eco:earthchem:data:78354a4d2880168e1bde28ddc88af6ae09bb09c8,https://gleaner.io/xid/genid/daj5tf0jo11s73e3kpd0,-33.89583,148.12278
urn:gleaner.io:eco:earthchem:data:78354a4d2880168e1bde28ddc88af6ae09bb09c8,https://gleaner.io/xid/genid/daj5tf0jo11s73e3kpi0,-20.115,46.72278
urn:gleaner.io:eco:earthchem:data:78354a4d2880168e1bde28ddc88af6ae09bb09c8,https://gleaner.io/xid/genid/daj5tf0jo11s73e3kpc0,54.86403,-94.19044
urn:gleaner.io:eco:earthchem:data:78354a4d2880168e1bde28ddc88af6ae09bb09c8,https://gleaner.io/xid/genid/daj5tf0jo11s73e3kpbg,43.86667,-103.59611
urn:gleaner.io:eco:earthchem:data:78354a4d2880168e1bde28ddc88af6ae09bb09c8,https://gleaner.io/xid/genid/daj5tf0jo11s73e3kpb0,43.81833,-103.61639
urn:gleaner.io:eco:earthchem:data:78354a4d2880168e1bde28ddc88af6ae09bb09c8,https://gleaner.io/xid/genid/daj5tf0jo11s73e3kpag,35.22722244262695,-84.31583404541016
urn:gleaner.io:eco:earthchem:data:78354a4d2880168e1bde28ddc88af6ae09bb09c8,https://gleaner.io/xid/genid/daj5tf0jo11s73e3kpa0,-15.90452,39.04891
urn:gleaner.io:eco:earthchem:data:78354a4d2880168e1bde28ddc88af6ae09bb09c8,https://gleaner.io/xid/genid/daj5tf0jo11s73e3kp9g,-35.7806,138.02462
urn:gleaner.io:eco:earthchem:data:78354a4d2880168e1bde28ddc88af6ae09bb09c8,https://gleaner.io/xid/genid/daj5tf0jo11s73e3kp90,35.42056,70.92333
urn:gleaner.io:eco:earthchem:data:78354a4d2880168e1bde28ddc88af6ae09bb09c8,https://gleaner.io/xid/genid/daj5tf0jo11s73e3kp8g,35.00722,70.44444
urn:gleaner.io:eco:earthchem:data:78354a4d2880168e1bde28ddc88af6ae09bb09c8,https://gleaner.io/xid/genid/daj5tf0jo11s73e3kp80,22.90889,96.35472
urn:gleaner.io:eco:earthchem:data:78354a4d2880168e1bde28ddc88af6ae09bb09c8,https://gleaner.io/xid/genid/daj5tf0jo11s73e3kpn0,43.75184,-71.89274
urn:gleaner.io:eco:earthchem:data:78354a4d2880168e1bde28ddc88af6ae09bb09c8,https://gleaner.io/xid/genid/daj5tf0jo11s73e3kprg,-28.07986,23.02522
urn:gleaner.io:eco:earthchem:data:78354a4d2880168e1bde28ddc88af6ae09bb09c8,https://gleaner.io/xid/genid/daj5tf0jo11s73e3kpr0,-33.56471,120.04083
urn:gleaner.io:eco:earthchem:data:78354a4d2880168e1bde28ddc88af6ae09bb09c8,https://gleaner.io/xid/genid/daj5tf0jo11s73e3kpqg,33.95778,-112.56944
urn:gleaner.io:eco:earthchem:data:78354a4d2880168e1bde28ddc88af6ae09bb09c8,https://gleaner.io/xid/genid/daj5tf0jo11s73e3kpq0,33.625,-116.80861
urn:gleaner.io:eco:earthchem:data:78354a4d2880168e1bde28ddc88af6ae09bb09c8,https://gleaner.io/xid/genid/daj5tf0jo11s73e3kppg,21.93278,108.37722
urn:gleaner.io:eco:earthchem:data:78354a4d2880168e1bde28ddc88af6ae09bb09c8,https://gleaner.io/xid/genid/daj5tf0jo11s73e3kpp0,-20.05333,46.95611
urn:gleaner.io:eco:earthchem:data:78354a4d2880168e1bde28ddc88af6ae09bb09c8,https://gleaner.io/xid/genid/daj5tf0jo11s73e3kpog,55.21722,97.71667
urn:gleaner.io:eco:earthchem:data:78354a4d2880168e1bde28ddc88af6ae09bb09c8,https://gleaner.io/xid/genid/daj5tf0jo11s73e3kpo0,50.64722,109.91861
urn:gleaner.io:eco:earthchem:data:78354a4d2880168e1bde28ddc88af6ae09bb09c8,https://gleaner.io/xid/genid/daj5tf0jo11s73e3kpng,44.57057,7.38864
urn:gleaner.io:eco:earthchem:data:78354a4d2880168e1bde28ddc88af6ae09bb09c8,https://gleaner.io/xid/genid/daj5tf0jo11s73e3koj0,47.8666666667,89.05
urn:gleaner.io:eco:earthchem:data:78354a4d2880168e1bde28ddc88af6ae09bb09c8,https://gleaner.io/xid/genid/daj5tf0jo11s73e3kpmg,33.88552,110.73578
urn:gleaner.io:eco:earthchem:data:78354a4d2880168e1bde28ddc88af6ae09bb09c8,https://gleaner.io/xid/genid/daj5tf0jo11s73e3kpm0,-21.86027,15.40373
urn:gleaner.io:eco:earthchem:data:78354a4d2880168e1bde28ddc88af6ae09bb09c8,https://gleaner.io/xid/genid/daj5tf0jo11s73e3kplg,-32.89389,-65.93056
urn:gleaner.io:eco:earthchem:data:78354a4d2880168e1bde28ddc88af6ae09bb09c8,https://gleaner.io/xid/genid/daj5tf0jo11s73e3kpl0,43.725,-103.69611
urn:gleaner.io:eco:earthchem:data:78354a4d2880168e1bde28ddc88af6ae09bb09c8,https://gleaner.io/xid/genid/daj5tf0jo11s73e3kpkg,41.66667,140.05278
urn:gleaner.io:eco:earthchem:data:78354a4d2880168e1bde28ddc88af6ae09bb09c8,https://gleaner.io/xid/genid/daj5tf0jo11s73e3kpk0,38.47975,-105.57832
urn:gleaner.io:eco:earthchem:data:78354a4d2880168e1bde28ddc88af6ae09bb09c8,https://gleaner.io/xid/genid/daj5tf0jo11s73e3kpjg,35.91089,-81.08421
urn:gleaner.io:eco:earthchem:data:78354a4d2880168e1bde28ddc88af6ae09bb09c8,https://gleaner.io/xid/genid/daj5tf0jo11s73e3kpj0,34.46679,-92.85017
urn:gleaner.io:eco:earthchem:data:78354a4d2880168e1bde28ddc88af6ae09bb09c8,https://gleaner.io/xid/genid/daj5tf0jo11s73e3kpig,22.97111,96.5525
urn:gleaner.io:eco:earthchem:data:78354a4d2880168e1bde28ddc88af6ae09bb09c8,https://gleaner.io/xid/genid/daj5tf0jo11s73e3kon0,44.0893,-70.303
urn:gleaner.io:eco:earthchem:data:78354a4d2880168e1bde28ddc88af6ae09bb09c8,https://gleaner.io/xid/genid/daj5tf0jo11s73e3kosg,36.42083,-116.46889
urn:gleaner.io:eco:earthchem:data:78354a4d2880168e1bde28ddc88af6ae09bb09c8,https://gleaner.io/xid/genid/daj5tf0jo11s73e3kos0,35.219165802,-81.3550033569
urn:gleaner.io:eco:earthchem:data:78354a4d2880168e1bde28ddc88af6ae09bb09c8,https://gleaner.io/xid/genid/daj5tf0jo11s73e3korg,-20.6,29.3
urn:gleaner.io:eco:earthchem:data:78354a4d2880168e1bde28ddc88af6ae09bb09c8,https://gleaner.io/xid/genid/daj5tf0jo11s73e3koqg,64.65,142.7
urn:gleaner.io:eco:earthchem:data:78354a4d2880168e1bde28ddc88af6ae09bb09c8,https://gleaner.io/xid/genid/daj5tf0jo11s73e3koq0,44.54417,-70.72361
urn:gleaner.io:eco:earthchem:data:78354a4d2880168e1bde28ddc88af6ae09bb09c8,https://gleaner.io/xid/genid/daj5tf0jo11s73e3kopg,40.56083,-105.33528
urn:gleaner.io:eco:earthchem:data:78354a4d2880168e1bde28ddc88af6ae09bb09c8,https://gleaner.io/xid/genid/daj5tf0jo11s73e3kop0,18.91194,-70.34893
urn:gleaner.io:eco:earthchem:data:78354a4d2880168e1bde28ddc88af6ae09bb09c8,https://gleaner.io/xid/genid/daj5tf0jo11s73e3koog,-28.76285,18.75033
urn:gleaner.io:eco:earthchem:data:78354a4d2880168e1bde28ddc88af6ae09bb09c8,https://gleaner.io/xid/genid/daj5tf0jo11s73e3koo0,-45.72206,166.50832
urn:gleaner.io:eco:earthchem:data:78354a4d2880168e1bde28ddc88af6ae09bb09c8,https://gleaner.io/xid/genid/daj5tf0jo11s73e3kong,46.64086,9.06497
urn:gleaner.io:eco:earthchem:data:78354a4d2880168e1bde28ddc88af6ae09bb09c8,https://gleaner.io/xid/genid/daj5tf0jo11s73e3kp70,-16.67333,-42.37056
urn:gleaner.io:eco:earthchem:data:78354a4d2880168e1bde28ddc88af6ae09bb09c8,https://gleaner.io/xid/genid/daj5tf0jo11s73e3komg,43.75972,-71.8275
urn:gleaner.io:eco:earthchem:data:78354a4d2880168e1bde28ddc88af6ae09bb09c8,https://gleaner.io/xid/genid/daj5tf0jo11s73e3kom0,42.5599,-71.7973
urn:gleaner.io:eco:earthchem:data:78354a4d2880168e1bde28ddc88af6ae09bb09c8,https://gleaner.io/xid/genid/daj5tf0jo11s73e3kolg,40.46036,-105.35634
urn:gleaner.io:eco:earthchem:data:78354a4d2880168e1bde28ddc88af6ae09bb09c8,https://gleaner.io/xid/genid/daj5tf0jo11s73e3kol0,34.3,-113.56667
urn:gleaner.io:eco:earthchem:data:78354a4d2880168e1bde28ddc88af6ae09bb09c8,https://gleaner.io/xid/genid/daj5tf0jo11s73e3kokg,33.425,76.3875
urn:gleaner.io:eco:earthchem:data:78354a4d2880168e1bde28ddc88af6ae09bb09c8,https://gleaner.io/xid/genid/daj5tf0jo11s73e3kok0,-30.34583,-66.53389
urn:gleaner.io:eco:earthchem:data:78354a4d2880168e1bde28ddc88af6ae09bb09c8,https://gleaner.io/xid/genid/daj5tf0jo11s73e3kojg,69.72083,19.29472
urn:gleaner.io:eco:earthchem:data:78354a4d2880168e1bde28ddc88af6ae09bb09c8,https://gleaner.io/xid/genid/daj5tf0jo11s73e3koig,37.74722,-115.98111
urn:gleaner.io:eco:earthchem:data:78354a4d2880168e1bde28ddc88af6ae09bb09c8,https://gleaner.io/xid/genid/daj5tf0jo11s73e3kp7g,21.68333,79.73333
urn:gleaner.io:eco:earthchem:data:78354a4d2880168e1bde28ddc88af6ae09bb09c8,https://gleaner.io/xid/genid/daj5tf0jo11s73e3kotg,-21.87651,15.65794
urn:gleaner.io:eco:earthchem:data:78354a4d2880168e1bde28ddc88af6ae09bb09c8,https://gleaner.io/xid/genid/daj5tf0jo11s73e3kp6g,-21.74337,16.16748
urn:gleaner.io:eco:earthchem:data:78354a4d2880168e1bde28ddc88af6ae09bb09c8,https://gleaner.io/xid/genid/daj5tf0jo11s73e3kp60,49.46583,16.01722
urn:gleaner.io:eco:earthchem:data:78354a4d2880168e1bde28ddc88af6ae09bb09c8,https://gleaner.io/xid/genid/daj5tf0jo11s73e3kp5g,44.5,-114.23333
urn:gleaner.io:eco:earthchem:data:78354a4d2880168e1bde28ddc88af6ae09bb09c8,https://gleaner.io/xid/genid/daj5tf0jo11s73e3kp50,35.29583,71.04194
urn:gleaner.io:eco:earthchem:data:78354a4d2880168e1bde28ddc88af6ae09bb09c8,https://gleaner.io/xid/genid/daj5tf0jo11s73e3kp4g,-16.72225,-41.89299
urn:gleaner.io:eco:earthchem:data:78354a4d2880168e1bde28ddc88af6ae09bb09c8,https://gleaner.io/xid/genid/daj5tf0jo11s73e3kp40,-23.93889,30.69583
urn:gleaner.io:eco:earthchem:data:78354a4d2880168e1bde28ddc88af6ae09bb09c8,https://gleaner.io/xid/genid/daj5tf0jo11s73e3kp3g,-27.47254,120.55879
urn:gleaner.io:eco:earthchem:data:78354a4d2880168e1bde28ddc88af6ae09bb09c8,https://gleaner.io/xid/genid/daj5tf0jo11s73e3kp30,-31.2666,121.4729
urn:gleaner.io:eco:earthchem:data:78354a4d2880168e1bde28ddc88af6ae09bb09c8,https://gleaner.io/xid/genid/daj5tf0jo11s73e3kp2g,58.98728,10.00655
urn:gleaner.io:eco:earthchem:data:78354a4d2880168e1bde28ddc88af6ae09bb09c8,https://gleaner.io/xid/genid/daj5tf0jo11s73e3kp1g,34.47042,-92.84987
urn:gleaner.io:eco:earthchem:data:78354a4d2880168e1bde28ddc88af6ae09bb09c8,https://gleaner.io/xid/genid/daj5tf0jo11s73e3kot0,51.12916,15.93445
urn:gleaner.io:eco:earthchem:data:78354a4d2880168e1bde28ddc88af6ae09bb09c8,https://gleaner.io/xid/genid/daj5tf0jo11s73e3kou0,52.02947,-76.18167
urn:gleaner.io:eco:earthchem:data:78354a4d2880168e1bde28ddc88af6ae09bb09c8,https://gleaner.io/xid/genid/daj5tf0jo11s73e3koug,66.87857,13.6957
urn:gleaner.io:eco:earthchem:data:78354a4d2880168e1bde28ddc88af6ae09bb09c8,https://gleaner.io/xid/genid/daj5tf0jo11s73e3kov0,-33.09556,-66.12333
urn:gleaner.io:eco:earthchem:data:78354a4d2880168e1bde28ddc88af6ae09bb09c8,https://gleaner.io/xid/genid/daj5tf0jo11s73e3kovg,44.29,-70.6425
urn:gleaner.io:eco:earthchem:data:78354a4d2880168e1bde28ddc88af6ae09bb09c8,https://gleaner.io/xid/genid/daj5tf0jo11s73e3kp0g,-27.31667,-66.65
urn:gleaner.io:eco:earthchem:data:78354a4d2880168e1bde28ddc88af6ae09bb09c8,https://gleaner.io/xid/genid/daj5tf0jo11s73e3kp10,-6.905,-36.72139
urn:gleaner.io:eco:earthchem:data:78354a4d2880168e1bde28ddc88af6ae09bb09c8,https://gleaner.io/xid/genid/daj5tf0jo11s73e3kp20,50.60354,12.68291
urn:gleaner.io:eco:earthchem:data:78ed5a2f021aa188e0af1e3293474dc176aa072d,https://gleaner.io/xid/genid/daj5tf8jo11s73e3l90g,40.6653323,-77.9044012
urn:gleaner.io:eco:earthchem:data:78ed5a2f021aa188e0af1e3293474dc176aa072d,https://gleaner.io/xid/genid/daj5tf8jo11s73e3l900,40.6648406,-77.9047045
urn:gleaner.io:eco:earthchem:data:78ed5a2f021aa188e0af1e3293474dc176aa072d,https://gleaner.io/xid/genid/daj5tf8jo11s73e3l8p0,40.6637476,-77.9052877
urn:gleaner.io:eco:earthchem:data:78ed5a2f021aa188e0af1e3293474dc176aa072d,https://gleaner.io/xid/genid/daj5tf8jo11s73e3l8vg,40.6648238,-77.904242
urn:gleaner.io:eco:earthchem:data:78ed5a2f021aa188e0af1e3293474dc176aa072d,https://gleaner.io/xid/genid/daj5tf8jo11s73e3l8v0,40.6644664,-77.9062619
urn:gleaner.io:eco:earthchem:data:78ed5a2f021aa188e0af1e3293474dc176aa072d,https://gleaner.io/xid/genid/daj5tf8jo11s73e3l8ug,40.6643896,-77.9056832
urn:gleaner.io:eco:earthchem:data:78ed5a2f021aa188e0af1e3293474dc176aa072d,https://gleaner.io/xid/genid/daj5tf8jo11s73e3l8u0,40.6641887,-77.9063285
urn:gleaner.io:eco:earthchem:data:78ed5a2f021aa188e0af1e3293474dc176aa072d,https://gleaner.io/xid/genid/daj5tf8jo11s73e3l8tg,40.6640168,-77.9056064
urn:gleaner.io:eco:earthchem:data:78ed5a2f021aa188e0af1e3293474dc176aa072d,https://gleaner.io/xid/genid/daj5tf8jo11s73e3l8t0,40.6638863,-77.9063721
urn:gleaner.io:eco:earthchem:data:78ed5a2f021aa188e0af1e3293474dc176aa072d,https://gleaner.io/xid/genid/daj5tf8jo11s73e3l8q0,40.6655776,-77.9047052
urn:gleaner.io:eco:earthchem:data:78ed5a2f021aa188e0af1e3293474dc176aa072d,https://gleaner.io/xid/genid/daj5tf8jo11s73e3l8pg,40.6653246,-77.9047653
urn:gleaner.io:eco:earthchem:data:78ed5a2f021aa188e0af1e3293474dc176aa072d,https://gleaner.io/xid/genid/daj5tf8jo11s73e3l8o0,40.6656859,-77.9042552
urn:gleaner.io:eco:earthchem:data:79b5b76ffa534bb3b8ac760dfe37cc25f61e7a26,https://gleaner.io/xid/genid/daj5tf8jo11s73e3len0,40.666664,-77.902778
urn:gleaner.io:eco:earthchem:data:79b5b76ffa534bb3b8ac760dfe37cc25f61e7a26,https://gleaner.io/xid/genid/daj5tf8jo11s73e3levg,40.610686,-78.006689
urn:gleaner.io:eco:earthchem:data:79b5b76ffa534bb3b8ac760dfe37cc25f61e7a26,https://gleaner.io/xid/genid/daj5tf8jo11s73e3letg,40.673619,-77.902569
urn:gleaner.io:eco:earthchem:data:79b5b76ffa534bb3b8ac760dfe37cc25f61e7a26,https://gleaner.io/xid/genid/daj5tf8jo11s73e3lemg,40.656772,-77.918722
urn:gleaner.io:eco:earthchem:data:83a7e20a11617a781447a32d5d4672877b3b7a48,https://gleaner.io/xid/genid/daj5tg0jo11s73e3n1v0,40.6371,-77.94305
urn:gleaner.io:eco:earthchem:data:83a7e20a11617a781447a32d5d4672877b3b7a48,https://gleaner.io/xid/genid/daj5tg0jo11s73e3n21g,40.6333,-77.9372
urn:gleaner.io:eco:earthchem:data:83a7e20a11617a781447a32d5d4672877b3b7a48,https://gleaner.io/xid/genid/daj5tg0jo11s73e3n1ug,40.6358,-77.9373
urn:gleaner.io:eco:earthchem:data:83a7e20a11617a781447a32d5d4672877b3b7a48,https://gleaner.io/xid/genid/daj5tg0jo11s73e3n1s0,40.6385,-77.9411
urn:gleaner.io:eco:earthchem:data:83a7e20a11617a781447a32d5d4672877b3b7a48,https://gleaner.io/xid/genid/daj5tg0jo11s73e3n1r0,40.63607,-77.94255
urn:gleaner.io:eco:earthchem:data:83a7e20a11617a781447a32d5d4672877b3b7a48,https://gleaner.io/xid/genid/daj5tg0jo11s73e3n1qg,40.6356,-77.9372
urn:gleaner.io:eco:earthchem:data:83a7e20a11617a781447a32d5d4672877b3b7a48,https://gleaner.io/xid/genid/daj5tg0jo11s73e3n1rg,40.636397,-77.942061
urn:gleaner.io:eco:earthchem:data:83a7e20a11617a781447a32d5d4672877b3b7a48,https://gleaner.io/xid/genid/daj5tg0jo11s73e3n1q0,40.63367,-77.94095
urn:gleaner.io:eco:earthchem:data:8861149da1cccaf8a30a906d0c1f721c17d2ba3f,https://gleaner.io/xid/genid/daj5tg8jo11s73e3nth0,39.9268,-79.54543
urn:gleaner.io:eco:earthchem:data:9771b87ad8add764d2aaa5f79c3791c1e3b35843,https://gleaner.io/xid/genid/daj5th0jo11s73e3ouvg,39.9268,-79.54543
urn:gleaner.io:eco:earthchem:data:97f19ee48cc295670f2296ed56941fcb09bb8e03,https://gleaner.io/xid/genid/daj5th0jo11s73e3ovng,39.9268,-79.54543
urn:gleaner.io:eco:earthchem:data:a0cccc55256ecae5896c47617cb3825e06af257e,https://gleaner.io/xid/genid/daj5thojo11s73e3qdv0,30.803889,-82.4175
urn:gleaner.io:eco:earthchem:data:a0cccc55256ecae5896c47617cb3825e06af257e,https://gleaner.io/xid/genid/daj5thojo11s73e3qe00,68.63,-149.32
urn:gleaner.io:eco:earthchem:data:a0cccc55256ecae5896c47617cb3825e06af257e,https://gleaner.io/xid/genid/daj5thojo11s73e3qe10,26.359722,-80.370556
urn:gleaner.io:eco:earthchem:data:a0cccc55256ecae5896c47617cb3825e06af257e,https://gleaner.io/xid/genid/daj5thojo11s73e3qe1g,68.616,-149.318
urn:gleaner.io:eco:earthchem:data:a0cccc55256ecae5896c47617cb3825e06af257e,https://gleaner.io/xid/genid/daj5thojo11s73e3qdug,-77.544403076172,166.182998657227
urn:gleaner.io:eco:earthchem:data:a0cccc55256ecae5896c47617cb3825e06af257e,https://gleaner.io/xid/genid/daj5thojo11s73e3qdog,47.1,-99.1
urn:gleaner.io:eco:earthchem:data:a0cccc55256ecae5896c47617cb3825e06af257e,https://gleaner.io/xid/genid/daj5thojo11s73e3qdvg,39.870489,-74.490677
urn:gleaner.io:eco:earthchem:data:a1a7cf9320c26e57d79871d15c220f434d076772,https://gleaner.io/xid/genid/daj5thojo11s73e3qijg,40.6644474,-77.9056298
urn:gleaner.io:eco:earthchem:data:a1a7cf9320c26e57d79871d15c220f434d076772,https://gleaner.io/xid/genid/daj5thojo11s73e3qik0,40.6647643,-77.9040381
urn:gleaner.io:eco:earthchem:data:a1a7cf9320c26e57d79871d15c220f434d076772,https://gleaner.io/xid/genid/daj5thojo11s73e3qikg,40.664841,-77.9072532
urn:gleaner.io:eco:earthchem:data:a1a7cf9320c26e57d79871d15c220f434d076772,https://gleaner.io/xid/genid/daj5thojo11s73e3qing,40.6648488,-77.9072458
urn:gleaner.io:eco:earthchem:data:aa12d730d9d0575ea8773956f39423590f49b652,https://gleaner.io/xid/genid/daj5tigjo11s73e3s2dg,40.664761,-77.9069969
urn:gleaner.io:eco:earthchem:data:aa12d730d9d0575ea8773956f39423590f49b652,https://gleaner.io/xid/genid/daj5tigjo11s73e3s2kg,40.6648488,-77.9072458
urn:gleaner.io:eco:earthchem:data:aa12d730d9d0575ea8773956f39423590f49b652,https://gleaner.io/xid/genid/daj5tigjo11s73e3s2k0,40.6646233,-77.9063289
urn:gleaner.io:eco:earthchem:data:aa12d730d9d0575ea8773956f39423590f49b652,https://gleaner.io/xid/genid/daj5tigjo11s73e3s2j0,40.664467,-77.9050253
urn:gleaner.io:eco:earthchem:data:aa12d730d9d0575ea8773956f39423590f49b652,https://gleaner.io/xid/genid/daj5tigjo11s73e3s2d0,40.664476,-77.90517
urn:gleaner.io:eco:earthchem:data:aa12d730d9d0575ea8773956f39423590f49b652,https://gleaner.io/xid/genid/daj5tigjo11s73e3s2c0,40.6647688,-77.904123
urn:gleaner.io:eco:earthchem:data:aa12d730d9d0575ea8773956f39423590f49b652,https://gleaner.io/xid/genid/daj5tigjo11s73e3s2bg,40.6647109,-77.9069217
urn:gleaner.io:eco:earthchem:data:aa12d730d9d0575ea8773956f39423590f49b652,https://gleaner.io/xid/genid/daj5tigjo11s73e3s2b0,40.6644439,-77.9057117
urn:gleaner.io:eco:earthchem:data:ae28cef66b8f8a0c639083b498e3fc533d135408,https://gleaner.io/xid/genid/daj5tiojo11s73e3sg9g,40.6644474,-77.9056298
urn:gleaner.io:eco:earthchem:data:ae28cef66b8f8a0c639083b498e3fc533d135408,https://gleaner.io/xid/genid/daj5tiojo11s73e3sgag,40.664841,-77.9072532
urn:gleaner.io:eco:earthchem:data:ae28cef66b8f8a0c639083b498e3fc533d135408,https://gleaner.io/xid/genid/daj5tiojo11s73e3sga0,40.6647643,-77.9040381
urn:gleaner.io:eco:earthchem:data:b0f1f94f4c1325a75437224873845d1469eedc6d,https://gleaner.io/xid/genid/daj5tj0jo11s73e3snfg,39.9268,-79.54543
urn:gleaner.io:eco:earthchem:data:b4ea74aef0151f4adf3eb4a2d10c8bd041fb8aaf,https://gleaner.io/xid/genid/daj5tj8jo11s73e3t95g,41.27,-6.47
urn:gleaner.io:eco:earthchem:data:b4ea74aef0151f4adf3eb4a2d10c8bd041fb8aaf,https://gleaner.io/xid/genid/daj5tj8jo11s73e3t9ag,-19.64,17.34
urn:gleaner.io:eco:earthchem:data:b4ea74aef0151f4adf3eb4a2d10c8bd041fb8aaf,https://gleaner.io/xid/genid/daj5tj8jo11s73e3t9a0,-26.21,-66.03
urn:gleaner.io:eco:earthchem:data:b4ea74aef0151f4adf3eb4a2d10c8bd041fb8aaf,https://gleaner.io/xid/genid/daj5tj8jo11s73e3t99g,-29.05,122.49
urn:gleaner.io:eco:earthchem:data:b4ea74aef0151f4adf3eb4a2d10c8bd041fb8aaf,https://gleaner.io/xid/genid/daj5tj8jo11s73e3t990,61.72,30.91
urn:gleaner.io:eco:earthchem:data:b4ea74aef0151f4adf3eb4a2d10c8bd041fb8aaf,https://gleaner.io/xid/genid/daj5tj8jo11s73e3t98g,49.22,-93.91
urn:gleaner.io:eco:earthchem:data:b4ea74aef0151f4adf3eb4a2d10c8bd041fb8aaf,https://gleaner.io/xid/genid/daj5tj8jo11s73e3t980,36.69,-116.93
urn:gleaner.io:eco:earthchem:data:b4ea74aef0151f4adf3eb4a2d10c8bd041fb8aaf,https://gleaner.io/xid/genid/daj5tj8jo11s73e3t97g,-16.59,28.96
urn:gleaner.io:eco:earthchem:data:b4ea74aef0151f4adf3eb4a2d10c8bd041fb8aaf,https://gleaner.io/xid/genid/daj5tj8jo11s73e3t970,-20.7,139.45
urn:gleaner.io:eco:earthchem:data:b4ea74aef0151f4adf3eb4a2d10c8bd041fb8aaf,https://gleaner.io/xid/genid/daj5tj8jo11s73e3t96g,-22.5,-45.5
urn:gleaner.io:eco:earthchem:data:b4ea74aef0151f4adf3eb4a2d10c8bd041fb8aaf,https://gleaner.io/xid/genid/daj5tj8jo11s73e3t960,50.58,-93.19
urn:gleaner.io:eco:earthchem:data:b4ea74aef0151f4adf3eb4a2d10c8bd041fb8aaf,https://gleaner.io/xid/genid/daj5tj8jo11s73e3t9bg,-17.46,128.04
urn:gleaner.io:eco:earthchem:data:b4ea74aef0151f4adf3eb4a2d10c8bd041fb8aaf,https://gleaner.io/xid/genid/daj5tj8jo11s73e3t950,29.58,34.93
urn:gleaner.io:eco:earthchem:data:b4ea74aef0151f4adf3eb4a2d10c8bd041fb8aaf,https://gleaner.io/xid/genid/daj5tj8jo11s73e3t94g,27.25,88.5
urn:gleaner.io:eco:earthchem:data:b4ea74aef0151f4adf3eb4a2d10c8bd041fb8aaf,https://gleaner.io/xid/genid/daj5tj8jo11s73e3t940,-24.1,-47
urn:gleaner.io:eco:earthchem:data:b4ea74aef0151f4adf3eb4a2d10c8bd041fb8aaf,https://gleaner.io/xid/genid/daj5tj8jo11s73e3t93g,67.5,29.5
urn:gleaner.io:eco:earthchem:data:b4ea74aef0151f4adf3eb4a2d10c8bd041fb8aaf,https://gleaner.io/xid/genid/daj5tj8jo11s73e3t930,64.85,-164.5
urn:gleaner.io:eco:earthchem:data:b4ea74aef0151f4adf3eb4a2d10c8bd041fb8aaf,https://gleaner.io/xid/genid/daj5tj8jo11s73e3t92g,60.68,141.56
urn:gleaner.io:eco:earthchem:data:b4ea74aef0151f4adf3eb4a2d10c8bd041fb8aaf,https://gleaner.io/xid/genid/daj5tj8jo11s73e3t920,39.45,31.63
urn:gleaner.io:eco:earthchem:data:b4ea74aef0151f4adf3eb4a2d10c8bd041fb8aaf,https://gleaner.io/xid/genid/daj5tj8jo11s73e3t91g,-20.98,140.61
urn:gleaner.io:eco:earthchem:data:b4ea74aef0151f4adf3eb4a2d10c8bd041fb8aaf,https://gleaner.io/xid/genid/daj5tj8jo11s73e3t910,65.55,-108
urn:gleaner.io:eco:earthchem:data:b4ea74aef0151f4adf3eb4a2d10c8bd041fb8aaf,https://gleaner.io/xid/genid/daj5tj8jo11s73e3t90g,65.25,-113.03
urn:gleaner.io:eco:earthchem:data:b4ea74aef0151f4adf3eb4a2d10c8bd041fb8aaf,https://gleaner.io/xid/genid/daj5tj8jo11s73e3t900,53.48,-92.95
urn:gleaner.io:eco:earthchem:data:b4ea74aef0151f4adf3eb4a2d10c8bd041fb8aaf,https://gleaner.io/xid/genid/daj5tj8jo11s73e3t9h0,46.39,-81.64
urn:gleaner.io:eco:earthchem:data:b4ea74aef0151f4adf3eb4a2d10c8bd041fb8aaf,https://gleaner.io/xid/genid/daj5tj8jo11s73e3t9mg,66.53,-115.05
urn:gleaner.io:eco:earthchem:data:b4ea74aef0151f4adf3eb4a2d10c8bd041fb8aaf,https://gleaner.io/xid/genid/daj5tj8jo11s73e3t9m0,61.94,-73.92
urn:gleaner.io:eco:earthchem:data:b4ea74aef0151f4adf3eb4a2d10c8bd041fb8aaf,https://gleaner.io/xid/genid/daj5tj8jo11s73e3t9lg,59.5,-108
urn:gleaner.io:eco:earthchem:data:b4ea74aef0151f4adf3eb4a2d10c8bd041fb8aaf,https://gleaner.io/xid/genid/daj5tj8jo11s73e3t9l0,57.67,-2.58
urn:gleaner.io:eco:earthchem:data:b4ea74aef0151f4adf3eb4a2d10c8bd041fb8aaf,https://gleaner.io/xid/genid/daj5tj8jo11s73e3t9kg,57.43,-2.24
urn:gleaner.io:eco:earthchem:data:b4ea74aef0151f4adf3eb4a2d10c8bd041fb8aaf,https://gleaner.io/xid/genid/daj5tj8jo11s73e3t9k0,53.25,-76.25
urn:gleaner.io:eco:earthchem:data:b4ea74aef0151f4adf3eb4a2d10c8bd041fb8aaf,https://gleaner.io/xid/genid/daj5tj8jo11s73e3t9jg,52.94,-66.94
urn:gleaner.io:eco:earthchem:data:b4ea74aef0151f4adf3eb4a2d10c8bd041fb8aaf,https://gleaner.io/xid/genid/daj5tj8jo11s73e3t9j0,52.5,-119
urn:gleaner.io:eco:earthchem:data:b4ea74aef0151f4adf3eb4a2d10c8bd041fb8aaf,https://gleaner.io/xid/genid/daj5tj8jo11s73e3t9ig,48.59,-93.13
urn:gleaner.io:eco:earthchem:data:b4ea74aef0151f4adf3eb4a2d10c8bd041fb8aaf,https://gleaner.io/xid/genid/daj5tj8jo11s73e3t9i0,48.2,-79.08
urn:gleaner.io:eco:earthchem:data:b4ea74aef0151f4adf3eb4a2d10c8bd041fb8aaf,https://gleaner.io/xid/genid/daj5tj8jo11s73e3t9hg,46.41,-87.99
urn:gleaner.io:eco:earthchem:data:b4ea74aef0151f4adf3eb4a2d10c8bd041fb8aaf,https://gleaner.io/xid/genid/daj5tj8jo11s73e3t9b0,-18.9,13.37
urn:gleaner.io:eco:earthchem:data:b4ea74aef0151f4adf3eb4a2d10c8bd041fb8aaf,https://gleaner.io/xid/genid/daj5tj8jo11s73e3t9gg,46.19,8.83
urn:gleaner.io:eco:earthchem:data:b4ea74aef0151f4adf3eb4a2d10c8bd041fb8aaf,https://gleaner.io/xid/genid/daj5tj8jo11s73e3t9g0,43.8,-69.8
urn:gleaner.io:eco:earthchem:data:b4ea74aef0151f4adf3eb4a2d10c8bd041fb8aaf,https://gleaner.io/xid/genid/daj5tj8jo11s73e3t9fg,43.43,-7.36
urn:gleaner.io:eco:earthchem:data:b4ea74aef0151f4adf3eb4a2d10c8bd041fb8aaf,https://gleaner.io/xid/genid/daj5tj8jo11s73e3t9f0,42.49,2.46
urn:gleaner.io:eco:earthchem:data:b4ea74aef0151f4adf3eb4a2d10c8bd041fb8aaf,https://gleaner.io/xid/genid/daj5tj8jo11s73e3t9eg,41.65,-73.57
urn:gleaner.io:eco:earthchem:data:b4ea74aef0151f4adf3eb4a2d10c8bd041fb8aaf,https://gleaner.io/xid/genid/daj5tj8jo11s73e3t9e0,40.9,111.64
urn:gleaner.io:eco:earthchem:data:b4ea74aef0151f4adf3eb4a2d10c8bd041fb8aaf,https://gleaner.io/xid/genid/daj5tj8jo11s73e3t9dg,40.4,-105.3
urn:gleaner.io:eco:earthchem:data:b4ea74aef0151f4adf3eb4a2d10c8bd041fb8aaf,https://gleaner.io/xid/genid/daj5tj8jo11s73e3t9d0,38.09,-5.44
urn:gleaner.io:eco:earthchem:data:b4ea74aef0151f4adf3eb4a2d10c8bd041fb8aaf,https://gleaner.io/xid/genid/daj5tj8jo11s73e3t9cg,36.25,-105.66
urn:gleaner.io:eco:earthchem:data:b4ea74aef0151f4adf3eb4a2d10c8bd041fb8aaf,https://gleaner.io/xid/genid/daj5tj8jo11s73e3t9c0,35.94,-105.49
urn:gleaner.io:eco:earthchem:data:b4ea74aef0151f4adf3eb4a2d10c8bd041fb8aaf,https://gleaner.io/xid/genid/daj5tj8jo11s73e3t890,50,-117.8
urn:gleaner.io:eco:earthchem:data:b4ea74aef0151f4adf3eb4a2d10c8bd041fb8aaf,https://gleaner.io/xid/genid/daj5tj8jo11s73e3t8g0,33.59,132.05
urn:gleaner.io:eco:earthchem:data:b4ea74aef0151f4adf3eb4a2d10c8bd041fb8aaf,https://gleaner.io/xid/genid/daj5tj8jo11s73e3t8fg,-6.51,-36.35
urn:gleaner.io:eco:earthchem:data:b4ea74aef0151f4adf3eb4a2d10c8bd041fb8aaf,https://gleaner.io/xid/genid/daj5tj8jo11s73e3t8f0,41.25,106.25
urn:gleaner.io:eco:earthchem:data:b4ea74aef0151f4adf3eb4a2d10c8bd041fb8aaf,https://gleaner.io/xid/genid/daj5tj8jo11s73e3t8eg,55.59,-97.15
urn:gleaner.io:eco:earthchem:data:b4ea74aef0151f4adf3eb4a2d10c8bd041fb8aaf,https://gleaner.io/xid/genid/daj5tj8jo11s73e3t8e0,50.09,13.04
urn:gleaner.io:eco:earthchem:data:b4ea74aef0151f4adf3eb4a2d10c8bd041fb8aaf,https://gleaner.io/xid/genid/daj5tj8jo11s73e3t8dg,49.79,-92.84
urn:gleaner.io:eco:earthchem:data:b4ea74aef0151f4adf3eb4a2d10c8bd041fb8aaf,https://gleaner.io/xid/genid/daj5tj8jo11s73e3t8d0,47.52,88.07
urn:gleaner.io:eco:earthchem:data:b4ea74aef0151f4adf3eb4a2d10c8bd041fb8aaf,https://gleaner.io/xid/genid/daj5tj8jo11s73e3t8cg,14.33,-0.89
urn:gleaner.io:eco:earthchem:data:b4ea74aef0151f4adf3eb4a2d10c8bd041fb8aaf,https://gleaner.io/xid/genid/daj5tj8jo11s73e3t8c0,-24.76,-48.23
urn:gleaner.io:eco:earthchem:data:b4ea74aef0151f4adf3eb4a2d10c8bd041fb8aaf,https://gleaner.io/xid/genid/daj5tj8jo11s73e3t8a0,60.25,-74.05
urn:gleaner.io:eco:earthchem:data:b4ea74aef0151f4adf3eb4a2d10c8bd041fb8aaf,https://gleaner.io/xid/genid/daj5tj8jo11s73e3t89g,56.97,-2.22
urn:gleaner.io:eco:earthchem:data:b4ea74aef0151f4adf3eb4a2d10c8bd041fb8aaf,https://gleaner.io/xid/genid/daj5tj8jo11s73e3t8v0,-22.58,17.06
urn:gleaner.io:eco:earthchem:data:b4ea74aef0151f4adf3eb4a2d10c8bd041fb8aaf,https://gleaner.io/xid/genid/daj5tj8jo11s73e3t88g,46.01,-87.96
urn:gleaner.io:eco:earthchem:data:b4ea74aef0151f4adf3eb4a2d10c8bd041fb8aaf,https://gleaner.io/xid/genid/daj5tj8jo11s73e3t880,44.69,-77.81
urn:gleaner.io:eco:earthchem:data:b4ea74aef0151f4adf3eb4a2d10c8bd041fb8aaf,https://gleaner.io/xid/genid/daj5tj8jo11s73e3t87g,38.31,28.1
urn:gleaner.io:eco:earthchem:data:b4ea74aef0151f4adf3eb4a2d10c8bd041fb8aaf,https://gleaner.io/xid/genid/daj5tj8jo11s73e3t870,-24.81,-48.27
urn:gleaner.io:eco:earthchem:data:b4ea74aef0151f4adf3eb4a2d10c8bd041fb8aaf,https://gleaner.io/xid/genid/daj5tj8jo11s73e3t86g,47.05,-150.5
urn:gleaner.io:eco:earthchem:data:b4ea74aef0151f4adf3eb4a2d10c8bd041fb8aaf,https://gleaner.io/xid/genid/daj5tj8jo11s73e3t860,47.01,13.34
urn:gleaner.io:eco:earthchem:data:b4ea74aef0151f4adf3eb4a2d10c8bd041fb8aaf,https://gleaner.io/xid/genid/daj5tj8jo11s73e3t85g,43.75,-72.5
urn:gleaner.io:eco:earthchem:data:b4ea74aef0151f4adf3eb4a2d10c8bd041fb8aaf,https://gleaner.io/xid/genid/daj5tj8jo11s73e3t850,43.61,3.04
urn:gleaner.io:eco:earthchem:data:b4ea74aef0151f4adf3eb4a2d10c8bd041fb8aaf,https://gleaner.io/xid/genid/daj5tj8jo11s73e3t84g,22.85,86.24
urn:gleaner.io:eco:earthchem:data:b4ea74aef0151f4adf3eb4a2d10c8bd041fb8aaf,https://gleaner.io/xid/genid/daj5tj8jo11s73e3t840,-24.45,116.12
urn:gleaner.io:eco:earthchem:data:b4ea74aef0151f4adf3eb4a2d10c8bd041fb8aaf,https://gleaner.io/xid/genid/daj5tj8jo11s73e3t8h0,41.05,-3.53
urn:gleaner.io:eco:earthchem:data:b4ea74aef0151f4adf3eb4a2d10c8bd041fb8aaf,https://gleaner.io/xid/genid/daj5tj8jo11s73e3t8vg,5.25,8.25
urn:gleaner.io:eco:earthchem:data:b4ea74aef0151f4adf3eb4a2d10c8bd041fb8aaf,https://gleaner.io/xid/genid/daj5tj8jo11s73e3t8ug,44.84,-77.12
urn:gleaner.io:eco:earthchem:data:b4ea74aef0151f4adf3eb4a2d10c8bd041fb8aaf,https://gleaner.io/xid/genid/daj5tj8jo11s73e3t8u0,42.53,-108.74
urn:gleaner.io:eco:earthchem:data:b4ea74aef0151f4adf3eb4a2d10c8bd041fb8aaf,https://gleaner.io/xid/genid/daj5tj8jo11s73e3t8tg,25.2,33.72
urn:gleaner.io:eco:earthchem:data:b4ea74aef0151f4adf3eb4a2d10c8bd041fb8aaf,https://gleaner.io/xid/genid/daj5tj8jo11s73e3t8t0,-22,14.58
urn:gleaner.io:eco:earthchem:data:b4ea74aef0151f4adf3eb4a2d10c8bd041fb8aaf,https://gleaner.io/xid/genid/daj5tj8jo11s73e3t8q0,56.81,-3.05
urn:gleaner.io:eco:earthchem:data:b4ea74aef0151f4adf3eb4a2d10c8bd041fb8aaf,https://gleaner.io/xid/genid/daj5tj8jo11s73e3t8pg,49.35,16.42
urn:gleaner.io:eco:earthchem:data:b4ea74aef0151f4adf3eb4a2d10c8bd041fb8aaf,https://gleaner.io/xid/genid/daj5tj8jo11s73e3t8p0,48.7,-91.21
urn:gleaner.io:eco:earthchem:data:b4ea74aef0151f4adf3eb4a2d10c8bd041fb8aaf,https://gleaner.io/xid/genid/daj5tj8jo11s73e3t8og,37.13,25.52
urn:gleaner.io:eco:earthchem:data:b4ea74aef0151f4adf3eb4a2d10c8bd041fb8aaf,https://gleaner.io/xid/genid/daj5tj8jo11s73e3t8o0,35.2,83.5
urn:gleaner.io:eco:earthchem:data:b4ea74aef0151f4adf3eb4a2d10c8bd041fb8aaf,https://gleaner.io/xid/genid/daj5tj8jo11s73e3t8ng,33.1,77
urn:gleaner.io:eco:earthchem:data:b4ea74aef0151f4adf3eb4a2d10c8bd041fb8aaf,https://gleaner.io/xid/genid/daj5tj8jo11s73e3t8n0,-19,143.5
urn:gleaner.io:eco:earthchem:data:b4ea74aef0151f4adf3eb4a2d10c8bd041fb8aaf,https://gleaner.io/xid/genid/daj5tj8jo11s73e3t8mg,-22.02,132.65
urn:gleaner.io:eco:earthchem:data:b4ea74aef0151f4adf3eb4a2d10c8bd041fb8aaf,https://gleaner.io/xid/genid/daj5tj8jo11s73e3t8m0,49.71,-116.85
urn:gleaner.io:eco:earthchem:data:b4ea74aef0151f4adf3eb4a2d10c8bd041fb8aaf,https://gleaner.io/xid/genid/daj5tj8jo11s73e3t8lg,47.6,88.33
urn:gleaner.io:eco:earthchem:data:b4ea74aef0151f4adf3eb4a2d10c8bd041fb8aaf,https://gleaner.io/xid/genid/daj5tj8jo11s73e3t8l0,39.23,-114.14
urn:gleaner.io:eco:earthchem:data:b4ea74aef0151f4adf3eb4a2d10c8bd041fb8aaf,https://gleaner.io/xid/genid/daj5tj8jo11s73e3t8kg,27.99,86.92
urn:gleaner.io:eco:earthchem:data:b4ea74aef0151f4adf3eb4a2d10c8bd041fb8aaf,https://gleaner.io/xid/genid/daj5tj8jo11s73e3t8k0,-18.31,12.58
urn:gleaner.io:eco:earthchem:data:b4ea74aef0151f4adf3eb4a2d10c8bd041fb8aaf,https://gleaner.io/xid/genid/daj5tj8jo11s73e3t8ig,41.87,-113.79
urn:gleaner.io:eco:earthchem:data:b4ea74aef0151f4adf3eb4a2d10c8bd041fb8aaf,https://gleaner.io/xid/genid/daj5tj8jo11s73e3t8i0,54.86,-99.95
urn:gleaner.io:eco:earthchem:data:b4ea74aef0151f4adf3eb4a2d10c8bd041fb8aaf,https://gleaner.io/xid/genid/daj5tj8jo11s73e3t8hg,45.56,95.85
urn:gleaner.io:eco:earthchem:data:b4ea74aef0151f4adf3eb4a2d10c8bd041fb8aaf,https://gleaner.io/xid/genid/daj5tj8jo11s73e3t8gg,39.97,-75.7
urn:gleaner.io:eco:earthchem:data:bd8915ea4047e012cf93bb32f80895c314cb7c2c,https://gleaner.io/xid/genid/daj5tjojo11s73e3ukhg,34.93567,-79.82083
urn:gleaner.io:eco:earthchem:data:bd8915ea4047e012cf93bb32f80895c314cb7c2c,https://gleaner.io/xid/genid/daj5tjojo11s73e3uki0,35.06917,-79.84389
urn:gleaner.io:eco:earthchem:data:bd8915ea4047e012cf93bb32f80895c314cb7c2c,https://gleaner.io/xid/genid/daj5tjojo11s73e3ukig,35.108,-79.80417
urn:gleaner.io:eco:earthchem:data:bd8915ea4047e012cf93bb32f80895c314cb7c2c,https://gleaner.io/xid/genid/daj5tjojo11s73e3ukj0,36.10783,-78.76722
urn:gleaner.io:eco:earthchem:data:bd8915ea4047e012cf93bb32f80895c314cb7c2c,https://gleaner.io/xid/genid/daj5tjojo11s73e3ukjg,40.30883,-75.84806
urn:gleaner.io:eco:earthchem:data:bd8915ea4047e012cf93bb32f80895c314cb7c2c,https://gleaner.io/xid/genid/daj5tjojo11s73e3ukk0,40.64167,-74.57306
urn:gleaner.io:eco:earthchem:data:bd8915ea4047e012cf93bb32f80895c314cb7c2c,https://gleaner.io/xid/genid/daj5tjojo11s73e3ukkg,40.67217,-74.40889
urn:gleaner.io:eco:earthchem:data:bd8915ea4047e012cf93bb32f80895c314cb7c2c,https://gleaner.io/xid/genid/daj5tjojo11s73e3ukl0,40.81717,-74.32917
urn:gleaner.io:eco:earthchem:data:bd8915ea4047e012cf93bb32f80895c314cb7c2c,https://gleaner.io/xid/genid/daj5tjojo11s73e3ukgg,34.65133,-80.51694
urn:gleaner.io:eco:earthchem:data:bd8915ea4047e012cf93bb32f80895c314cb7c2c,https://gleaner.io/xid/genid/daj5tjojo11s73e3ukh0,34.6545,-82.03222
urn:gleaner.io:eco:earthchem:data:bd8915ea4047e012cf93bb32f80895c314cb7c2c,https://gleaner.io/xid/genid/daj5tjojo11s73e3ukg0,34.64217,-80.51722
urn:gleaner.io:eco:earthchem:data:bd8915ea4047e012cf93bb32f80895c314cb7c2c,https://gleaner.io/xid/genid/daj5tjojo11s73e3ukfg,34.2045,-81.05361
urn:gleaner.io:eco:earthchem:data:bd8915ea4047e012cf93bb32f80895c314cb7c2c,https://gleaner.io/xid/genid/daj5tjojo11s73e3ukf0,31.12778,7.346111
urn:gleaner.io:eco:earthchem:data:bd8915ea4047e012cf93bb32f80895c314cb7c2c,https://gleaner.io/xid/genid/daj5tjojo11s73e3ukdg,35.83517,-79.01333
urn:gleaner.io:eco:earthchem:data:bd8915ea4047e012cf93bb32f80895c314cb7c2c,https://gleaner.io/xid/genid/daj5tjojo11s73e3ukd0,35.758,-79.04639
urn:gleaner.io:eco:earthchem:data:bd8915ea4047e012cf93bb32f80895c314cb7c2c,https://gleaner.io/xid/genid/daj5tjojo11s73e3ukcg,34.7535,-83.4925
urn:gleaner.io:eco:earthchem:data:bd8915ea4047e012cf93bb32f80895c314cb7c2c,https://gleaner.io/xid/genid/daj5tjojo11s73e3ukc0,37.2907,-78.46056
urn:gleaner.io:eco:earthchem:data:c62523ced25e92b1b8f0a1415fbccf3f5d1a04f7,https://gleaner.io/xid/genid/daj5tk8jo11s73e3vgo0,40.6647643,-77.9040381
urn:gleaner.io:eco:earthchem:data:c62523ced25e92b1b8f0a1415fbccf3f5d1a04f7,https://gleaner.io/xid/genid/daj5tk8jo11s73e3vgog,40.664841,-77.9072532
urn:gleaner.io:eco:earthchem:data:c62523ced25e92b1b8f0a1415fbccf3f5d1a04f7,https://gleaner.io/xid/genid/daj5tk8jo11s73e3vgpg,40.6644474,-77.9056298
urn:gleaner.io:eco:earthchem:data:d823cb4e112e60a9a5a7d42b2528cc45541e075c,https://gleaner.io/xid/genid/daj5tl8jo11s73e41cd0,40.6647355,-77.907172
urn:gleaner.io:eco:earthchem:data:d823cb4e112e60a9a5a7d42b2528cc45541e075c,https://gleaner.io/xid/genid/daj5tl8jo11s73e41ce0,40.6648488,-77.9072458
urn:gleaner.io:eco:earthchem:data:d823cb4e112e60a9a5a7d42b2528cc45541e075c,https://gleaner.io/xid/genid/daj5tl8jo11s73e41cdg,40.6647688,-77.904123
urn:gleaner.io:eco:earthchem:data:d823cb4e112e60a9a5a7d42b2528cc45541e075c,https://gleaner.io/xid/genid/daj5tl8jo11s73e41ccg,40.6646233,-77.9063289
urn:gleaner.io:eco:earthchem:data:d823cb4e112e60a9a5a7d42b2528cc45541e075c,https://gleaner.io/xid/genid/daj5tl8jo11s73e41cc0,40.664476,-77.90517
urn:gleaner.io:eco:earthchem:data:d823cb4e112e60a9a5a7d42b2528cc45541e075c,https://gleaner.io/xid/genid/daj5tl8jo11s73e41cbg,40.664467,-77.9050253
urn:gleaner.io:eco:earthchem:data:e3d89b68d8a10679f2cf7d7e4d4c2de1f1cd5795,https://gleaner.io/xid/genid/daj5tm8jo11s73e42k8g,39.611667,-74.436667
urn:gleaner.io:eco:earthchem:data:f316c67327fc857cbca4d372ec5ed4debb9692b5,https://gleaner.io/xid/genid/daj5tn8jo11s73e448tg,40.6644664,-77.9062619
urn:gleaner.io:eco:earthchem:data:f316c67327fc857cbca4d372ec5ed4debb9692b5,https://gleaner.io/xid/genid/daj5tn8jo11s73e44940,40.6641887,-77.9063285
urn:gleaner.io:eco:earthchem:data:f316c67327fc857cbca4d372ec5ed4debb9692b5,https://gleaner.io/xid/genid/daj5tn8jo11s73e4493g,40.6638863,-77.9063721
urn:gleaner.io:eco:earthchem:data:f316c67327fc857cbca4d372ec5ed4debb9692b5,https://gleaner.io/xid/genid/daj5tn8jo11s73e44900,40.6637476,-77.9052877
urn:gleaner.io:eco:earthchem:data:f316c67327fc857cbca4d372ec5ed4debb9692b5,https://gleaner.io/xid/genid/daj5tn8jo11s73e448t0,40.6643896,-77.9056832
urn:gleaner.io:eco:earthchem:data:f316c67327fc857cbca4d372ec5ed4debb9692b5,https://gleaner.io/xid/genid/daj5tn8jo11s73e448sg,40.6640168,-77.9056064
urn:gleaner.io:eco:earthchem:data:f643ab77bdd7cde24c7327a6a9e11e8eaea2fbc6,https://gleaner.io/xid/genid/daj5tn8jo11s73e44iog,40.6644664,-77.9062619
urn:gleaner.io:eco:earthchem:data:f643ab77bdd7cde24c7327a6a9e11e8eaea2fbc6,https://gleaner.io/xid/genid/daj5tn8jo11s73e44iqg,40.6653323,-77.9044012
urn:gleaner.io:eco:earthchem:data:f643ab77bdd7cde24c7327a6a9e11e8eaea2fbc6,https://gleaner.io/xid/genid/daj5tn8jo11s73e44iq0,40.6653246,-77.9047653
urn:gleaner.io:eco:earthchem:data:f643ab77bdd7cde24c7327a6a9e11e8eaea2fbc6,https://gleaner.io/xid/genid/daj5tn8jo11s73e44ipg,40.6648406,-77.9047045
urn:gleaner.io:eco:earthchem:data:f643ab77bdd7cde24c7327a6a9e11e8eaea2fbc6,https://gleaner.io/xid/genid/daj5tn8jo11s73e44ip0,40.6648238,-77.904242
urn:gleaner.io:eco:earthchem:data:f643ab77bdd7cde24c7327a6a9e11e8eaea2fbc6,https://gleaner.io/xid/genid/daj5tn8jo11s73e44io0,40.6640168,-77.9056064
urn:gleaner.io:eco:earthchem:data:f643ab77bdd7cde24c7327a6a9e11e8eaea2fbc6,https://gleaner.io/xid/genid/daj5tn8jo11s73e44in0,40.6637476,-77.9052877
urn:gleaner.io:eco:earthchem:data:f643ab77bdd7cde24c7327a6a9e11e8eaea2fbc6,https://gleaner.io/xid/genid/daj5tn8jo11s73e44ing,40.6638863,-77.9063721
urn:gleaner.io:eco:earthchem:data:f643ab77bdd7cde24c7327a6a9e11e8eaea2fbc6,https://gleaner.io/xid/genid/daj5tn8jo11s73e44im0,40.6656859,-77.9042552
urn:gleaner.io:eco:earthchem:data:f643ab77bdd7cde24c7327a6a9e11e8eaea2fbc6,https://gleaner.io/xid/genid/daj5tn8jo11s73e44ilg,40.6643896,-77.9056832
urn:gleaner.io:eco:earthchem:data:f643ab77bdd7cde24c7327a6a9e11e8eaea2fbc6,https://gleaner.io/xid/genid/daj5tn8jo11s73e44ikg,40.6655776,-77.9047052
urn:gleaner.io:eco:earthchem:data:f643ab77bdd7cde24c7327a6a9e11e8eaea2fbc6,https://gleaner.io/xid/genid/daj5tn8jo11s73e44ik0,40.6641887,-77.9063285
urn:gleaner.io:eco:earthchem:data:f7b91d3efda3499f2684356bec7ee3ee4d0e78b8,https://gleaner.io/xid/genid/daj5tn8jo11s73e44nsg,40.6644664,-77.9062619
urn:gleaner.io:eco:earthchem:data:f7b91d3efda3499f2684356bec7ee3ee4d0e78b8,https://gleaner.io/xid/genid/daj5tn8jo11s73e44ns0,40.6641887,-77.9063285
urn:gleaner.io:eco:earthchem:data:f7b91d3efda3499f2684356bec7ee3ee4d0e78b8,https://gleaner.io/xid/genid/daj5tn8jo11s73e44nrg,40.6638863,-77.9063721
urn:gleaner.io:eco:earthchem:data:f7b91d3efda3499f2684356bec7ee3ee4d0e78b8,https://gleaner.io/xid/genid/daj5tn8jo11s73e44nr0,40.6637476,-77.9052877
urn:gleaner.io:eco:earthchem:data:f7b91d3efda3499f2684356bec7ee3ee4d0e78b8,https://gleaner.io/xid/genid/daj5tn8jo11s73e44nl0,40.6643896,-77.9056832
urn:gleaner.io:eco:earthchem:data:f7b91d3efda3499f2684356bec7ee3ee4d0e78b8,https://gleaner.io/xid/genid/daj5tn8jo11s73e44nkg,40.6640168,-77.9056064
urn:gleaner.io:eco:earthchem:data:fab5525eca2cfc728f8116fa3df52024577b7257,https://gleaner.io/xid/genid/daj5tngjo11s73e454bg,40.610686,-78.006688
urn:gleaner.io:eco:earthchem:data:fab5525eca2cfc728f8116fa3df52024577b7257,https://gleaner.io/xid/genid/daj5tngjo11s73e454a0,40.635039,-77.941928
urn:gleaner.io:eco:earthchem:data:fab5525eca2cfc728f8116fa3df52024577b7257,https://gleaner.io/xid/genid/daj5tngjo11s73e4549g,40.673619,-77.902569
urn:gleaner.io:eco:earthchem:data:fab5525eca2cfc728f8116fa3df52024577b7257,https://gleaner.io/xid/genid/daj5tngjo11s73e45490,40.656772,-77.918722
urn:gleaner.io:eco:earthchem:data:fab5525eca2cfc728f8116fa3df52024577b7257,https://gleaner.io/xid/genid/daj5tngjo11s73e45480,40.633572,-77.941844
urn:gleaner.io:eco:earthchem:data:fab5525eca2cfc728f8116fa3df52024577b7257,https://gleaner.io/xid/genid/daj5tngjo11s73e4546g,40.633491,-77.941958
urn:gleaner.io:eco:earthchem:data:fab5525eca2cfc728f8116fa3df52024577b7257,https://gleaner.io/xid/genid/daj5tngjo11s73e4548g,40.63525,-77.937256
urn:gleaner.io:eco:iedadata:data:058270aac77fda980dacc0732246eab371126a62,https://gleaner.io/xid/genid/da5dct0jo11s73fge4g0,40.6637476,-77.9052877
urn:gleaner.io:eco:iedadata:data:058270aac77fda980dacc0732246eab371126a62,https://gleaner.io/xid/genid/da5dct0jo11s73fge4m0,40.6640168,-77.9056064
urn:gleaner.io:eco:iedadata:data:058270aac77fda980dacc0732246eab371126a62,https://gleaner.io/xid/genid/da5dct0jo11s73fge4i0,40.6638863,-77.9063721
urn:gleaner.io:eco:iedadata:data:058270aac77fda980dacc0732246eab371126a62,https://gleaner.io/xid/genid/da5dct0jo11s73fge4d0,40.6644664,-77.9062619
urn:gleaner.io:eco:iedadata:data:058270aac77fda980dacc0732246eab371126a62,https://gleaner.io/xid/genid/da5dct0jo11s73fge4cg,40.6643896,-77.9056832
urn:gleaner.io:eco:iedadata:data:058270aac77fda980dacc0732246eab371126a62,https://gleaner.io/xid/genid/da5dct0jo11s73fge4bg,40.6641887,-77.9063285
urn:gleaner.io:eco:iedadata:data:068613c6df4709af1369fd888c387988128ad706,https://gleaner.io/xid/genid/da5dctgjo11s73fgf5u0,40.6658,-77.409017
urn:gleaner.io:eco:iedadata:data:1595be9ce73dde63cac128d2300abd674410cc95,https://gleaner.io/xid/genid/da5dd6ojo11s73fgqahg,40.635703,-77.942138
urn:gleaner.io:eco:iedadata:data:1595be9ce73dde63cac128d2300abd674410cc95,https://gleaner.io/xid/genid/da5dd6ojo11s73fgqaig,40.6362,-77.94234
urn:gleaner.io:eco:iedadata:data:1595be9ce73dde63cac128d2300abd674410cc95,https://gleaner.io/xid/genid/da5dd6ojo11s73fgqaj0,40.63642,-77.94222
urn:gleaner.io:eco:iedadata:data:1595be9ce73dde63cac128d2300abd674410cc95,https://gleaner.io/xid/genid/da5dd6ojo11s73fgqagg,40.6349,-77.941192
urn:gleaner.io:eco:iedadata:data:1595be9ce73dde63cac128d2300abd674410cc95,https://gleaner.io/xid/genid/da5dd6ojo11s73fgqalg,40.63587,-77.94251
urn:gleaner.io:eco:iedadata:data:1595be9ce73dde63cac128d2300abd674410cc95,https://gleaner.io/xid/genid/da5dd6ojo11s73fgqas0,40.633555,-77.94194
urn:gleaner.io:eco:iedadata:data:1595be9ce73dde63cac128d2300abd674410cc95,https://gleaner.io/xid/genid/da5dd6ojo11s73fgqaa0,40.63617,-77.9424
urn:gleaner.io:eco:iedadata:data:1595be9ce73dde63cac128d2300abd674410cc95,https://gleaner.io/xid/genid/da5dd6ojo11s73fgqasg,40.635019,-77.941936
urn:gleaner.io:eco:iedadata:data:1595be9ce73dde63cac128d2300abd674410cc95,https://gleaner.io/xid/genid/da5dd6ojo11s73fgqal0,40.63551,-77.942023
urn:gleaner.io:eco:iedadata:data:1595be9ce73dde63cac128d2300abd674410cc95,https://gleaner.io/xid/genid/da5dd6ojo11s73fgqa90,40.63589,-77.94214
urn:gleaner.io:eco:iedadata:data:1595be9ce73dde63cac128d2300abd674410cc95,https://gleaner.io/xid/genid/da5dd6ojo11s73fgqat0,40.635846,-77.942376
urn:gleaner.io:eco:iedadata:data:1595be9ce73dde63cac128d2300abd674410cc95,https://gleaner.io/xid/genid/da5dd6ojo11s73fgqab0,40.63641,-77.94223
urn:gleaner.io:eco:iedadata:data:1595be9ce73dde63cac128d2300abd674410cc95,https://gleaner.io/xid/genid/da5dd6ojo11s73fgqadg,40.635912,-77.942201
urn:gleaner.io:eco:iedadata:data:1595be9ce73dde63cac128d2300abd674410cc95,https://gleaner.io/xid/genid/da5dd6ojo11s73fgqaeg,40.63623,-77.9424
urn:gleaner.io:eco:iedadata:data:1595be9ce73dde63cac128d2300abd674410cc95,https://gleaner.io/xid/genid/da5dd6ojo11s73fgqaf0,40.636857,-77.942741
urn:gleaner.io:eco:iedadata:data:15a61cfe48c3a92ca154e6c660ed5bd3cdbf674c,https://gleaner.io/xid/genid/da5dd6ojo11s73fgqb2g,40.633491,-77.941958
urn:gleaner.io:eco:iedadata:data:15a61cfe48c3a92ca154e6c660ed5bd3cdbf674c,https://gleaner.io/xid/genid/da5dd6ojo11s73fgqb30,40.635039,-77.941928
urn:gleaner.io:eco:iedadata:data:15a61cfe48c3a92ca154e6c660ed5bd3cdbf674c,https://gleaner.io/xid/genid/da5dd6ojo11s73fgqb5g,40.656772,-77.918722
urn:gleaner.io:eco:iedadata:data:15a61cfe48c3a92ca154e6c660ed5bd3cdbf674c,https://gleaner.io/xid/genid/da5dd6ojo11s73fgqb6g,40.63525,-77.937256
urn:gleaner.io:eco:iedadata:data:15a61cfe48c3a92ca154e6c660ed5bd3cdbf674c,https://gleaner.io/xid/genid/da5dd6ojo11s73fgqb7g,40.673619,-77.902569
urn:gleaner.io:eco:iedadata:data:15a61cfe48c3a92ca154e6c660ed5bd3cdbf674c,https://gleaner.io/xid/genid/da5dd6ojo11s73fgqb80,40.610686,-78.006688
urn:gleaner.io:eco:iedadata:data:15a61cfe48c3a92ca154e6c660ed5bd3cdbf674c,https://gleaner.io/xid/genid/da5dd6ojo11s73fgqbdg,40.633572,-77.941844
urn:gleaner.io:eco:iedadata:data:1eafeaab2069645e896a9102d7e1898e051a0ba2,https://gleaner.io/xid/genid/da5ddc8jo11s73fh2at0,40.6644474,-77.9056298
urn:gleaner.io:eco:iedadata:data:1eafeaab2069645e896a9102d7e1898e051a0ba2,https://gleaner.io/xid/genid/da5ddc8jo11s73fh2au0,40.6648488,-77.9072458
urn:gleaner.io:eco:iedadata:data:1eafeaab2069645e896a9102d7e1898e051a0ba2,https://gleaner.io/xid/genid/da5ddc8jo11s73fh2aug,40.664841,-77.9072532
urn:gleaner.io:eco:iedadata:data:1eafeaab2069645e896a9102d7e1898e051a0ba2,https://gleaner.io/xid/genid/da5ddc8jo11s73fh2b70,40.6647643,-77.9040381
urn:gleaner.io:eco:iedadata:data:427538a1df80eaf22b84a7c27cd5129e2990bbe2,https://gleaner.io/xid/genid/da5ddpgjo11s73fhjesg,40.6644664,-77.9062619
urn:gleaner.io:eco:iedadata:data:427538a1df80eaf22b84a7c27cd5129e2990bbe2,https://gleaner.io/xid/genid/da5ddpgjo11s73fhjes0,40.6641887,-77.9063285
urn:gleaner.io:eco:iedadata:data:427538a1df80eaf22b84a7c27cd5129e2990bbe2,https://gleaner.io/xid/genid/da5ddpgjo11s73fhjerg,40.6638863,-77.9063721
urn:gleaner.io:eco:iedadata:data:4bd9f4bdc83760f1f4210096b07a9fe8f0c830cc,https://gleaner.io/xid/genid/da5ddtgjo11s73fhnhfg,40.6644474,-77.9056298
urn:gleaner.io:eco:iedadata:data:4bd9f4bdc83760f1f4210096b07a9fe8f0c830cc,https://gleaner.io/xid/genid/da5ddtgjo11s73fhnhgg,40.6647643,-77.9040381
urn:gleaner.io:eco:iedadata:data:4bd9f4bdc83760f1f4210096b07a9fe8f0c830cc,https://gleaner.io/xid/genid/da5ddtgjo11s73fhnhhg,40.664841,-77.9072532
urn:gleaner.io:eco:iedadata:data:4bd9f4bdc83760f1f4210096b07a9fe8f0c830cc,https://gleaner.io/xid/genid/da5ddtgjo11s73fhnhi0,40.6648488,-77.9072458
urn:gleaner.io:eco:iedadata:data:4f021a7adfcbb3e77812dd197db8c7dbe49b8139,https://gleaner.io/xid/genid/da5dduojo11s73fhpp8g,40.6648238,-77.904242
urn:gleaner.io:eco:iedadata:data:4f021a7adfcbb3e77812dd197db8c7dbe49b8139,https://gleaner.io/xid/genid/da5dduojo11s73fhppp0,40.6644664,-77.9062619
urn:gleaner.io:eco:iedadata:data:4f021a7adfcbb3e77812dd197db8c7dbe49b8139,https://gleaner.io/xid/genid/da5dduojo11s73fhppog,40.6637476,-77.9052877
urn:gleaner.io:eco:iedadata:data:4f021a7adfcbb3e77812dd197db8c7dbe49b8139,https://gleaner.io/xid/genid/da5dduojo11s73fhppl0,40.6655776,-77.9047052
urn:gleaner.io:eco:iedadata:data:4f021a7adfcbb3e77812dd197db8c7dbe49b8139,https://gleaner.io/xid/genid/da5dduojo11s73fhppk0,40.6641887,-77.9063285
urn:gleaner.io:eco:iedadata:data:4f021a7adfcbb3e77812dd197db8c7dbe49b8139,https://gleaner.io/xid/genid/da5dduojo11s73fhppj0,40.6640168,-77.9056064
urn:gleaner.io:eco:iedadata:data:4f021a7adfcbb3e77812dd197db8c7dbe49b8139,https://gleaner.io/xid/genid/da5dduojo11s73fhpphg,40.6638863,-77.9063721
urn:gleaner.io:eco:iedadata:data:4f021a7adfcbb3e77812dd197db8c7dbe49b8139,https://gleaner.io/xid/genid/da5dduojo11s73fhppfg,40.6653323,-77.9044012
urn:gleaner.io:eco:iedadata:data:4f021a7adfcbb3e77812dd197db8c7dbe49b8139,https://gleaner.io/xid/genid/da5dduojo11s73fhppf0,40.6653246,-77.9047653
urn:gleaner.io:eco:iedadata:data:4f021a7adfcbb3e77812dd197db8c7dbe49b8139,https://gleaner.io/xid/genid/da5dduojo11s73fhppag,40.6656859,-77.9042552
urn:gleaner.io:eco:iedadata:data:4f021a7adfcbb3e77812dd197db8c7dbe49b8139,https://gleaner.io/xid/genid/da5dduojo11s73fhpp9g,40.6648406,-77.9047045
urn:gleaner.io:eco:iedadata:data:4f021a7adfcbb3e77812dd197db8c7dbe49b8139,https://gleaner.io/xid/genid/da5dduojo11s73fhppi0,40.6643896,-77.9056832
urn:gleaner.io:eco:iedadata:data:54002aa87eca1970435b190f918fd8ae859373d1,https://gleaner.io/xid/genid/da5de0ojo11s73fhru50,40.47708695,-79.92745282
urn:gleaner.io:eco:iedadata:data:54002aa87eca1970435b190f918fd8ae859373d1,https://gleaner.io/xid/genid/da5de0ojo11s73fhru40,40.492222,-80.043611
urn:gleaner.io:eco:iedadata:data:54002aa87eca1970435b190f918fd8ae859373d1,https://gleaner.io/xid/genid/da5de0ojo11s73fhru3g,40.47708695,-79.94632075
urn:gleaner.io:eco:iedadata:data:54002aa87eca1970435b190f918fd8ae859373d1,https://gleaner.io/xid/genid/da5de0ojo11s73fhru2g,40.433611,-79.946389
urn:gleaner.io:eco:iedadata:data:54002aa87eca1970435b190f918fd8ae859373d1,https://gleaner.io/xid/genid/da5de0ojo11s73fhru1g,40.4125,-79.933333
urn:gleaner.io:eco:iedadata:data:54002aa87eca1970435b190f918fd8ae859373d1,https://gleaner.io/xid/genid/da5de0ojo11s73fhru0g,40.4838875981381,-79.95546781
urn:gleaner.io:eco:iedadata:data:54002aa87eca1970435b190f918fd8ae859373d1,https://gleaner.io/xid/genid/da5de0ojo11s73fhrtv0,40.4492,-80.0481
urn:gleaner.io:eco:iedadata:data:54002aa87eca1970435b190f918fd8ae859373d1,https://gleaner.io/xid/genid/da5de0ojo11s73fhrtu0,40.426748,-80.003039
urn:gleaner.io:eco:iedadata:data:54002aa87eca1970435b190f918fd8ae859373d1,https://gleaner.io/xid/genid/da5de0ojo11s73fhrttg,40.4615,-80.00369
urn:gleaner.io:eco:iedadata:data:54002aa87eca1970435b190f918fd8ae859373d1,https://gleaner.io/xid/genid/da5de0ojo11s73fhrtt0,40.4416,-80.0048
urn:gleaner.io:eco:iedadata:data:54002aa87eca1970435b190f918fd8ae859373d1,https://gleaner.io/xid/genid/da5de0ojo11s73fhrts0,40.43360869,-79.96518867
urn:gleaner.io:eco:iedadata:data:54002aa87eca1970435b190f918fd8ae859373d1,https://gleaner.io/xid/genid/da5de0ojo11s73fhrtr0,40.406389,-79.928889
urn:gleaner.io:eco:iedadata:data:54002aa87eca1970435b190f918fd8ae859373d1,https://gleaner.io/xid/genid/da5de0ojo11s73fhrtpg,40.470833,-80.01277
urn:gleaner.io:eco:iedadata:data:54002aa87eca1970435b190f918fd8ae859373d1,https://gleaner.io/xid/genid/da5de0ojo11s73fhru7g,40.418955896596,-79.99318517
urn:gleaner.io:eco:iedadata:data:54002aa87eca1970435b190f918fd8ae859373d1,https://gleaner.io/xid/genid/da5de0ojo11s73fhru8g,40.43360869,-79.9558
urn:gleaner.io:eco:iedadata:data:54002aa87eca1970435b190f918fd8ae859373d1,https://gleaner.io/xid/genid/da5de0ojo11s73fhru9g,40.4219,-80.029929
urn:gleaner.io:eco:iedadata:data:54002aa87eca1970435b190f918fd8ae859373d1,https://gleaner.io/xid/genid/da5de0ojo11s73fhrub0,40.47,-79.9935
urn:gleaner.io:eco:iedadata:data:54002aa87eca1970435b190f918fd8ae859373d1,https://gleaner.io/xid/genid/da5de0ojo11s73fhrud0,40.469722,-79.991389
urn:gleaner.io:eco:iedadata:data:54002aa87eca1970435b190f918fd8ae859373d1,https://gleaner.io/xid/genid/da5de0ojo11s73fhruf0,40.4318,-80.018
urn:gleaner.io:eco:iedadata:data:54002aa87eca1970435b190f918fd8ae859373d1,https://gleaner.io/xid/genid/da5de0ojo11s73fhrug0,40.412222,-79.936389
urn:gleaner.io:eco:iedadata:data:54002aa87eca1970435b190f918fd8ae859373d1,https://gleaner.io/xid/genid/da5de0ojo11s73fhruh0,40.4555,-80.021109
urn:gleaner.io:eco:iedadata:data:54002aa87eca1970435b190f918fd8ae859373d1,https://gleaner.io/xid/genid/da5de0ojo11s73fhruj0,40.4314,-79.97329
urn:gleaner.io:eco:iedadata:data:54002aa87eca1970435b190f918fd8ae859373d1,https://gleaner.io/xid/genid/da5de0ojo11s73fhrujg,40.4404,-79.99339
urn:gleaner.io:eco:iedadata:data:54002aa87eca1970435b190f918fd8ae859373d1,https://gleaner.io/xid/genid/da5de0ojo11s73fhrukg,40.468889,-80.022222
urn:gleaner.io:eco:iedadata:data:54002aa87eca1970435b190f918fd8ae859373d1,https://gleaner.io/xid/genid/da5de0ojo11s73fhrumg,40.455282,-79.973389
urn:gleaner.io:eco:iedadata:data:54002aa87eca1970435b190f918fd8ae859373d1,https://gleaner.io/xid/genid/da5de0ojo11s73fhrt90,40.4346,-80.03372
urn:gleaner.io:eco:iedadata:data:54002aa87eca1970435b190f918fd8ae859373d1,https://gleaner.io/xid/genid/da5de0ojo11s73fhrto0,40.438333,-79.9347219
urn:gleaner.io:eco:iedadata:data:54002aa87eca1970435b190f918fd8ae859373d1,https://gleaner.io/xid/genid/da5de0ojo11s73fhrt3g,40.45534782,-79.955754709
urn:gleaner.io:eco:iedadata:data:54002aa87eca1970435b190f918fd8ae859373d1,https://gleaner.io/xid/genid/da5de0ojo11s73fhrt4g,40.39737681,-80.03122639
urn:gleaner.io:eco:iedadata:data:54002aa87eca1970435b190f918fd8ae859373d1,https://gleaner.io/xid/genid/da5de0ojo11s73fhrt5g,40.401944,-79.944444
urn:gleaner.io:eco:iedadata:data:54002aa87eca1970435b190f918fd8ae859373d1,https://gleaner.io/xid/genid/da5de0ojo11s73fhrt6g,40.40462318,-80.03122639
urn:gleaner.io:eco:iedadata:data:54002aa87eca1970435b190f918fd8ae859373d1,https://gleaner.io/xid/genid/da5de0ojo11s73fhrt70,40.4625,-79.983889
urn:gleaner.io:eco:iedadata:data:54002aa87eca1970435b190f918fd8ae859373d1,https://gleaner.io/xid/genid/da5de0ojo11s73fhrt80,40.4625942,-79.936886779
urn:gleaner.io:eco:iedadata:data:54002aa87eca1970435b190f918fd8ae859373d1,https://gleaner.io/xid/genid/da5de0ojo11s73fhrt8g,40.463,-79.9838
urn:gleaner.io:eco:iedadata:data:54002aa87eca1970435b190f918fd8ae859373d1,https://gleaner.io/xid/genid/da5de0ojo11s73fhrtp0,40.46984058,-79.96518867
urn:gleaner.io:eco:iedadata:data:54002aa87eca1970435b190f918fd8ae859373d1,https://gleaner.io/xid/genid/da5de0ojo11s73fhrt9g,40.4559,-79.9932
urn:gleaner.io:eco:iedadata:data:54002aa87eca1970435b190f918fd8ae859373d1,https://gleaner.io/xid/genid/da5de0ojo11s73fhrta0,40.4609,-80.0419
urn:gleaner.io:eco:iedadata:data:54002aa87eca1970435b190f918fd8ae859373d1,https://gleaner.io/xid/genid/da5de0ojo11s73fhrtag,40.4778880909225,-79.955733969
urn:gleaner.io:eco:iedadata:data:54002aa87eca1970435b190f918fd8ae859373d1,https://gleaner.io/xid/genid/da5de0ojo11s73fhrtb0,40.4838,-80.0126
urn:gleaner.io:eco:iedadata:data:54002aa87eca1970435b190f918fd8ae859373d1,https://gleaner.io/xid/genid/da5de0ojo11s73fhrtc0,40.411944,-79.976389
urn:gleaner.io:eco:iedadata:data:54002aa87eca1970435b190f918fd8ae859373d1,https://gleaner.io/xid/genid/da5de0ojo11s73fhrtd0,40.4625942,-79.92745282
urn:gleaner.io:eco:iedadata:data:54002aa87eca1970435b190f918fd8ae859373d1,https://gleaner.io/xid/genid/da5de0ojo11s73fhrtcg,40.403611,-79.993056
urn:gleaner.io:eco:iedadata:data:54002aa87eca1970435b190f918fd8ae859373d1,https://gleaner.io/xid/genid/da5de0ojo11s73fhrtn0,40.397222,-79.992778
urn:gleaner.io:eco:iedadata:data:54002aa87eca1970435b190f918fd8ae859373d1,https://gleaner.io/xid/genid/da5de0ojo11s73fhrtlg,40.404444,-80.014444
urn:gleaner.io:eco:iedadata:data:54002aa87eca1970435b190f918fd8ae859373d1,https://gleaner.io/xid/genid/da5de0ojo11s73fhrtkg,40.485,-79.966667
urn:gleaner.io:eco:iedadata:data:54002aa87eca1970435b190f918fd8ae859373d1,https://gleaner.io/xid/genid/da5de0ojo11s73fhrtk0,40.456389,-80.024167
urn:gleaner.io:eco:iedadata:data:54002aa87eca1970435b190f918fd8ae859373d1,https://gleaner.io/xid/genid/da5de0ojo11s73fhrtj0,40.41424,-80.03994
urn:gleaner.io:eco:iedadata:data:54002aa87eca1970435b190f918fd8ae859373d1,https://gleaner.io/xid/genid/da5de0ojo11s73fhrti0,40.4847,-80.0318
urn:gleaner.io:eco:iedadata:data:54002aa87eca1970435b190f918fd8ae859373d1,https://gleaner.io/xid/genid/da5de0ojo11s73fhrth0,40.4624,-80.030277
urn:gleaner.io:eco:iedadata:data:54002aa87eca1970435b190f918fd8ae859373d1,https://gleaner.io/xid/genid/da5de0ojo11s73fhrtgg,40.4319,-80.05249
urn:gleaner.io:eco:iedadata:data:54002aa87eca1970435b190f918fd8ae859373d1,https://gleaner.io/xid/genid/da5de0ojo11s73fhrtf0,40.5025,-79.994722
urn:gleaner.io:eco:iedadata:data:54002aa87eca1970435b190f918fd8ae859373d1,https://gleaner.io/xid/genid/da5de0ojo11s73fhrte0,40.47708695,-79.955754709
urn:gleaner.io:eco:iedadata:data:76ad285b404f100d49cfc748d98f4d0fef5c2c4d,https://gleaner.io/xid/genid/da5dem0jo11s73fil980,40.636397,-77.942061
urn:gleaner.io:eco:iedadata:data:76ad285b404f100d49cfc748d98f4d0fef5c2c4d,https://gleaner.io/xid/genid/da5dem0jo11s73fil90g,40.6371,-77.94305
urn:gleaner.io:eco:iedadata:data:76ad285b404f100d49cfc748d98f4d0fef5c2c4d,https://gleaner.io/xid/genid/da5dem0jo11s73fil8u0,40.6385,-77.9411
urn:gleaner.io:eco:iedadata:data:76ad285b404f100d49cfc748d98f4d0fef5c2c4d,https://gleaner.io/xid/genid/da5dem0jo11s73fil8q0,40.6358,-77.9373
urn:gleaner.io:eco:iedadata:data:76ad285b404f100d49cfc748d98f4d0fef5c2c4d,https://gleaner.io/xid/genid/da5dem0jo11s73fil8og,40.63367,-77.94095
urn:gleaner.io:eco:iedadata:data:76ad285b404f100d49cfc748d98f4d0fef5c2c4d,https://gleaner.io/xid/genid/da5dem0jo11s73fil7cg,40.63607,-77.94255
urn:gleaner.io:eco:iedadata:data:76ad285b404f100d49cfc748d98f4d0fef5c2c4d,https://gleaner.io/xid/genid/da5dem0jo11s73fil76g,40.6356,-77.9372
urn:gleaner.io:eco:iedadata:data:76ad285b404f100d49cfc748d98f4d0fef5c2c4d,https://gleaner.io/xid/genid/da5dem0jo11s73fil760,40.6333,-77.9372
urn:gleaner.io:eco:iedadata:data:7a84c3b9fa060d3d365f43c7715a5341c127e4c4,https://gleaner.io/xid/genid/da5den8jo11s73fimg8g,40.6647109,-77.9069217
urn:gleaner.io:eco:iedadata:data:7a84c3b9fa060d3d365f43c7715a5341c127e4c4,https://gleaner.io/xid/genid/da5den8jo11s73fimg9g,40.6648488,-77.9072458
urn:gleaner.io:eco:iedadata:data:7a84c3b9fa060d3d365f43c7715a5341c127e4c4,https://gleaner.io/xid/genid/da5den8jo11s73fimg80,40.664476,-77.90517
urn:gleaner.io:eco:iedadata:data:7a84c3b9fa060d3d365f43c7715a5341c127e4c4,https://gleaner.io/xid/genid/da5den8jo11s73fimg7g,40.664761,-77.9069969
urn:gleaner.io:eco:iedadata:data:7a84c3b9fa060d3d365f43c7715a5341c127e4c4,https://gleaner.io/xid/genid/da5den8jo11s73fimg2g,40.6647688,-77.904123
urn:gleaner.io:eco:iedadata:data:7a84c3b9fa060d3d365f43c7715a5341c127e4c4,https://gleaner.io/xid/genid/da5den8jo11s73fimg1g,40.6647061,-77.9070646
urn:gleaner.io:eco:iedadata:data:808b60863cab0c1621a9993a50b25fa4e8075b22,https://gleaner.io/xid/genid/da5depgjo11s73fioqf0,40.666664,-77.902778
urn:gleaner.io:eco:iedadata:data:808b60863cab0c1621a9993a50b25fa4e8075b22,https://gleaner.io/xid/genid/da5depgjo11s73fioqhg,40.610686,-78.006689
urn:gleaner.io:eco:iedadata:data:808b60863cab0c1621a9993a50b25fa4e8075b22,https://gleaner.io/xid/genid/da5depgjo11s73fioqmg,40.673619,-77.902569
urn:gleaner.io:eco:iedadata:data:808b60863cab0c1621a9993a50b25fa4e8075b22,https://gleaner.io/xid/genid/da5depgjo11s73fioqq0,40.656772,-77.918722
urn:gleaner.io:eco:iedadata:data:872ce6e874593a8ff1b0cdf244935aa4599a4c9e,https://gleaner.io/xid/genid/da5des8jo11s73fir1cg,40.540893,-79.834799
urn:gleaner.io:eco:iedadata:data:8efb6aed3939c920247bfe441a426eadc8977667,https://gleaner.io/xid/genid/da5deuojo11s73fiu46g,40.6644474,-77.9056298
urn:gleaner.io:eco:iedadata:data:8efb6aed3939c920247bfe441a426eadc8977667,https://gleaner.io/xid/genid/da5deuojo11s73fiu4hg,40.6648488,-77.9072458
urn:gleaner.io:eco:iedadata:data:8efb6aed3939c920247bfe441a426eadc8977667,https://gleaner.io/xid/genid/da5deuojo11s73fiu47g,40.6647643,-77.9040381
urn:gleaner.io:eco:iedadata:data:8efb6aed3939c920247bfe441a426eadc8977667,https://gleaner.io/xid/genid/da5deuojo11s73fiu45g,40.664841,-77.9072532
urn:gleaner.io:eco:iedadata:data:a6462d28a477a336574d0e7bc5704fe26b69246e,https://gleaner.io/xid/genid/da5dh38jo11s73fjrqjg,40.664841,-77.9072532
urn:gleaner.io:eco:iedadata:data:a6462d28a477a336574d0e7bc5704fe26b69246e,https://gleaner.io/xid/genid/da5dh38jo11s73fjrqn0,40.6647643,-77.9040381
urn:gleaner.io:eco:iedadata:data:a6462d28a477a336574d0e7bc5704fe26b69246e,https://gleaner.io/xid/genid/da5dh38jo11s73fjrqj0,40.6644474,-77.9056298
urn:gleaner.io:eco:iedadata:data:abf118109bb6bc13e48fe40762c395a8486cebc5,https://gleaner.io/xid/genid/da5dh5ojo11s73fjv5pg,40.6640168,-77.9056064
urn:gleaner.io:eco:iedadata:data:abf118109bb6bc13e48fe40762c395a8486cebc5,https://gleaner.io/xid/genid/da5dh5ojo11s73fjv640,40.6653246,-77.9047653
urn:gleaner.io:eco:iedadata:data:abf118109bb6bc13e48fe40762c395a8486cebc5,https://gleaner.io/xid/genid/da5dh5ojo11s73fjv63g,40.6643896,-77.9056832
urn:gleaner.io:eco:iedadata:data:abf118109bb6bc13e48fe40762c395a8486cebc5,https://gleaner.io/xid/genid/da5dh5ojo11s73fjv5tg,40.6653323,-77.9044012
urn:gleaner.io:eco:iedadata:data:abf118109bb6bc13e48fe40762c395a8486cebc5,https://gleaner.io/xid/genid/da5dh5ojo11s73fjv5sg,40.6648238,-77.904242
urn:gleaner.io:eco:iedadata:data:abf118109bb6bc13e48fe40762c395a8486cebc5,https://gleaner.io/xid/genid/da5dh5ojo11s73fjv5p0,40.6638863,-77.9063721
urn:gleaner.io:eco:iedadata:data:abf118109bb6bc13e48fe40762c395a8486cebc5,https://gleaner.io/xid/genid/da5dh5ojo11s73fjv5og,40.6637476,-77.9052877
urn:gleaner.io:eco:iedadata:data:abf118109bb6bc13e48fe40762c395a8486cebc5,https://gleaner.io/xid/genid/da5dh5ojo11s73fjv5j0,40.6656859,-77.9042552
urn:gleaner.io:eco:iedadata:data:abf118109bb6bc13e48fe40762c395a8486cebc5,https://gleaner.io/xid/genid/da5dh5ojo11s73fjv5i0,40.6655776,-77.9047052
urn:gleaner.io:eco:iedadata:data:abf118109bb6bc13e48fe40762c395a8486cebc5,https://gleaner.io/xid/genid/da5dh5ojo11s73fjv5hg,40.6648406,-77.9047045
urn:gleaner.io:eco:iedadata:data:abf118109bb6bc13e48fe40762c395a8486cebc5,https://gleaner.io/xid/genid/da5dh5ojo11s73fjv5h0,40.6644664,-77.9062619
urn:gleaner.io:eco:iedadata:data:abf118109bb6bc13e48fe40762c395a8486cebc5,https://gleaner.io/xid/genid/da5dh5ojo11s73fjv5g0,40.6641887,-77.9063285
urn:gleaner.io:eco:iedadata:data:acf16436801f36b0981198158c7408a6a26abdbc,https://gleaner.io/xid/genid/da5dh68jo11s73fjvlv0,40.6643896,-77.9056832
urn:gleaner.io:eco:iedadata:data:acf16436801f36b0981198158c7408a6a26abdbc,https://gleaner.io/xid/genid/da5dh68jo11s73fjvmc0,40.6653323,-77.9044012
urn:gleaner.io:eco:iedadata:data:acf16436801f36b0981198158c7408a6a26abdbc,https://gleaner.io/xid/genid/da5dh68jo11s73fjvm90,40.6656859,-77.9042552
urn:gleaner.io:eco:iedadata:data:acf16436801f36b0981198158c7408a6a26abdbc,https://gleaner.io/xid/genid/da5dh68jo11s73fjvm7g,40.6644664,-77.9062619
urn:gleaner.io:eco:iedadata:data:acf16436801f36b0981198158c7408a6a26abdbc,https://gleaner.io/xid/genid/da5dh68jo11s73fjvm6g,40.6640168,-77.9056064
urn:gleaner.io:eco:iedadata:data:acf16436801f36b0981198158c7408a6a26abdbc,https://gleaner.io/xid/genid/da5dh68jo11s73fjvm60,40.6655776,-77.9047052
urn:gleaner.io:eco:iedadata:data:acf16436801f36b0981198158c7408a6a26abdbc,https://gleaner.io/xid/genid/da5dh68jo11s73fjvm0g,40.6648406,-77.9047045
urn:gleaner.io:eco:iedadata:data:acf16436801f36b0981198158c7408a6a26abdbc,https://gleaner.io/xid/genid/da5dh68jo11s73fjvm00,40.6648238,-77.904242
urn:gleaner.io:eco:iedadata:data:acf16436801f36b0981198158c7408a6a26abdbc,https://gleaner.io/xid/genid/da5dh68jo11s73fjvm50,40.6653246,-77.9047653
urn:gleaner.io:eco:iedadata:data:acf16436801f36b0981198158c7408a6a26abdbc,https://gleaner.io/xid/genid/da5dh68jo11s73fjvlug,40.6641887,-77.9063285
urn:gleaner.io:eco:iedadata:data:acf16436801f36b0981198158c7408a6a26abdbc,https://gleaner.io/xid/genid/da5dh68jo11s73fjvltg,40.6637476,-77.9052877
urn:gleaner.io:eco:iedadata:data:acf16436801f36b0981198158c7408a6a26abdbc,https://gleaner.io/xid/genid/da5dh68jo11s73fjvls0,40.6638863,-77.9063721
urn:gleaner.io:eco:iedadata:data:b0ba1da2a924c0435ee91ef7baedc0d1ab48b4dd,https://gleaner.io/xid/genid/da5dh7ojo11s73fk248g,40.6646233,-77.9063289
urn:gleaner.io:eco:iedadata:data:b0ba1da2a924c0435ee91ef7baedc0d1ab48b4dd,https://gleaner.io/xid/genid/da5dh7ojo11s73fk24l0,40.6647688,-77.904123
urn:gleaner.io:eco:iedadata:data:b0ba1da2a924c0435ee91ef7baedc0d1ab48b4dd,https://gleaner.io/xid/genid/da5dh7ojo11s73fk24k0,40.6648488,-77.9072458
urn:gleaner.io:eco:iedadata:data:b0ba1da2a924c0435ee91ef7baedc0d1ab48b4dd,https://gleaner.io/xid/genid/da5dh7ojo11s73fk24jg,40.6644439,-77.9057117
urn:gleaner.io:eco:iedadata:data:b0ba1da2a924c0435ee91ef7baedc0d1ab48b4dd,https://gleaner.io/xid/genid/da5dh7ojo11s73fk24ig,40.664467,-77.9050253
urn:gleaner.io:eco:iedadata:data:b0ba1da2a924c0435ee91ef7baedc0d1ab48b4dd,https://gleaner.io/xid/genid/da5dh7ojo11s73fk24i0,40.664761,-77.9069969
urn:gleaner.io:eco:iedadata:data:b0ba1da2a924c0435ee91ef7baedc0d1ab48b4dd,https://gleaner.io/xid/genid/da5dh7ojo11s73fk249g,40.6647109,-77.9069217
urn:gleaner.io:eco:iedadata:data:b0ba1da2a924c0435ee91ef7baedc0d1ab48b4dd,https://gleaner.io/xid/genid/da5dh7ojo11s73fk24j0,40.664476,-77.90517
urn:gleaner.io:eco:iedadata:data:bcb54b8383c09ea4ac7fed0ef571eecf792adb6c,https://gleaner.io/xid/genid/da5dhdojo11s73fk8k50,40.6646233,-77.9063289
urn:gleaner.io:eco:iedadata:data:bcb54b8383c09ea4ac7fed0ef571eecf792adb6c,https://gleaner.io/xid/genid/da5dhdojo11s73fk8k6g,40.6647355,-77.907172
urn:gleaner.io:eco:iedadata:data:bcb54b8383c09ea4ac7fed0ef571eecf792adb6c,https://gleaner.io/xid/genid/da5dhdojo11s73fk8jv0,40.6648488,-77.9072458
urn:gleaner.io:eco:iedadata:data:bcb54b8383c09ea4ac7fed0ef571eecf792adb6c,https://gleaner.io/xid/genid/da5dhdojo11s73fk8js0,40.664476,-77.90517
urn:gleaner.io:eco:iedadata:data:bcb54b8383c09ea4ac7fed0ef571eecf792adb6c,https://gleaner.io/xid/genid/da5dhdojo11s73fk8jsg,40.6647688,-77.904123
urn:gleaner.io:eco:iedadata:data:bcb54b8383c09ea4ac7fed0ef571eecf792adb6c,https://gleaner.io/xid/genid/da5dhdojo11s73fk8jr0,40.664467,-77.9050253
urn:gleaner.io:eco:iedadata:data:ca98aff2a1a065c90d4ddccc7eec37a1ef297643,https://gleaner.io/xid/genid/da5dhk8jo11s73fki990,40.6638666666667,-77.9063333333333
urn:gleaner.io:eco:iedadata:data:ca98aff2a1a065c90d4ddccc7eec37a1ef297643,https://gleaner.io/xid/genid/da5dhk8jo11s73fki9fg,40.6637333333333,-77.9053833333333
urn:gleaner.io:eco:iedadata:data:ca98aff2a1a065c90d4ddccc7eec37a1ef297643,https://gleaner.io/xid/genid/da5dhk8jo11s73fki9gg,40.6643333333333,-77.9055833333333
urn:gleaner.io:eco:iedadata:data:ca98aff2a1a065c90d4ddccc7eec37a1ef297643,https://gleaner.io/xid/genid/da5dhk8jo11s73fki9hg,40.6642666666667,-77.9062833333333
urn:gleaner.io:eco:iedadata:data:ca98aff2a1a065c90d4ddccc7eec37a1ef297643,https://gleaner.io/xid/genid/da5dhk8jo11s73fki9i0,40.6639166666667,-77.9057833333333
urn:gleaner.io:eco:iedadata:data:ca98aff2a1a065c90d4ddccc7eec37a1ef297643,https://gleaner.io/xid/genid/da5dhk8jo11s73fki9ig,40.6641,-77.9063166666667
urn:gleaner.io:eco:iedadata:data:cde55ed8432190f9e5498eec954d78ae46bddaeb,https://gleaner.io/xid/genid/da5dhlgjo11s73fkk930,40.6637476,-77.9052877
urn:gleaner.io:eco:iedadata:data:cde55ed8432190f9e5498eec954d78ae46bddaeb,https://gleaner.io/xid/genid/da5dhlgjo11s73fkk96g,40.6641887,-77.9063285
urn:gleaner.io:eco:iedadata:data:cde55ed8432190f9e5498eec954d78ae46bddaeb,https://gleaner.io/xid/genid/da5dhlgjo11s73fkk97g,40.6638863,-77.9063721
urn:gleaner.io:eco:iedadata:data:cde55ed8432190f9e5498eec954d78ae46bddaeb,https://gleaner.io/xid/genid/da5dhlgjo11s73fkk98g,40.6643896,-77.9056832
urn:gleaner.io:eco:iedadata:data:cde55ed8432190f9e5498eec954d78ae46bddaeb,https://gleaner.io/xid/genid/da5dhlgjo11s73fkk990,40.6644664,-77.9062619
urn:gleaner.io:eco:iedadata:data:cde55ed8432190f9e5498eec954d78ae46bddaeb,https://gleaner.io/xid/genid/da5dhlgjo11s73fkk9fg,40.6640168,-77.9056064
urn:gleaner.io:eco:iedadata:data:e33c469fcd200da24fcb1987fc34b4a6fdb7a066,https://gleaner.io/xid/genid/da5dht0jo11s73fkssvg,40.6644474,-77.9056298
urn:gleaner.io:eco:iedadata:data:e33c469fcd200da24fcb1987fc34b4a6fdb7a066,https://gleaner.io/xid/genid/da5dht0jo11s73fkst1g,40.6647643,-77.9040381
urn:gleaner.io:eco:iedadata:data:e33c469fcd200da24fcb1987fc34b4a6fdb7a066,https://gleaner.io/xid/genid/da5dht0jo11s73fkst2g,40.664841,-77.9072532
urn:gleaner.io:eco:iedadata:data:e3ac0925c877851d99fdba08fe16dd43483b3e76,https://gleaner.io/xid/genid/da5dht8jo11s73fksv8g,40.664761,-77.9069969
urn:gleaner.io:eco:iedadata:data:e3ac0925c877851d99fdba08fe16dd43483b3e76,https://gleaner.io/xid/genid/da5dht8jo11s73fksvag,40.6648488,-77.9072458
urn:gleaner.io:eco:iedadata:data:e6d6c91e1fef8d5694421d3bdd54ea2baf76158b,https://gleaner.io/xid/genid/da5dhvojo11s73fl09f0,34.7535,-83.4925
urn:gleaner.io:eco:iedadata:data:e6d6c91e1fef8d5694421d3bdd54ea2baf76158b,https://gleaner.io/xid/genid/da5dhvojo11s73fl093g,40.67217,-74.40889
urn:gleaner.io:eco:iedadata:data:e6d6c91e1fef8d5694421d3bdd54ea2baf76158b,https://gleaner.io/xid/genid/da5dhvojo11s73fl09fg,35.758,-79.04639
urn:gleaner.io:eco:iedadata:data:e6d6c91e1fef8d5694421d3bdd54ea2baf76158b,https://gleaner.io/xid/genid/da5dhvojo11s73fl09g0,35.83517,-79.01333
urn:gleaner.io:eco:iedadata:data:e6d6c91e1fef8d5694421d3bdd54ea2baf76158b,https://gleaner.io/xid/genid/da5dhvojo11s73fl09gg,34.64217,-80.51722
urn:gleaner.io:eco:iedadata:data:e6d6c91e1fef8d5694421d3bdd54ea2baf76158b,https://gleaner.io/xid/genid/da5dhvojo11s73fl09h0,31.12778,7.346111
urn:gleaner.io:eco:iedadata:data:e6d6c91e1fef8d5694421d3bdd54ea2baf76158b,https://gleaner.io/xid/genid/da5dhvojo11s73fl09hg,35.06917,-79.84389
urn:gleaner.io:eco:iedadata:data:e6d6c91e1fef8d5694421d3bdd54ea2baf76158b,https://gleaner.io/xid/genid/da5dhvojo11s73fl09ig,40.30883,-75.84806
urn:gleaner.io:eco:iedadata:data:e6d6c91e1fef8d5694421d3bdd54ea2baf76158b,https://gleaner.io/xid/genid/da5dhvojo11s73fl09j0,40.64167,-74.57306
urn:gleaner.io:eco:iedadata:data:e6d6c91e1fef8d5694421d3bdd54ea2baf76158b,https://gleaner.io/xid/genid/da5dhvojo11s73fl094g,40.81717,-74.32917
urn:gleaner.io:eco:iedadata:data:e6d6c91e1fef8d5694421d3bdd54ea2baf76158b,https://gleaner.io/xid/genid/da5dhvojo11s73fl092g,36.10783,-78.76722
urn:gleaner.io:eco:iedadata:data:e6d6c91e1fef8d5694421d3bdd54ea2baf76158b,https://gleaner.io/xid/genid/da5dhvojo11s73fl091g,37.2907,-78.46056
urn:gleaner.io:eco:iedadata:data:e6d6c91e1fef8d5694421d3bdd54ea2baf76158b,https://gleaner.io/xid/genid/da5dhvojo11s73fl0910,35.108,-79.80417
urn:gleaner.io:eco:iedadata:data:e6d6c91e1fef8d5694421d3bdd54ea2baf76158b,https://gleaner.io/xid/genid/da5dhvojo11s73fl090g,34.2045,-81.05361
urn:gleaner.io:eco:iedadata:data:e6d6c91e1fef8d5694421d3bdd54ea2baf76158b,https://gleaner.io/xid/genid/da5dhvojo11s73fl08u0,34.65133,-80.51694
urn:gleaner.io:eco:iedadata:data:e6d6c91e1fef8d5694421d3bdd54ea2baf76158b,https://gleaner.io/xid/genid/da5dhvojo11s73fl08t0,34.93567,-79.82083
urn:gleaner.io:eco:iedadata:data:e6d6c91e1fef8d5694421d3bdd54ea2baf76158b,https://gleaner.io/xid/genid/da5dhvojo11s73fl09eg,34.6545,-82.03222
